country,year,clean,fossil,gas_and_other_fossil,hydro_bioenergy_and_other_renewables,renewables,wind_and_solar,total_generation,net_imports
Afghanistan,2000,0.31,0.17,0.17,0.31,0.31,0,0.48,0.09
Afghanistan,2001,0.5,0.19,0.15,0.5,0.5,0,0.69,0.09
Afghanistan,2002,0.56,0.15,0.11,0.56,0.56,0,0.71,0.1
Afghanistan,2003,0.63,0.28,0.19,0.63,0.63,0,0.91,0.1
Afghanistan,2004,0.56,0.23,0.17,0.56,0.56,0,0.79,0.1
Afghanistan,2005,0.59,0.23,0.17,0.59,0.59,0,0.82,0.1
Afghanistan,2006,0.64,0.26,0.11,0.64,0.64,0,0.9,0.43
Afghanistan,2007,0.75,0.26,0.11,0.75,0.75,0,1.01,0.61
Afghanistan,2008,0.54,0.24,0.11,0.54,0.54,0,0.78,0.75
Afghanistan,2009,0.78,0.11,0.05,0.78,0.78,0,0.89,1.15
Afghanistan,2010,0.75,0.13,0.07,0.75,0.75,0,0.88,1.87
Afghanistan,2011,0.6,0.17,0.07,0.6,0.6,0,0.77,2.73
Afghanistan,2012,0.74,0.14,0.07,0.71,0.74,0.03,0.88,3.07
Afghanistan,2013,0.89,0.22,0.1,0.86,0.89,0.03,1.11,3.62
Afghanistan,2014,1,0.16,0.05,0.97,1,0.03,1.16,3.71
Afghanistan,2015,1.03,0.15,0.05,1,1.03,0.03,1.18,3.78
Afghanistan,2016,1.06,0.15,0.06,1.02,1.06,0.04,1.21,4.33
Afghanistan,2017,1.09,0.17,0.06,1.05,1.09,0.04,1.26,4.61
Afghanistan,2018,0.97,0.2,0.08,0.93,0.97,0.04,1.17,4.99
Afghanistan,2019,1.28,0.18,0.1,1.22,1.28,0.06,1.46,4.91
Afghanistan,2020,1.06,0.12,0.1,0.99,1.06,0.07,1.18,5.15
Afghanistan,2021,0.93,0.13,0.1,0.85,0.93,0.08,1.06,5.7
Afghanistan,2022,0.83,0.13,0.1,0.74,0.83,0.09,0.96,5.88
Afghanistan,2023,0.84,0.13,0.1,0.75,0.84,0.09,0.97,6.22
Afghanistan,2024,0.86,0.13,0.1,0.75,0.86,0.11,0.99,5.83
Africa,2000,90.5,350.57,139.05,77.32,77.49,0.17,441.07,NA
Africa,2001,94.02,365.43,148.71,82.88,83.3,0.42,459.45,NA
Africa,2002,100.02,387.68,162.92,87.57,88.03,0.46,487.7,NA
Africa,2003,98.54,410.61,172.85,85.33,85.88,0.55,509.15,NA
Africa,2004,104.38,435.76,187.1,90.23,91.01,0.78,540.14,NA
Africa,2005,105.24,455.51,204.11,93.15,93.95,0.8,560.75,NA
Africa,2006,108.01,478.79,220.3,97.1,97.98,0.88,586.8,NA
Africa,2007,111.82,498.41,233.37,99.46,100.5,1.04,610.23,NA
Africa,2008,115.5,506.19,246.32,101.15,102.5,1.35,621.69,NA
Africa,2009,119.41,505.17,255.01,104.93,106.6,1.67,624.58,NA
Africa,2010,129.79,542.71,283.05,113.77,116.26,2.49,672.5,NA
Africa,2011,132.18,556.59,293.82,116.36,119.28,2.92,688.77,NA
Africa,2012,135.38,590.16,332.39,118.93,122.41,3.48,725.54,NA
Africa,2013,141.55,599.45,345.85,123.05,127.44,4.39,741,NA
Africa,2014,151.15,617,361.82,130.33,137.36,7.03,768.15,NA
Africa,2015,154.34,635.78,381.09,129.87,142.1,12.23,790.12,NA
Africa,2016,159.77,646.12,389.44,128.81,144.74,15.93,805.89,NA
Africa,2017,168.98,656.73,399.61,134.57,154.79,20.22,825.71,NA
Africa,2018,179.62,676.22,411.16,144.71,168.04,23.33,855.84,NA
Africa,2019,193.48,682.57,418.39,149.16,180.23,31.07,876.05,NA
Africa,2020,201.96,659.22,407.45,156.38,192.06,35.68,861.18,NA
Africa,2021,219.05,686.8,438.06,163.63,206.7,43.07,905.85,NA
Africa,2022,231.15,692.11,451,171.94,221.05,49.11,923.26,NA
Africa,2023,236.26,694.72,463.09,170.5,228.16,57.66,930.98,NA
Africa,2024,247.65,717.7,472.09,175.56,239.85,64.29,965.35,NA
Africa,2025,271.44,726.33,488.61,189.49,261.23,71.74,997.77,NA
Algeria,2000,0.05,25.35,25.35,0.05,0.05,0,25.4,-0.07
Algeria,2001,0.07,26.55,26.55,0.07,0.07,0,26.62,-0.05
Algeria,2002,0.06,27.59,27.59,0.06,0.06,0,27.65,-0.02
Algeria,2003,0.26,29.31,29.31,0.26,0.26,0,29.57,0.01
Algeria,2004,0.25,31,31,0.25,0.25,0,31.25,0.01
Algeria,2005,0.55,33.36,33.36,0.55,0.55,0,33.91,0.08
Algeria,2006,0.22,35.01,35.01,0.22,0.22,0,35.23,0.08
Algeria,2007,0.22,36.97,36.97,0.22,0.22,0,37.19,0.01
Algeria,2008,0.28,39.95,39.95,0.28,0.28,0,40.23,-0.05
Algeria,2009,0.3,38.2,38.2,0.3,0.3,0,38.5,-0.03
Algeria,2010,0.17,45.56,45.56,0.17,0.17,0,45.73,-0.07
Algeria,2011,0.5,50.72,50.72,0.5,0.5,0,51.22,-0.14
Algeria,2012,0.62,56.78,56.78,0.62,0.62,0,57.4,-0.05
Algeria,2013,0.33,59.56,59.56,0.33,0.33,0,59.89,-0.09
Algeria,2014,0.25,64.02,64.02,0.25,0.25,0,64.27,-0.19
Algeria,2015,0.22,68.62,68.62,0.14,0.22,0.08,68.84,-0.03
Algeria,2016,0.34,70.7,70.7,0.22,0.34,0.12,71.04,-0.25
Algeria,2017,0.64,75.43,75.43,0.06,0.64,0.58,76.07,-0.34
Algeria,2018,0.82,75.93,75.93,0.12,0.82,0.7,76.75,-0.09
Algeria,2019,0.87,80.74,80.74,0.15,0.87,0.72,81.61,-0.14
Algeria,2020,0.88,78.49,78.49,0.05,0.88,0.83,79.37,-0.06
Algeria,2021,0.81,84.79,84.79,0.01,0.81,0.8,85.6,-1.15
Algeria,2022,0.86,90.61,90.61,0.02,0.86,0.84,91.47,-2.57
Algeria,2023,0.91,94.97,94.97,0.02,0.91,0.89,95.88,-2.44
Algeria,2024,1.03,95.33,95.33,0.02,1.03,1.01,96.36,-2.52
American Samoa,2000,0,0.17,0.17,0,0,0,0.17,0
American Samoa,2001,0,0.17,0.17,0,0,0,0.17,0
American Samoa,2002,0,0.18,0.18,0,0,0,0.18,0
American Samoa,2003,0,0.19,0.19,0,0,0,0.19,0
American Samoa,2004,0,0.19,0.19,0,0,0,0.19,0
American Samoa,2005,0,0.19,0.19,0,0,0,0.19,0
American Samoa,2006,0,0.19,0.19,0,0,0,0.19,0
American Samoa,2007,0,0.19,0.19,0,0,0,0.19,0
American Samoa,2008,0,0.19,0.19,0,0,0,0.19,0
American Samoa,2009,0,0.18,0.18,0,0,0,0.18,0
American Samoa,2010,0,0.16,0.16,0,0,0,0.16,0
American Samoa,2011,0,0.16,0.16,0,0,0,0.16,0
American Samoa,2012,0,0.16,0.16,0,0,0,0.16,0
American Samoa,2013,0,0.15,0.15,0,0,0,0.15,0
American Samoa,2014,0,0.15,0.15,0,0,0,0.15,0
American Samoa,2015,0,0.16,0.16,0,0,0,0.16,0
American Samoa,2016,0,0.17,0.17,0,0,0,0.17,0
American Samoa,2017,0,0.16,0.16,0,0,0,0.16,0
American Samoa,2018,0,0.16,0.16,0,0,0,0.16,0
American Samoa,2019,0,0.16,0.16,0,0,0,0.16,0
American Samoa,2020,0,0.17,0.17,0,0,0,0.17,0
American Samoa,2021,0,0.17,0.17,0,0,0,0.17,0
American Samoa,2022,0.01,0.17,0.17,0,0.01,0.01,0.18,0
American Samoa,2023,0,0.17,0.17,0,0,0,0.17,0
American Samoa,2024,0.01,0.17,0.17,0,0.01,0.01,0.18,0
Angola,2000,0.91,0.53,0.53,0.91,0.91,0,1.44,0
Angola,2001,1.02,0.62,0.62,1.02,1.02,0,1.64,0
Angola,2002,1.14,0.62,0.62,1.14,1.14,0,1.76,0
Angola,2003,1.24,0.75,0.75,1.24,1.24,0,1.99,0
Angola,2004,1.75,0.49,0.49,1.75,1.75,0,2.24,0
Angola,2005,2.22,0.41,0.41,2.22,2.22,0,2.63,0
Angola,2006,2.54,0.44,0.44,2.54,2.54,0,2.98,0
Angola,2007,2.49,0.75,0.75,2.49,2.49,0,3.24,0
Angola,2008,3.15,0.9,0.9,3.15,3.15,0,4.05,0
Angola,2009,3.27,1.64,1.64,3.27,3.27,0,4.91,0
Angola,2010,3.71,1.75,1.75,3.7,3.71,0.01,5.46,0
Angola,2011,4.02,1.64,1.64,4.01,4.02,0.01,5.66,0
Angola,2012,5.48,2.24,2.24,5.47,5.48,0.01,7.72,0
Angola,2013,4.73,3.42,3.42,4.72,4.73,0.01,8.15,0
Angola,2014,5.05,4.51,4.51,5.03,5.05,0.02,9.56,0
Angola,2015,5.34,4.44,4.44,5.32,5.34,0.02,9.78,0
Angola,2016,6.43,4.55,4.55,6.41,6.43,0.02,10.98,0
Angola,2017,7.72,3.09,3.09,7.7,7.72,0.02,10.81,0
Angola,2018,10.44,2.7,2.7,10.42,10.44,0.02,13.14,0
Angola,2019,11.58,4.24,4.24,11.56,11.58,0.02,15.82,0
Angola,2020,12.71,4.1,4.1,12.69,12.71,0.02,16.81,0
Angola,2021,12.71,4.14,4.14,12.69,12.71,0.02,16.85,0
Angola,2022,13.08,4.23,4.23,12.69,13.08,0.39,17.31,0
Angola,2023,11.66,4.09,4.09,11.27,11.66,0.39,15.75,0
Angola,2024,11.49,4.1,4.1,11.05,11.49,0.44,15.59,0
Antigua and Barbuda,2000,0,0.15,0.15,0,0,0,0.15,0
Antigua and Barbuda,2001,0,0.17,0.17,0,0,0,0.17,0
Antigua and Barbuda,2002,0,0.19,0.19,0,0,0,0.19,0
Antigua and Barbuda,2003,0,0.21,0.21,0,0,0,0.21,0
Antigua and Barbuda,2004,0,0.22,0.22,0,0,0,0.22,0
Antigua and Barbuda,2005,0,0.24,0.24,0,0,0,0.24,0
Antigua and Barbuda,2006,0,0.26,0.26,0,0,0,0.26,0
Antigua and Barbuda,2007,0,0.29,0.29,0,0,0,0.29,0
Antigua and Barbuda,2008,0,0.3,0.3,0,0,0,0.3,0
Antigua and Barbuda,2009,0,0.33,0.33,0,0,0,0.33,0
Antigua and Barbuda,2010,0,0.33,0.33,0,0,0,0.33,0
Antigua and Barbuda,2011,0,0.33,0.33,0,0,0,0.33,0
Antigua and Barbuda,2012,0,0.33,0.33,0,0,0,0.33,0
Antigua and Barbuda,2013,0,0.33,0.33,0,0,0,0.33,0
Antigua and Barbuda,2014,0,0.34,0.34,0,0,0,0.34,0
Antigua and Barbuda,2015,0.01,0.34,0.34,0,0.01,0.01,0.35,0
Antigua and Barbuda,2016,0,0.34,0.34,0,0,0,0.34,0
Antigua and Barbuda,2017,0.01,0.34,0.34,0,0.01,0.01,0.35,0
Antigua and Barbuda,2018,0.01,0.35,0.35,0,0.01,0.01,0.36,0
Antigua and Barbuda,2019,0.01,0.35,0.35,0,0.01,0.01,0.36,0
Antigua and Barbuda,2020,0.02,0.33,0.33,0,0.02,0.02,0.35,0
Antigua and Barbuda,2021,0.02,0.33,0.33,0,0.02,0.02,0.35,0
Antigua and Barbuda,2022,0.02,0.34,0.34,0,0.02,0.02,0.36,0
Antigua and Barbuda,2023,0.02,0.34,0.34,0,0.02,0.02,0.36,0
Antigua and Barbuda,2024,0.03,0.34,0.34,0,0.03,0.03,0.37,0
Argentina,2000,35.18,53.8,52.02,28.97,29,0.03,88.98,1.22
Argentina,2001,44.05,46.09,44.73,36.94,36.99,0.05,90.14,1.75
Argentina,2002,42.2,42.39,41.58,36.31,36.38,0.07,84.59,5.92
Argentina,2003,42.33,49.74,48.8,34.68,34.76,0.08,92.07,5.03
Argentina,2004,39.27,60.99,59.31,31.33,31.4,0.07,100.26,3.47
Argentina,2005,42.08,63.67,61.49,35.14,35.21,0.07,105.75,3.88
Argentina,2006,46.86,66.57,64.58,39.07,39.14,0.07,113.43,2.36
Argentina,2007,39.6,73.92,71.58,32.29,32.35,0.06,113.52,7.6
Argentina,2008,39.84,82.07,80.13,32.41,32.45,0.04,121.91,5.48
Argentina,2009,44.03,78.29,76.54,35.81,35.85,0.04,122.32,6.16
Argentina,2010,41.98,84.02,81.01,34.74,34.77,0.03,126,8.6
Argentina,2011,39.01,90.48,87.57,32.58,32.61,0.03,129.49,9.67
Argentina,2012,37.39,98.63,95.99,30.61,30.99,0.38,136.02,7.61
Argentina,2013,40.98,98.47,96.09,34.3,34.77,0.47,139.45,8.06
Argentina,2014,40.05,98.49,95.95,33.9,34.54,0.64,138.54,9.86
Argentina,2015,41.47,103.95,101.56,33.83,34.43,0.6,145.42,8.96
Argentina,2016,39.77,107.41,105.48,30.93,31.49,0.56,147.18,9.52
Argentina,2017,39.77,105.84,103.83,33.05,33.68,0.63,145.61,10.46
Argentina,2018,42.09,104.69,102.66,33.7,35.22,1.52,146.78,9.56
Argentina,2019,43.22,96.31,95.14,28.98,34.78,5.8,139.53,10.69
Argentina,2020,46.63,98.01,96.37,25.87,36.62,10.75,144.64,4.71
Argentina,2021,47.21,105.94,103.56,21.9,37.04,15.14,153.15,2.5
Argentina,2022,49.74,95.87,93.53,25.17,42.27,17.1,145.61,12.88
Argentina,2023,60.61,87.95,86.12,33.89,51.65,17.76,148.56,15.34
Argentina,2024,62.89,89.62,88.31,32.3,52.44,20.14,152.51,9.17
Argentina,2025,63.72,89.41,88.07,29.2,52.96,23.76,153.13,9.3
Armenia,2000,3.09,2.69,2.69,1.25,1.25,0,5.78,-0.46
Armenia,2001,2.95,2.79,2.79,0.96,0.96,0,5.74,-0.37
Armenia,2002,3.73,1.58,1.58,1.64,1.64,0,5.31,-0.35
Armenia,2003,3.78,1.52,1.52,1.96,1.96,0,5.3,-0.28
Armenia,2004,4.18,1.61,1.61,1.98,1.98,0,5.79,-0.75
Armenia,2005,4.25,1.83,1.83,1.75,1.75,0,6.08,-0.78
Armenia,2006,4.23,1.48,1.48,1.81,1.81,0,5.71,-0.31
Armenia,2007,4.18,1.49,1.49,1.83,1.83,0,5.67,0.1
Armenia,2008,4.05,1.85,1.85,1.78,1.78,0,5.9,-0.02
Armenia,2009,4.29,1.15,1.15,2,2,0,5.44,-0.04
Armenia,2010,4.83,1.44,1.44,2.53,2.54,0.01,6.27,-0.78
Armenia,2011,4.82,2.39,2.39,2.46,2.46,0,7.21,-1.33
Armenia,2012,4.42,3.4,3.4,2.3,2.3,0,7.82,-1.6
Armenia,2013,4.32,3.17,3.17,2.15,2.15,0,7.49,-1.16
Armenia,2014,4.24,3.29,3.29,1.97,1.97,0,7.53,-1.11
Armenia,2015,4.75,2.8,2.8,2.18,2.18,0,7.55,-1.25
Armenia,2016,4.52,2.58,2.58,2.33,2.33,0,7.1,-0.95
Armenia,2017,4.66,2.87,2.87,2.25,2.25,0,7.53,-1.12
Armenia,2018,4.21,3.38,3.38,2.29,2.31,0.02,7.59,-1.42
Armenia,2019,4.44,3.05,3.05,2.35,2.41,0.06,7.49,-0.96
Armenia,2020,4.47,3.17,3.17,1.78,1.92,0.14,7.64,-1.01
Armenia,2021,4.34,3.38,3.38,2.2,2.49,0.29,7.72,-0.63
Armenia,2022,6,3.88,3.88,2.85,3.37,0.52,9.88,-1.45
Armenia,2023,4.93,3.72,3.72,1.65,2.42,0.77,8.65,-1.14
Armenia,2024,5.51,3.52,3.52,2,2.88,0.88,9.03,-1.39
Armenia,2025,5.31,3.31,3.31,1.9,2.63,0.73,8.62,-1.59
Aruba,2000,0,0.78,0.78,0,0,0,0.78,0
Aruba,2001,0,0.81,0.81,0,0,0,0.81,0
Aruba,2002,0,0.82,0.82,0,0,0,0.82,0
Aruba,2003,0,0.84,0.84,0,0,0,0.84,0
Aruba,2004,0,0.87,0.87,0,0,0,0.87,0
Aruba,2005,0,0.91,0.91,0,0,0,0.91,0
Aruba,2006,0,0.91,0.91,0,0,0,0.91,0
Aruba,2007,0,0.94,0.94,0,0,0,0.94,0
Aruba,2008,0,0.91,0.91,0,0,0,0.91,0
Aruba,2009,0.03,0.92,0.92,0,0.03,0.03,0.95,0
Aruba,2010,0.11,0.83,0.83,0,0.11,0.11,0.94,0
Aruba,2011,0.11,0.82,0.82,0,0.11,0.11,0.93,0
Aruba,2012,0.14,0.78,0.78,0,0.14,0.14,0.92,0
Aruba,2013,0.15,0.79,0.79,0,0.15,0.15,0.94,0
Aruba,2014,0.16,0.78,0.78,0,0.16,0.16,0.94,0
Aruba,2015,0.18,0.79,0.79,0,0.18,0.18,0.97,0
Aruba,2016,0.14,0.8,0.8,0,0.14,0.14,0.94,0
Aruba,2017,0.14,0.83,0.83,0,0.14,0.14,0.97,0
Aruba,2018,0.16,0.81,0.81,0,0.16,0.16,0.97,0
Aruba,2019,0.17,0.82,0.82,0,0.17,0.17,0.99,0
Aruba,2020,0.17,0.82,0.82,0,0.17,0.17,0.99,0
Aruba,2021,0.17,0.83,0.83,0,0.17,0.17,1,0
Aruba,2022,0.17,0.83,0.83,0,0.17,0.17,1,0
Aruba,2023,0.17,0.83,0.83,0,0.17,0.17,1,0
Aruba,2024,0.17,0.83,0.83,0,0.17,0.17,1,0
ASEAN,2000,73.23,305.53,229.5,73.23,73.23,0,378.76,NA
ASEAN,2001,77.19,327.9,241.64,77.19,77.19,0,405.09,NA
ASEAN,2002,76.53,356.66,263.23,76.53,76.53,0,433.19,NA
ASEAN,2003,76.39,381.91,279.9,76.39,76.39,0,458.3,NA
ASEAN,2004,77.95,418.66,303.65,77.95,77.95,0,496.61,NA
ASEAN,2005,79.19,443.49,318.96,79.17,79.19,0.02,522.68,NA
ASEAN,2006,86.26,460.91,322.83,86.17,86.26,0.09,547.17,NA
ASEAN,2007,90.82,488.16,332.46,90.72,90.82,0.1,578.98,NA
ASEAN,2008,99.61,504.35,352.32,99.51,99.61,0.1,603.96,NA
ASEAN,2009,104.29,520.28,357.49,104.18,104.29,0.11,624.57,NA
ASEAN,2010,113.22,573.64,386.15,113.05,113.22,0.17,686.86,NA
ASEAN,2011,134.69,582.38,371.2,134.46,134.69,0.23,717.07,NA
ASEAN,2012,152.37,624.2,381.51,151.71,152.37,0.66,776.57,NA
ASEAN,2013,166.14,650.6,393.5,164.22,166.14,1.92,816.74,NA
ASEAN,2014,172.44,691.53,408.99,169.61,172.44,2.83,863.97,NA
ASEAN,2015,166.77,740.46,419.32,162.73,166.77,4.04,907.23,NA
ASEAN,2016,194.63,774.71,410.44,187.93,194.63,6.7,969.34,NA
ASEAN,2017,236.08,771.81,388.1,227.23,236.08,8.85,1007.89,NA
ASEAN,2018,250.9,820.11,386.12,240.65,250.9,10.25,1071.01,NA
ASEAN,2019,235.03,887.16,403.85,215.91,235.03,19.12,1122.19,NA
ASEAN,2020,258.5,855.13,349.36,232.7,258.5,25.8,1113.63,NA
ASEAN,2021,298.49,858.4,353.55,253.63,298.49,44.86,1156.89,NA
ASEAN,2022,342.8,878.82,370.47,291.9,342.8,50.9,1221.62,NA
ASEAN,2023,332.98,939.65,384.7,277.27,332.98,55.71,1272.63,NA
ASEAN,2024,349.94,1002.17,398.57,290.43,349.94,59.51,1352.11,NA
ASEAN,2025,369.15,1000.71,390.3,303.06,369.15,66.09,1369.86,NA
Asia,2000,1073.49,3125.79,1086.94,569.5,572.18,2.68,4199.28,NA
Asia,2001,1134.32,3251.7,1074.76,622.2,625.83,3.63,4386.02,NA
Asia,2002,1161.08,3513.09,1126.37,635.67,639.8,4.13,4674.17,NA
Asia,2003,1131.2,3891.13,1192.87,661.94,667.45,5.51,5022.33,NA
Asia,2004,1302.69,4187.85,1239.29,761.35,770.76,9.41,5490.54,NA
Asia,2005,1372.21,4524.86,1255.19,804.85,816.69,11.84,5897.07,NA
Asia,2006,1466.12,4911.46,1279.85,877.83,895.77,17.94,6377.58,NA
Asia,2007,1504.84,5422.41,1355.93,934.33,957.73,23.4,6927.25,NA
Asia,2008,1655.26,5561.07,1372.47,1089.43,1124.1,34.67,7216.33,NA
Asia,2009,1673.77,5767.14,1332.86,1065.03,1117.98,52.95,7440.91,NA
Asia,2010,1880.35,6287.77,1455.27,1214.52,1295.09,80.57,8168.12,NA
Asia,2011,1829.21,6960.51,1605.5,1228.64,1343.82,115.18,8789.72,NA
Asia,2012,1906.57,7303.53,1732.71,1406.07,1558.98,152.91,9210.1,NA
Asia,2013,2052.43,7701.43,1691.67,1500.18,1706.03,205.85,9753.86,NA
Asia,2014,2310.34,7969.96,1706.77,1676.16,1936.78,260.62,10280.3,NA
Asia,2015,2476.81,7897.69,1709.29,1735.62,2054.47,318.85,10374.5,NA
Asia,2016,2698.56,8226.2,1821.81,1796.99,2228.52,431.53,10924.76,NA
Asia,2017,2949.85,8613.71,1797.55,1869.3,2453.87,584.57,11563.56,NA
Asia,2018,3243.29,9099.15,1807.29,1945.11,2687.75,742.64,12342.44,NA
Asia,2019,3542.92,9188.25,1772.68,2038.4,2894.09,855.69,12731.17,NA
Asia,2020,3787.11,9140.86,1746.57,2135.25,3129.05,993.8,12927.97,NA
Asia,2021,4205.15,9750.73,1814.14,2180.79,3490.6,1309.81,13955.88,NA
Asia,2022,4575.41,9925.55,1831.78,2257.93,3834.67,1576.74,14500.96,NA
Asia,2023,4864.98,10361.29,1820.04,2165.7,4078.32,1912.62,15226.27,NA
Asia,2024,5497.06,10604.55,1870.21,2347.33,4678.44,2331.11,16101.61,NA
Asia,2025,6201.08,10502.31,1856.11,2422.72,5350.07,2927.35,16703.39,NA
Australia,2000,17.54,199.29,19.03,17.36,17.54,0.18,216.83,0
Australia,2001,17.26,207,27.12,16.92,17.26,0.34,224.26,0
Australia,2002,17.95,205.54,33.68,17.36,17.95,0.59,223.49,0
Australia,2003,18.66,207.29,33.68,17.9,18.66,0.76,225.95,0
Australia,2004,19.38,209.85,30.89,18.51,19.38,0.87,229.23,0
Australia,2005,20.72,210.02,27.04,19.34,20.72,1.38,230.74,0
Australia,2006,21.14,216.85,31.09,18.88,21.14,2.26,237.99,0
Australia,2007,20.29,222.9,37.41,17.33,20.29,2.96,243.19,0
Australia,2008,19.12,226.26,42.02,15.52,19.12,3.6,245.38,0
Australia,2009,20.16,229.74,47.72,15.43,20.16,4.73,249.9,0
Australia,2010,22.16,228.81,52.79,16.19,22.16,5.97,250.97,0
Australia,2011,30.61,225.67,53.69,22.14,30.61,8.47,256.28,0
Australia,2012,30.27,220.39,55.01,20.14,30.27,10.13,250.66,0
Australia,2013,35.53,214.03,58.58,22.42,35.53,13.11,249.56,0
Australia,2014,32.76,214.89,59.66,18.03,32.76,14.73,247.65,0
Australia,2015,35.8,218.19,55.99,17.77,35.8,18.03,253.99,0
Australia,2016,41.74,216.49,54.13,21.26,41.74,20.48,258.23,0
Australia,2017,39.19,219.78,60.61,17.06,39.19,22.13,258.97,0
Australia,2018,49.49,213.14,56.58,20.9,49.49,28.59,262.63,0
Australia,2019,55.26,210.64,60.8,17.49,55.26,37.77,265.9,0
Australia,2020,64.28,200.87,57.94,17.83,64.28,46.45,265.15,0
Australia,2021,77.27,190.18,52.78,19.28,77.27,57.99,267.45,0
Australia,2022,87.44,185.48,56.27,19.85,87.44,67.59,272.92,0
Australia,2023,95.07,178.04,52.43,18.21,95.07,76.86,273.11,0
Australia,2024,98.79,182.85,55.52,15.84,98.79,82.95,281.64,0
Australia,2025,110.97,175.73,53.41,15.26,110.97,95.71,286.7,0
Austria,2000,43.44,16.2,10.48,43.37,43.44,0.07,59.64,-1.37
Austria,2001,42.24,18.74,11.85,42.13,42.24,0.11,60.98,0.22
Austria,2002,41.9,18.73,12.12,41.75,41.9,0.15,60.63,0.7
Austria,2003,35.24,22.73,14.29,34.86,35.24,0.38,57.97,5.61
Austria,2004,39.62,22.23,14.32,38.67,39.62,0.95,61.85,3.08
Austria,2005,40.88,23.49,16.32,39.53,40.88,1.35,64.37,2.62
Austria,2006,40.66,21.55,14.18,38.89,40.66,1.77,62.21,6.34
Austria,2007,43.17,19.66,13.06,41.11,43.17,2.06,62.83,6.02
Austria,2008,44.53,19.85,14.32,42.49,44.53,2.04,64.38,4.86
Austria,2009,47.18,19.03,15.27,45.18,47.18,2,66.21,0.78
Austria,2010,44.99,22.83,17.91,42.84,44.99,2.15,67.82,2.44
Austria,2011,40.91,21.29,15.86,38.8,40.91,2.11,62.2,8.2
Austria,2012,51.33,17.32,12.93,48.53,51.33,2.8,68.65,2.8
Austria,2013,50.5,14.05,9.84,46.72,50.5,3.78,64.55,7.27
Austria,2014,50.2,11.35,8.41,45.56,50.2,4.64,61.55,9.27
Austria,2015,47.59,14.19,11.24,41.81,47.59,5.78,61.78,10.06
Austria,2016,51.08,13.79,11.75,44.75,51.08,6.33,64.87,7.16
Austria,2017,51.05,16.04,14.28,43.21,51.05,7.84,67.09,6.55
Austria,2018,50.06,14.61,12.8,42.57,50.06,7.49,64.67,8.95
Austria,2019,54.64,16.05,14.55,45.49,54.64,9.15,70.69,3.13
Austria,2020,55.42,13.61,13.05,46.59,55.42,8.83,69.03,2.2
Austria,2021,52.75,13.92,13.92,43.23,52.75,9.52,66.67,7.54
Austria,2022,50.41,14.06,14.06,39.38,50.41,11.03,64.47,8.7
Austria,2023,60.16,10.82,10.82,45.23,60.16,14.93,70.98,-0.07
Austria,2024,67.66,10.81,10.81,50.38,67.66,17.28,78.47,-6.78
Austria,2025,61.21,12.07,12.07,42.59,61.21,18.62,73.28,4.11
Azerbaijan,2000,1.52,17.16,17.16,1.52,1.52,0,18.68,0.49
Azerbaijan,2001,1.29,17.67,17.67,1.29,1.29,0,18.96,0.68
Azerbaijan,2002,2,16.68,16.68,2,2,0,18.68,1.45
Azerbaijan,2003,2.44,18.82,18.82,2.44,2.44,0,21.26,1.57
Azerbaijan,2004,2.73,18.99,18.99,2.73,2.73,0,21.72,1.37
Azerbaijan,2005,2.98,19.86,19.86,2.98,2.98,0,22.84,1.2
Azerbaijan,2006,2.49,22.02,22.02,2.49,2.49,0,24.51,0.89
Azerbaijan,2007,2.34,19.48,19.48,2.34,2.34,0,21.82,-0.24
Azerbaijan,2008,2.21,19.41,19.41,2.21,2.21,0,21.62,-0.6
Azerbaijan,2009,2.29,16.56,16.56,2.29,2.29,0,18.85,-0.27
Azerbaijan,2010,3.41,15.26,15.26,3.41,3.41,0,18.67,-0.36
Azerbaijan,2011,2.65,17.62,17.62,2.65,2.65,0,20.27,-0.68
Azerbaijan,2012,1.8,21.17,21.17,1.8,1.8,0,22.97,-0.54
Azerbaijan,2013,1.56,21.69,21.69,1.56,1.56,0,23.25,-0.37
Azerbaijan,2014,1.37,23.26,23.26,1.37,1.37,0,24.63,-0.37
Azerbaijan,2015,1.71,22.86,22.86,1.71,1.71,0,24.57,-0.16
Azerbaijan,2016,2.09,22.76,22.76,2.03,2.09,0.06,24.85,-0.98
Azerbaijan,2017,1.88,22.34,22.34,1.82,1.88,0.06,24.22,-1.17
Azerbaijan,2018,1.95,23.18,23.18,1.83,1.95,0.12,25.13,-1.31
Azerbaijan,2019,1.79,24.16,24.16,1.65,1.79,0.14,25.95,-1.35
Azerbaijan,2020,1.32,24.43,24.43,1.17,1.32,0.15,25.75,-1.01
Azerbaijan,2021,1.52,26.27,26.27,1.38,1.52,0.14,27.79,-1.52
Azerbaijan,2022,1.84,27.1,27.1,1.7,1.84,0.14,28.94,-2.86
Azerbaijan,2023,1.9,27.19,27.19,1.75,1.9,0.15,29.09,-3.03
Azerbaijan,2024,3.27,24.57,24.57,3.1,3.27,0.17,27.84,-1.23
Azerbaijan,2025,2.72,24.74,24.74,2.63,2.72,0.09,27.46,-1.05
Bahamas (the),2000,0,1.7,1.7,0,0,0,1.7,0
Bahamas (the),2001,0,1.77,1.77,0,0,0,1.77,0
Bahamas (the),2002,0,1.89,1.89,0,0,0,1.89,0
Bahamas (the),2003,0,2,2,0,0,0,2,0
Bahamas (the),2004,0,1.98,1.98,0,0,0,1.98,0
Bahamas (the),2005,0,2.09,2.09,0,0,0,2.09,0
Bahamas (the),2006,0,2.12,2.12,0,0,0,2.12,0
Bahamas (the),2007,0,2.25,2.25,0,0,0,2.25,0
Bahamas (the),2008,0,2.25,2.25,0,0,0,2.25,0
Bahamas (the),2009,0,2.14,2.14,0,0,0,2.14,0
Bahamas (the),2010,0,2.01,2.01,0,0,0,2.01,0
Bahamas (the),2011,0,2.05,2.05,0,0,0,2.05,0
Bahamas (the),2012,0,1.9,1.9,0,0,0,1.9,0
Bahamas (the),2013,0,1.88,1.88,0,0,0,1.88,0
Bahamas (the),2014,0,1.92,1.92,0,0,0,1.92,0
Bahamas (the),2015,0,2,2,0,0,0,2,0
Bahamas (the),2016,0,1.97,1.97,0,0,0,1.97,0
Bahamas (the),2017,0,1.99,1.99,0,0,0,1.99,0
Bahamas (the),2018,0,2,2,0,0,0,2,0
Bahamas (the),2019,0,2.01,2.01,0,0,0,2.01,0
Bahamas (the),2020,0.01,2.02,2.02,0,0.01,0.01,2.03,0
Bahamas (the),2021,0.01,2.03,2.03,0,0.01,0.01,2.04,0
Bahamas (the),2022,0.02,2.03,2.03,0,0.02,0.02,2.05,0
Bahamas (the),2023,0.02,2.19,2.19,0,0.02,0.02,2.21,0
Bahamas (the),2024,0.02,2.23,2.23,0,0.02,0.02,2.25,0
Bahrain,2000,0,13.86,13.86,0,0,0,13.86,0
Bahrain,2001,0,14.62,14.62,0,0,0,14.62,0
Bahrain,2002,0,15.26,15.26,0,0,0,15.26,0
Bahrain,2003,0,15.7,15.7,0,0,0,15.7,0
Bahrain,2004,0,16.15,16.15,0,0,0,16.15,0
Bahrain,2005,0,19.37,19.37,0,0,0,19.37,0
Bahrain,2006,0,21.04,21.04,0,0,0,21.04,0
Bahrain,2007,0,21.72,21.72,0,0,0,21.72,0.01
Bahrain,2008,0,22.82,22.82,0,0,0,22.82,-0.19
Bahrain,2009,0,22.56,22.56,0,0,0,22.56,0.17
Bahrain,2010,0,23.82,23.82,0,0,0,23.82,0.17
Bahrain,2011,0,24.34,24.34,0,0,0,24.34,0.12
Bahrain,2012,0,24.77,24.77,0,0,0,24.77,-0.16
Bahrain,2013,0,25.91,25.91,0,0,0,25.91,0.02
Bahrain,2014,0.01,27.25,27.25,0,0.01,0.01,27.26,0
Bahrain,2015,0.01,28.48,28.48,0,0.01,0.01,28.49,-0.01
Bahrain,2016,0.01,28.51,28.51,0,0.01,0.01,28.52,-0.02
Bahrain,2017,0.01,29.22,29.22,0,0.01,0.01,29.23,0.04
Bahrain,2018,0.01,29.54,29.54,0,0.01,0.01,29.55,0.2
Bahrain,2019,0.02,33.09,33.09,0,0.02,0.02,33.11,0.08
Bahrain,2020,0.02,33.36,33.36,0,0.02,0.02,33.38,-0.22
Bahrain,2021,0.04,33.87,33.87,0,0.04,0.04,33.91,0.02
Bahrain,2022,0.08,35.6,35.6,0,0.08,0.08,35.68,0.03
Bahrain,2023,0.09,37.38,37.38,0,0.09,0.09,37.47,0.48
Bahrain,2024,0.1,37.85,37.85,0,0.1,0.1,37.95,0.49
Bangladesh,2000,0.94,15,15,0.94,0.94,0,15.94,0
Bangladesh,2001,0.98,16.4,16.4,0.98,0.98,0,17.38,0
Bangladesh,2002,1.05,17.9,17.9,1.05,1.05,0,18.95,0
Bangladesh,2003,1.12,18.95,18.95,1.12,1.12,0,20.07,0
Bangladesh,2004,1.21,23.92,23.92,1.21,1.21,0,25.13,0
Bangladesh,2005,1.28,25.68,25.52,1.28,1.28,0,26.96,0
Bangladesh,2006,1.39,28.77,28.49,1.38,1.39,0.01,30.16,0
Bangladesh,2007,0.76,30.23,29.49,0.74,0.76,0.02,30.99,0
Bangladesh,2008,0.96,33.27,32.17,0.94,0.96,0.02,34.23,0
Bangladesh,2009,0.47,36.76,35.67,0.44,0.47,0.03,37.23,0
Bangladesh,2010,0.83,40.03,39.26,0.76,0.83,0.07,40.86,0
Bangladesh,2011,0.98,43.24,42.41,0.92,0.98,0.06,44.22,0
Bangladesh,2012,0.91,47.71,46.77,0.82,0.91,0.09,48.62,0
Bangladesh,2013,1.07,52.27,51.04,0.94,1.07,0.13,53.34,0
Bangladesh,2014,0.78,55.27,54.17,0.62,0.78,0.16,56.05,2.27
Bangladesh,2015,0.8,58.49,57.49,0.59,0.8,0.21,59.29,3.38
Bangladesh,2016,1.24,67.85,66.82,1.01,1.24,0.23,69.09,3.82
Bangladesh,2017,1.29,72.16,71.13,1.03,1.29,0.26,73.45,4.66
Bangladesh,2018,1.4,77.75,75.96,1.08,1.4,0.32,79.15,4.78
Bangladesh,2019,1.19,83.92,82.62,0.81,1.19,0.38,85.11,6.79
Bangladesh,2020,1.25,84.21,81.06,0.78,1.25,0.47,85.46,6.67
Bangladesh,2021,1.35,94.3,89,0.73,1.35,0.62,95.65,8.1
Bangladesh,2022,1.59,100.66,95,0.71,1.59,0.88,102.25,7.71
Bangladesh,2023,1.72,99.01,88.32,0.65,1.72,1.07,100.73,10.43
Bangladesh,2024,1.92,99.82,79.53,0.7,1.92,1.22,101.74,10
Bangladesh,2025,2.21,101.19,78.95,0.65,2.21,1.56,103.4,14.66
Barbados,2000,0,0.79,0.79,0,0,0,0.79,0
Barbados,2001,0,0.83,0.83,0,0,0,0.83,0
Barbados,2002,0,0.86,0.86,0,0,0,0.86,0
Barbados,2003,0,0.87,0.87,0,0,0,0.87,0
Barbados,2004,0,0.89,0.89,0,0,0,0.89,0
Barbados,2005,0,0.99,0.99,0,0,0,0.99,0
Barbados,2006,0,1.02,1.02,0,0,0,1.02,0
Barbados,2007,0,1.05,1.05,0,0,0,1.05,0
Barbados,2008,0,1.05,1.05,0,0,0,1.05,0
Barbados,2009,0,1.07,1.07,0,0,0,1.07,0
Barbados,2010,0,1.03,1.03,0,0,0,1.03,0
Barbados,2011,0,1.04,1.04,0,0,0,1.04,0
Barbados,2012,0,1.13,1.13,0,0,0,1.13,0
Barbados,2013,0,1.01,1.01,0,0,0,1.01,0
Barbados,2014,0.01,1.02,1.02,0,0.01,0.01,1.03,0
Barbados,2015,0.01,1.03,1.03,0,0.01,0.01,1.04,0
Barbados,2016,0.02,1.03,1.03,0,0.02,0.02,1.05,0
Barbados,2017,0.03,1.01,1.01,0,0.03,0.03,1.04,0
Barbados,2018,0.03,1.01,1.01,0,0.03,0.03,1.04,0
Barbados,2019,0.04,1.02,1.02,0,0.04,0.04,1.06,0
Barbados,2020,0.07,0.99,0.99,0,0.07,0.07,1.06,0
Barbados,2021,0.08,0.98,0.98,0,0.08,0.08,1.06,0
Barbados,2022,0.08,1.01,1.01,0,0.08,0.08,1.09,0
Barbados,2023,0.09,1.01,1.01,0,0.09,0.09,1.1,0
Barbados,2024,0.1,1.01,1.01,0,0.1,0.1,1.11,0
Belarus,2000,0.03,26.07,26.07,0.03,0.03,0,26.1,7.21
Belarus,2001,0.03,25.04,25.04,0.03,0.03,0,25.07,8.27
Belarus,2002,0.03,26.43,26.43,0.03,0.03,0,26.46,6.55
Belarus,2003,0.03,26.6,26.6,0.03,0.03,0,26.63,6.83
Belarus,2004,0.03,31.17,31.17,0.03,0.03,0,31.2,3.25
Belarus,2005,0.04,30.92,30.92,0.04,0.04,0,30.96,4.04
Belarus,2006,0.04,31.77,31.77,0.04,0.04,0,31.81,4.36
Belarus,2007,0.05,31.78,31.77,0.05,0.05,0,31.83,4.34
Belarus,2008,0.07,34.98,34.97,0.07,0.07,0,35.05,1.84
Belarus,2009,0.11,30.26,30.25,0.11,0.11,0,30.37,4.47
Belarus,2010,0.14,34.76,34.73,0.14,0.14,0,34.9,2.7
Belarus,2011,0.14,32.05,32.03,0.14,0.14,0,32.19,5.59
Belarus,2012,0.21,30.6,30.58,0.2,0.21,0.01,30.81,7.6
Belarus,2013,0.3,31.21,31.19,0.29,0.3,0.01,31.51,6.37
Belarus,2014,0.29,34.45,34.42,0.28,0.29,0.01,34.74,3.32
Belarus,2015,0.34,33.75,33.71,0.3,0.34,0.04,34.09,2.62
Belarus,2016,0.43,33.14,33.11,0.32,0.43,0.11,33.57,3.02
Belarus,2017,0.78,33.73,33.7,0.59,0.78,0.19,34.51,2.59
Belarus,2018,0.81,38.18,38.15,0.53,0.81,0.28,38.99,-0.99
Belarus,2019,1.04,39.42,39.39,0.68,1.04,0.36,40.46,-2.34
Belarus,2020,1.69,36.85,36.82,0.98,1.35,0.37,38.54,-0.5
Belarus,2021,7.05,34.2,34.17,0.92,1.27,0.35,41.25,-0.3
Belarus,2022,5.94,31.24,31.21,0.87,1.26,0.39,37.18,-0.7
Belarus,2023,13.07,28.67,28.65,0.92,1.34,0.42,41.74,-0.31
Belarus,2024,17.1,28.72,28.7,0.95,1.41,0.46,45.82,-0.6
Belarus,2025,18.65,27.17,27.15,1.27,1.68,0.41,45.82,-0.9
Belgium,2000,49.21,33.58,20.66,1.03,1.05,0.02,82.79,4.33
Belgium,2001,47.43,31.2,21.26,1.04,1.08,0.04,78.63,9.11
Belgium,2002,48.5,32.44,22.41,1.08,1.14,0.06,80.94,7.59
Belgium,2003,48.58,34.99,25.35,1.11,1.2,0.09,83.57,6.41
Belgium,2004,48.81,34.1,24.95,1.36,1.5,0.14,82.91,7.78
Belgium,2005,49.71,34.67,26.47,1.88,2.11,0.23,84.38,6.3
Belgium,2006,49.61,33.73,26.88,2.59,2.96,0.37,83.34,10.16
Belgium,2007,51.72,35.09,28.62,2.99,3.49,0.5,86.81,6.78
Belgium,2008,49.99,33.07,27.52,3.74,4.42,0.68,83.06,10.6
Belgium,2009,52.66,37.1,31.92,4.28,5.44,1.16,89.76,-1.84
Belgium,2010,54.51,38.53,34.33,4.69,6.57,1.88,93.04,0.55
Belgium,2011,56.59,32.69,29.21,4.83,8.36,3.53,89.28,2.54
Belgium,2012,50.8,30.71,27.32,5.6,10.51,4.91,81.51,9.94
Belgium,2013,54.36,27.59,24.58,5.41,11.72,6.31,81.95,9.64
Belgium,2014,45.91,25.29,23.2,4.7,12.21,7.51,71.2,17.6
Belgium,2015,40.54,27.89,25.82,5.81,14.44,8.63,68.43,21
Belgium,2016,57.77,26.54,26.15,5.73,14.25,8.52,84.31,6.18
Belgium,2017,58.03,27.31,27.31,5.97,15.8,9.83,85.34,6.02
Belgium,2018,45.76,28.11,28.11,5.69,17.16,11.47,73.87,17.33
Belgium,2019,62.97,29.72,29.72,5.45,19.45,14,92.69,-1.85
Belgium,2020,57.88,30.41,30.41,5.53,23.45,17.92,88.29,-0.33
Belgium,2021,73.08,26.32,26.32,5.13,22.75,17.62,99.4,-7.88
Belgium,2022,68.31,26.02,26.02,5.2,24.43,19.23,94.33,-7.53
Belgium,2023,60.39,21.74,21.74,4.19,27.46,23.27,82.13,1.64
Belgium,2024,57.84,17.98,17.98,4.16,26.59,22.43,75.82,10.34
Belgium,2025,53.43,13.45,13.45,5.47,29.32,23.85,66.88,13.4
Belize,2000,0.09,0.04,0.04,0.09,0.09,0,0.13,0
Belize,2001,0.09,0.04,0.04,0.09,0.09,0,0.13,0.16
Belize,2002,0.09,0.05,0.05,0.09,0.09,0,0.14,0.18
Belize,2003,0.06,0.1,0.1,0.06,0.06,0,0.16,0.19
Belize,2004,0.06,0.08,0.08,0.06,0.06,0,0.14,0.24
Belize,2005,0.07,0.09,0.09,0.07,0.07,0,0.16,0.25
Belize,2006,0.18,0.03,0.03,0.18,0.18,0,0.21,0.21
Belize,2007,0.18,0.04,0.04,0.18,0.18,0,0.22,0.22
Belize,2008,0.2,0.01,0.01,0.2,0.2,0,0.21,0.25
Belize,2009,0.19,0.05,0.05,0.19,0.19,0,0.24,0.22
Belize,2010,0.37,0.05,0.05,0.37,0.37,0,0.42,0.16
Belize,2011,0.31,0.02,0.02,0.31,0.31,0,0.33,0.17
Belize,2012,0.35,0.03,0.03,0.35,0.35,0,0.38,0.24
Belize,2013,0.35,0.02,0.02,0.35,0.35,0,0.37,0.23
Belize,2014,0.33,0.03,0.03,0.33,0.33,0,0.36,0.23
Belize,2015,0.33,0.03,0.03,0.33,0.33,0,0.36,0.25
Belize,2016,0.36,0.02,0.02,0.36,0.36,0,0.38,0.24
Belize,2017,0.38,0.02,0.02,0.38,0.38,0,0.4,0.23
Belize,2018,0.38,0.03,0.03,0.38,0.38,0,0.41,0.23
Belize,2019,0.45,0.07,0.07,0.44,0.45,0.01,0.52,0.38
Belize,2020,0.39,0.05,0.05,0.38,0.39,0.01,0.44,0.27
Belize,2021,0.31,0.05,0.05,0.3,0.31,0.01,0.36,0.28
Belize,2022,0.41,0.06,0.06,0.4,0.41,0.01,0.47,0.28
Belize,2023,0.4,0.05,0.05,0.39,0.4,0.01,0.45,0.28
Belize,2024,0.41,0.06,0.06,0.4,0.41,0.01,0.47,0.38
Benin,2000,0,0.08,0.08,0,0,0,0.08,0.37
Benin,2001,0,0.06,0.06,0,0,0,0.06,0.46
Benin,2002,0,0.06,0.06,0,0,0,0.06,0.53
Benin,2003,0,0.08,0.08,0,0,0,0.08,0.51
Benin,2004,0,0.08,0.08,0,0,0,0.08,0.58
Benin,2005,0,0.11,0.11,0,0,0,0.11,0.6
Benin,2006,0,0.15,0.15,0,0,0,0.15,0.59
Benin,2007,0,0.22,0.22,0,0,0,0.22,0.58
Benin,2008,0,0.23,0.23,0,0,0,0.23,0.66
Benin,2009,0,0.13,0.13,0,0,0,0.13,0.87
Benin,2010,0,0.11,0.11,0,0,0,0.11,0.94
Benin,2011,0,0.1,0.1,0,0,0,0.1,1
Benin,2012,0,0.05,0.05,0,0,0,0.05,1.07
Benin,2013,0,0.13,0.13,0,0,0,0.13,1.09
Benin,2014,0,0.34,0.34,0,0,0,0.34,1.07
Benin,2015,0,0.32,0.32,0,0,0,0.32,1.05
Benin,2016,0,0.27,0.27,0,0,0,0.27,1.09
Benin,2017,0,0.32,0.32,0,0,0,0.32,1.11
Benin,2018,0,0.19,0.19,0,0,0,0.19,1.29
Benin,2019,0.01,0.53,0.53,0,0.01,0.01,0.54,1.09
Benin,2020,0.01,0.98,0.98,0,0.01,0.01,0.99,0.64
Benin,2021,0.02,1.11,1.11,0,0.02,0.02,1.13,0.69
Benin,2022,0.02,0.97,0.97,0,0.02,0.02,0.99,0.83
Benin,2023,0.03,0.97,0.97,0,0.03,0.03,1,1.29
Benin,2024,0.04,0.97,0.97,0,0.04,0.04,1.01,1.3
Bermuda,2000,0.01,0.59,0.59,0.01,0.01,0,0.6,0
Bermuda,2001,0.01,0.6,0.6,0.01,0.01,0,0.61,0
Bermuda,2002,0.01,0.63,0.63,0.01,0.01,0,0.64,0
Bermuda,2003,0.01,0.65,0.65,0.01,0.01,0,0.66,0
Bermuda,2004,0.01,0.65,0.65,0.01,0.01,0,0.66,0
Bermuda,2005,0.01,0.68,0.68,0.01,0.01,0,0.69,0
Bermuda,2006,0.01,0.7,0.7,0.01,0.01,0,0.71,0
Bermuda,2007,0.01,0.72,0.72,0.01,0.01,0,0.73,0
Bermuda,2008,0.01,0.71,0.71,0.01,0.01,0,0.72,0
Bermuda,2009,0.01,0.73,0.73,0.01,0.01,0,0.74,0
Bermuda,2010,0.01,0.73,0.73,0.01,0.01,0,0.74,0
Bermuda,2011,0.01,0.72,0.72,0.01,0.01,0,0.73,0
Bermuda,2012,0.01,0.69,0.69,0.01,0.01,0,0.7,0
Bermuda,2013,0.01,0.67,0.67,0.01,0.01,0,0.68,0
Bermuda,2014,0.01,0.65,0.65,0.01,0.01,0,0.66,0
Bermuda,2015,0.01,0.66,0.66,0.01,0.01,0,0.67,0
Bermuda,2016,0.01,0.65,0.65,0.01,0.01,0,0.66,0
Bermuda,2017,0.01,0.66,0.66,0.01,0.01,0,0.67,0
Bermuda,2018,0.01,0.63,0.63,0.01,0.01,0,0.64,0
Bermuda,2019,0.01,0.6,0.6,0.01,0.01,0,0.61,0
Bermuda,2020,0.01,0.58,0.58,0.01,0.01,0,0.59,0
Bermuda,2021,0.01,0.58,0.58,0.01,0.01,0,0.59,0
Bermuda,2022,0.01,0.62,0.62,0.01,0.01,0,0.63,0
Bermuda,2023,0.01,0.63,0.63,0.01,0.01,0,0.64,0
Bermuda,2024,0.01,0.6,0.6,0.01,0.01,0,0.61,0
Bhutan,2000,1.79,0,0,1.79,1.79,0,1.79,-1.38
Bhutan,2001,1.92,0,0,1.92,1.92,0,1.92,-1.38
Bhutan,2002,2.18,0,0,2.18,2.18,0,2.18,-1.54
Bhutan,2003,2.5,0,0,2.5,2.5,0,2.5,-1.83
Bhutan,2004,2.33,0,0,2.33,2.33,0,2.33,-1.6
Bhutan,2005,2.62,0,0,2.62,2.62,0,2.62,-1.7
Bhutan,2006,4.47,0,0,4.47,4.47,0,4.47,-2.49
Bhutan,2007,6.49,0,0,6.49,6.49,0,6.49,-5.35
Bhutan,2008,6.89,0,0,6.89,6.89,0,6.89,-5.91
Bhutan,2009,6.93,0,0,6.93,6.93,0,6.93,-5.34
Bhutan,2010,7.26,0,0,7.26,7.26,0,7.26,-5.45
Bhutan,2011,6.97,0,0,6.97,6.97,0,6.97,-5.23
Bhutan,2012,6.74,0,0,6.74,6.74,0,6.74,-4.84
Bhutan,2013,7.53,0,0,7.53,7.53,0,7.53,-5.45
Bhutan,2014,7.15,0,0,7.15,7.15,0,7.15,-4.99
Bhutan,2015,7.73,0,0,7.73,7.73,0,7.73,-5.6
Bhutan,2016,7.88,0,0,7.88,7.88,0,7.88,-5.68
Bhutan,2017,7.65,0,0,7.65,7.65,0,7.65,-5.61
Bhutan,2018,6.89,0,0,6.89,6.89,0,6.89,-4.45
Bhutan,2019,8.65,0,0,8.65,8.65,0,8.65,-6.05
Bhutan,2020,11.37,0,0,11.37,11.37,0,11.37,-5.18
Bhutan,2021,10.82,0,0,10.82,10.82,0,10.82,0.83
Bhutan,2022,10.77,0,0,10.77,10.77,0,10.77,0.83
Bhutan,2023,11.16,0,0,11.16,11.16,0,11.16,0.83
Bhutan,2024,11,0,0,11,11,0,11,1.46
Bolivia,2000,2,1.88,1.88,2,2,0,3.88,0.02
Bolivia,2001,2.16,1.8,1.8,2.16,2.16,0,3.96,0.01
Bolivia,2002,2.23,1.93,1.93,2.23,2.23,0,4.16,0.01
Bolivia,2003,2.02,2.31,2.31,2.02,2.02,0,4.33,0.01
Bolivia,2004,2.19,2.34,2.34,2.19,2.19,0,4.53,0
Bolivia,2005,2,2.89,2.89,2,2,0,4.89,0
Bolivia,2006,2.18,2.82,2.82,2.18,2.18,0,5,0
Bolivia,2007,2.35,3.09,3.09,2.35,2.35,0,5.44,0
Bolivia,2008,2.35,3.57,3.57,2.35,2.35,0,5.92,0
Bolivia,2009,2.35,3.86,3.86,2.35,2.35,0,6.21,0
Bolivia,2010,2.24,4.41,4.41,2.24,2.24,0,6.65,0
Bolivia,2011,2.41,4.68,4.68,2.41,2.41,0,7.09,0
Bolivia,2012,2.41,5,5,2.41,2.41,0,7.41,0
Bolivia,2013,2.64,5.17,5.17,2.64,2.64,0,7.81,0
Bolivia,2014,2.38,5.92,5.92,2.36,2.38,0.02,8.3,0
Bolivia,2015,2.65,6.35,6.35,2.64,2.65,0.01,9,0
Bolivia,2016,1.93,7.37,7.37,1.88,1.93,0.05,9.3,0
Bolivia,2017,2.41,7.18,7.18,2.34,2.41,0.07,9.59,0
Bolivia,2018,2.97,7.07,7.07,2.78,2.97,0.19,10.04,0
Bolivia,2019,3.75,6.62,6.62,3.49,3.75,0.26,10.37,0
Bolivia,2020,3.66,6.61,6.61,3.27,3.66,0.39,10.27,0
Bolivia,2021,4.18,6.69,6.69,3.7,4.18,0.48,10.87,0
Bolivia,2022,4.17,7.5,7.5,3.38,4.17,0.79,11.67,0
Bolivia,2023,4.18,8.37,8.37,3.39,4.18,0.79,12.55,0
Bolivia,2024,4.6,8.93,8.93,3.72,4.6,0.88,13.53,0
Bolivia,2025,4.92,8.71,8.71,4.24,4.92,0.68,13.63,0
Bosnia Herzegovina,2000,5.09,5.34,0.05,5.09,5.09,0,10.43,-1.06
Bosnia Herzegovina,2001,5.18,5.45,0.09,5.18,5.18,0,10.63,-1.09
Bosnia Herzegovina,2002,5.27,5.52,0.14,5.27,5.27,0,10.79,-1.11
Bosnia Herzegovina,2003,4.5,6.77,0.14,4.5,4.5,0,11.27,-0.93
Bosnia Herzegovina,2004,5.98,6.75,0.13,5.98,5.98,0,12.73,-1.95
Bosnia Herzegovina,2005,6,6.6,0.14,6,6,0,12.6,-1.38
Bosnia Herzegovina,2006,5.84,7.45,0.16,5.84,5.84,0,13.29,-2.11
Bosnia Herzegovina,2007,3.99,7.79,0.16,3.99,3.99,0,11.78,-0.6
Bosnia Herzegovina,2008,4.87,9.8,0,4.87,4.87,0,14.67,-1.64
Bosnia Herzegovina,2009,6.24,9.24,0.09,6.24,6.24,0,15.48,-2.99
Bosnia Herzegovina,2010,8.03,8.9,0.1,8.03,8.03,0,16.93,-3.83
Bosnia Herzegovina,2011,4.39,10.68,0.09,4.39,4.39,0,15.07,-1.49
Bosnia Herzegovina,2012,4.15,9.66,0.08,4.15,4.15,0,13.81,-0.04
Bosnia Herzegovina,2013,7.24,10.01,0.08,7.24,7.24,0,17.25,-3.69
Bosnia Herzegovina,2014,5.94,11.09,0.08,5.93,5.94,0.01,17.03,-2.84
Bosnia Herzegovina,2015,5.55,10.88,0.08,5.54,5.55,0.01,16.43,-2.13
Bosnia Herzegovina,2016,5.61,12.1,0.08,5.59,5.61,0.02,17.71,-3.76
Bosnia Herzegovina,2017,3.82,12.42,0.08,3.8,3.82,0.02,16.24,-1.84
Bosnia Herzegovina,2018,6.55,12.52,0.08,6.43,6.55,0.12,19.07,-4.61
Bosnia Herzegovina,2019,6.39,11.03,0.07,6.11,6.39,0.28,17.42,-3.74
Bosnia Herzegovina,2020,4.9,11.89,0.04,4.59,4.9,0.31,16.79,-4.05
Bosnia Herzegovina,2021,7.18,11.23,0.03,6.73,7.18,0.45,18.41,-4.76
Bosnia Herzegovina,2022,5.24,11.11,0.06,4.74,5.24,0.5,16.35,-3.03
Bosnia Herzegovina,2023,7.4,9.78,0.08,6.79,7.4,0.61,17.18,-4.23
Bosnia Herzegovina,2024,6.24,9.28,0.15,5.48,6.24,0.76,15.52,-2.46
Bosnia Herzegovina,2025,6.29,8.23,0.15,5.33,6.29,0.96,14.52,-2.29
Botswana,2000,0,1.14,0.03,0,0,0,1.14,0.97
Botswana,2001,0,1.13,0.02,0,0,0,1.13,1.12
Botswana,2002,0,1.15,0.03,0,0,0,1.15,1.24
Botswana,2003,0,1.04,0.03,0,0,0,1.04,1.61
Botswana,2004,0,0.97,0.05,0,0,0,0.97,1.91
Botswana,2005,0,1.06,0.01,0,0,0,1.06,1.9
Botswana,2006,0,0.99,0.01,0,0,0,0.99,2.05
Botswana,2007,0,0.83,0.01,0,0,0,0.83,2.39
Botswana,2008,0,0.7,0,0,0,0,0.7,2.59
Botswana,2009,0,0.62,0,0,0,0,0.62,2.75
Botswana,2010,0,0.53,0,0,0,0,0.53,2.98
Botswana,2011,0,0.48,0.04,0,0,0,0.48,3.14
Botswana,2012,0,0.35,0.1,0,0,0,0.35,3.27
Botswana,2013,0,0.92,0.16,0,0,0,0.92,2.82
Botswana,2014,0,2.31,0.1,0,0,0,2.31,1.68
Botswana,2015,0,2.97,0.11,0,0,0,2.97,1.47
Botswana,2016,0,2.69,0.01,0,0,0,2.69,1.67
Botswana,2017,0,3.02,0.01,0,0,0,3.02,1.22
Botswana,2018,0.01,3.1,0.01,0,0.01,0.01,3.11,0.71
Botswana,2019,0.01,2.5,0,0,0.01,0.01,2.51,1.01
Botswana,2020,0.01,2.17,0.05,0,0.01,0.01,2.18,2.05
Botswana,2021,0.01,2.48,0.09,0,0.01,0.01,2.49,1.66
Botswana,2022,0.01,2.55,0.1,0,0.01,0.01,2.56,1.8
Botswana,2023,0.01,3.22,0.03,0,0.01,0.01,3.23,1.51
Botswana,2024,0.01,3.42,0.05,0,0.01,0.01,3.43,1.24
Brazil,2000,318.31,30.62,19.69,312.26,312.26,0,348.93,42.99
Brazil,2001,291.21,37.34,26.26,276.9,276.93,0.03,328.55,37.85
Brazil,2002,310.26,35.46,26.34,296.36,296.42,0.06,345.72,36.56
Brazil,2003,330.98,33.41,24.4,317.56,317.62,0.06,364.39,38.19
Brazil,2004,344.99,42.5,32.13,333.32,333.38,0.06,387.49,37.38
Brazil,2005,361.04,42.03,31.35,351.1,351.19,0.09,403.07,39.04
Brazil,2006,377.64,41.81,31.34,363.65,363.89,0.24,419.45,41.16
Brazil,2007,405.09,40.06,29.98,392.08,392.74,0.66,445.15,38.83
Brazil,2008,404.5,58.68,46.72,389.35,390.53,1.18,463.18,42.21
Brazil,2009,428.07,38.1,28.13,413.87,415.11,1.24,466.17,39.98
Brazil,2010,451.93,63.87,52.58,435.23,437.41,2.18,515.8,34.65
Brazil,2011,479.32,52.44,39.84,460.96,463.66,2.7,531.76,35.89
Brazil,2012,472.2,80.3,65.83,451.11,456.16,5.05,552.5,40.26
Brazil,2013,453.99,116.84,94.87,431.96,438.54,6.58,570.83,40.33
Brazil,2014,448.13,142.42,115.52,420.52,432.75,12.23,590.55,33.78
Brazil,2015,446.04,135.18,108.2,409.62,431.31,21.69,581.22,34.42
Brazil,2016,481.68,97.21,71.54,432.24,465.82,33.58,578.89,40.79
Brazil,2017,482.76,106.56,83.71,423.82,467.02,43.2,589.32,36.35
Brazil,2018,510.96,90.43,69.63,443.35,495.29,51.94,601.39,34.98
Brazil,2019,531.57,101.76,80.08,452.8,515.44,62.64,633.33,24.96
Brazil,2020,536.97,91.79,74.04,455.12,522.92,67.8,628.76,24.72
Brazil,2021,522.57,133.83,109.59,418.83,507.87,89.04,656.4,23.1
Brazil,2022,608.45,68.71,54.31,482.13,593.89,111.76,677.16,12.91
Brazil,2023,644.69,63.43,50.12,483.76,630.19,146.43,708.12,15.11
Brazil,2024,667.04,78.68,62.47,471.45,651.26,179.81,745.72,11.59
Brazil,2025,665.84,84.69,67.5,443.75,649.97,206.22,750.53,11.59
Brunei Darussalam,2000,0,2.54,2.54,0,0,0,2.54,0
Brunei Darussalam,2001,0,2.58,2.58,0,0,0,2.58,0
Brunei Darussalam,2002,0,2.71,2.71,0,0,0,2.71,0
Brunei Darussalam,2003,0,3.2,3.2,0,0,0,3.2,0
Brunei Darussalam,2004,0,3.26,3.26,0,0,0,3.26,0
Brunei Darussalam,2005,0,3.26,3.26,0,0,0,3.26,0
Brunei Darussalam,2006,0,3.3,3.3,0,0,0,3.3,0
Brunei Darussalam,2007,0,3.39,3.39,0,0,0,3.39,0
Brunei Darussalam,2008,0,3.42,3.42,0,0,0,3.42,0
Brunei Darussalam,2009,0,3.62,3.62,0,0,0,3.62,0
Brunei Darussalam,2010,0,3.79,3.79,0,0,0,3.79,0
Brunei Darussalam,2011,0,3.73,3.73,0,0,0,3.73,0
Brunei Darussalam,2012,0,3.93,3.93,0,0,0,3.93,0
Brunei Darussalam,2013,0,4.4,4.4,0,0,0,4.4,0
Brunei Darussalam,2014,0,4.5,4.5,0,0,0,4.5,0
Brunei Darussalam,2015,0,4.2,4.2,0,0,0,4.2,0
Brunei Darussalam,2016,0,4.27,4.27,0,0,0,4.27,0
Brunei Darussalam,2017,0,4.16,4.16,0,0,0,4.16,0
Brunei Darussalam,2018,0,4.3,4.3,0,0,0,4.3,0
Brunei Darussalam,2019,0,4.93,4.45,0,0,0,4.93,0
Brunei Darussalam,2020,0,5.74,4.51,0,0,0,5.74,0
Brunei Darussalam,2021,0,5.7,4.46,0,0,0,5.7,0
Brunei Darussalam,2022,0,5.6,4.39,0,0,0,5.6,0
Brunei Darussalam,2023,0,5.6,4.46,0,0,0,5.6,0
Brunei Darussalam,2024,0.01,5.55,4.45,0,0.01,0.01,5.56,0
Bulgaria,2000,20.81,19.78,2.84,2.63,2.63,0,40.59,-4.62
Bulgaria,2001,21.2,22.24,2.74,1.65,1.65,0,43.44,-6.93
Bulgaria,2002,22.34,19.74,2.56,2.12,2.12,0,42.08,-6.3
Bulgaria,2003,20.27,22.01,2.77,2.99,2.99,0,42.28,-5.49
Bulgaria,2004,19.96,21.4,2.5,3.14,3.14,0,41.36,-5.88
Bulgaria,2005,22.95,20.94,2.48,4.3,4.3,0,43.89,-7.58
Bulgaria,2006,23.72,21.72,2.63,4.21,4.23,0.02,45.44,-7.74
Bulgaria,2007,17.52,25.3,2.93,2.83,2.88,0.05,42.82,-4.47
Bulgaria,2008,18.7,25.79,2.61,2.81,2.93,0.12,44.49,-5.34
Bulgaria,2009,18.94,23.37,2.27,3.44,3.68,0.24,42.31,-5.07
Bulgaria,2010,21.01,24.92,2.31,5.07,5.76,0.69,45.93,-8.45
Bulgaria,2011,20.2,29.76,2.23,2.93,3.89,0.96,49.96,-10.66
Bulgaria,2012,21.03,25.43,2.56,3.25,5.25,2,46.46,-8.31
Bulgaria,2013,21.08,21.94,2.55,4.15,6.91,2.76,43.02,-6.18
Bulgaria,2014,23.26,23.66,2.35,4.8,7.39,2.59,46.92,-9.46
Bulgaria,2015,24.13,24.58,2.05,5.92,8.75,2.83,48.71,-10.58
Bulgaria,2016,22.82,21.71,2.34,4.23,7.04,2.81,44.53,-6.37
Bulgaria,2017,21.68,23.16,2.24,3.23,6.13,2.9,44.84,-5.48
Bulgaria,2018,25.51,21,2.34,6.72,9.38,2.66,46.51,-7.81
Bulgaria,2019,24.05,19.67,2.47,4.75,7.49,2.74,43.72,-5.81
Bulgaria,2020,24.1,16.04,2.53,4.52,7.47,2.95,40.14,-3.41
Bulgaria,2021,26.8,20.42,3.33,7.41,10.31,2.9,47.22,-8.78
Bulgaria,2022,26.09,24.19,2.4,6.04,9.63,3.59,50.28,-12.19
Bulgaria,2023,26.21,13.87,2.14,4.95,10.05,5.1,40.08,-3.33
Bulgaria,2024,27.24,11.06,2.3,4.51,11.46,6.95,38.3,-0.99
Bulgaria,2025,27.32,10.66,2.11,4.24,12.47,8.23,37.98,-1.32
Burkina Faso,2000,0.1,0.29,0.29,0.1,0.1,0,0.39,0
Burkina Faso,2001,0.05,0.31,0.31,0.05,0.05,0,0.36,0.07
Burkina Faso,2002,0.06,0.3,0.3,0.06,0.06,0,0.36,0.11
Burkina Faso,2003,0.1,0.35,0.35,0.1,0.1,0,0.45,0.07
Burkina Faso,2004,0.1,0.37,0.37,0.1,0.1,0,0.47,0.1
Burkina Faso,2005,0.1,0.42,0.42,0.1,0.1,0,0.52,0.13
Burkina Faso,2006,0.08,0.47,0.47,0.08,0.08,0,0.55,0.14
Burkina Faso,2007,0.11,0.5,0.5,0.11,0.11,0,0.61,0.12
Burkina Faso,2008,0.13,0.48,0.48,0.13,0.13,0,0.61,0.14
Burkina Faso,2009,0.13,0.57,0.57,0.13,0.13,0,0.7,0.14
Burkina Faso,2010,0.13,0.45,0.45,0.12,0.13,0.01,0.58,0.5
Burkina Faso,2011,0.09,0.45,0.45,0.08,0.09,0.01,0.54,0.51
Burkina Faso,2012,0.11,0.53,0.53,0.1,0.11,0.01,0.64,0.53
Burkina Faso,2013,0.12,0.63,0.63,0.11,0.12,0.01,0.75,0.53
Burkina Faso,2014,0.1,0.78,0.78,0.09,0.1,0.01,0.88,0.49
Burkina Faso,2015,0.1,0.91,0.91,0.09,0.1,0.01,1.01,0.44
Burkina Faso,2016,0.16,0.83,0.83,0.14,0.16,0.02,0.99,0.63
Burkina Faso,2017,0.16,0.96,0.96,0.13,0.16,0.03,1.12,0.65
Burkina Faso,2018,0.27,1.6,1.6,0.18,0.27,0.09,1.87,0.84
Burkina Faso,2019,0.26,1.34,1.34,0.17,0.26,0.09,1.6,1.08
Burkina Faso,2020,0.3,1.29,1.29,0.21,0.3,0.09,1.59,1.43
Burkina Faso,2021,0.31,1.4,1.4,0.22,0.31,0.09,1.71,1.52
Burkina Faso,2022,0.26,1.43,1.43,0.17,0.26,0.09,1.69,1.49
Burkina Faso,2023,0.27,1.42,1.42,0.18,0.27,0.09,1.69,1.58
Burkina Faso,2024,0.29,1.4,1.4,0.18,0.29,0.11,1.69,1.5
Burundi,2000,0.1,0,0,0.1,0.1,0,0.1,0.03
Burundi,2001,0.11,0,0,0.11,0.11,0,0.11,0.04
Burundi,2002,0.13,0,0,0.13,0.13,0,0.13,0.04
Burundi,2003,0.1,0,0,0.1,0.1,0,0.1,0.05
Burundi,2004,0.09,0,0,0.09,0.09,0,0.09,0.06
Burundi,2005,0.09,0,0,0.09,0.09,0,0.09,0.07
Burundi,2006,0.09,0,0,0.09,0.09,0,0.09,0.08
Burundi,2007,0.12,0,0,0.12,0.12,0,0.12,0.08
Burundi,2008,0.11,0,0,0.11,0.11,0,0.11,0.08
Burundi,2009,0.12,0,0,0.12,0.12,0,0.12,0.09
Burundi,2010,0.14,0.02,0.02,0.14,0.14,0,0.16,0.1
Burundi,2011,0.14,0.01,0.01,0.14,0.14,0,0.15,0.1
Burundi,2012,0.15,0,0,0.15,0.15,0,0.15,0.1
Burundi,2013,0.15,0.02,0.02,0.15,0.15,0,0.17,0.1
Burundi,2014,0.15,0.03,0.03,0.15,0.15,0,0.18,0.09
Burundi,2015,0.15,0.03,0.03,0.15,0.15,0,0.18,0.1
Burundi,2016,0.16,0.02,0.02,0.15,0.16,0.01,0.18,0.13
Burundi,2017,0.21,0.07,0.07,0.2,0.21,0.01,0.28,0.09
Burundi,2018,0.25,0.1,0.1,0.25,0.25,0,0.35,0.1
Burundi,2019,0.27,0.12,0.12,0.27,0.27,0,0.39,0.1
Burundi,2020,0.28,0.09,0.09,0.28,0.28,0,0.37,0.09
Burundi,2021,0.27,0.12,0.12,0.27,0.27,0,0.39,0.1
Burundi,2022,0.27,0.12,0.12,0.27,0.27,0,0.39,0.1
Burundi,2023,0.38,0.12,0.12,0.38,0.38,0,0.5,0.1
Burundi,2024,0.37,0.12,0.12,0.37,0.37,0,0.49,0.08
Cabo Verde,2000,0.01,0.14,0.14,0,0.01,0.01,0.15,0
Cabo Verde,2001,0.01,0.16,0.16,0,0.01,0.01,0.17,0
Cabo Verde,2002,0.01,0.18,0.18,0,0.01,0.01,0.19,0
Cabo Verde,2003,0,0.19,0.19,0,0,0,0.19,0
Cabo Verde,2004,0.01,0.21,0.21,0,0.01,0.01,0.22,0
Cabo Verde,2005,0.01,0.23,0.23,0,0.01,0.01,0.24,0
Cabo Verde,2006,0.01,0.24,0.24,0,0.01,0.01,0.25,0
Cabo Verde,2007,0.01,0.26,0.26,0,0.01,0.01,0.27,0
Cabo Verde,2008,0.01,0.28,0.28,0,0.01,0.01,0.29,0
Cabo Verde,2009,0.01,0.3,0.3,0,0.01,0.01,0.31,0
Cabo Verde,2010,0,0.34,0.34,0,0,0,0.34,0
Cabo Verde,2011,0.03,0.34,0.34,0,0.03,0.03,0.37,0
Cabo Verde,2012,0.07,0.31,0.31,0,0.07,0.07,0.38,0
Cabo Verde,2013,0.09,0.32,0.32,0,0.09,0.09,0.41,0
Cabo Verde,2014,0.09,0.34,0.34,0,0.09,0.09,0.43,0
Cabo Verde,2015,0.09,0.34,0.34,0,0.09,0.09,0.43,0
Cabo Verde,2016,0.09,0.36,0.36,0,0.09,0.09,0.45,0
Cabo Verde,2017,0.08,0.35,0.35,0,0.08,0.08,0.43,0
Cabo Verde,2018,0.09,0.34,0.34,0,0.09,0.09,0.43,0
Cabo Verde,2019,0.08,0.36,0.36,0,0.08,0.08,0.44,0
Cabo Verde,2020,0.07,0.35,0.35,0,0.07,0.07,0.42,0
Cabo Verde,2021,0.08,0.35,0.35,0,0.08,0.08,0.43,0
Cabo Verde,2022,0.14,0.36,0.36,0,0.14,0.14,0.5,0
Cabo Verde,2023,0.14,0.36,0.36,0,0.14,0.14,0.5,0
Cabo Verde,2024,0.16,0.36,0.36,0,0.16,0.16,0.52,0
Cambodia,2000,0.03,0.45,0.45,0.03,0.03,0,0.48,0
Cambodia,2001,0.03,0.49,0.49,0.03,0.03,0,0.52,0
Cambodia,2002,0.04,0.53,0.53,0.04,0.04,0,0.57,0.01
Cambodia,2003,0.04,0.6,0.6,0.04,0.04,0,0.64,0.01
Cambodia,2004,0.03,0.71,0.71,0.03,0.03,0,0.74,0.02
Cambodia,2005,0.04,0.84,0.84,0.04,0.04,0,0.88,0.03
Cambodia,2006,0.05,1.03,1.03,0.05,0.05,0,1.08,0.05
Cambodia,2007,0.05,1.29,1.29,0.05,0.05,0,1.34,0.1
Cambodia,2008,0.05,1.43,1.41,0.05,0.05,0,1.48,0.28
Cambodia,2009,0.06,1.18,1.15,0.06,0.06,0,1.24,0.73
Cambodia,2010,0.04,0.93,0.9,0.04,0.04,0,0.97,1.55
Cambodia,2011,0.06,0.96,0.91,0.06,0.06,0,1.02,1.83
Cambodia,2012,0.53,0.9,0.86,0.53,0.53,0,1.43,2.11
Cambodia,2013,1.03,0.75,0.58,1.03,1.03,0,1.78,2.28
Cambodia,2014,1.87,1.19,0.33,1.87,1.87,0,3.06,1.8
Cambodia,2015,2.2,2.29,0.16,2.2,2.2,0,4.49,1.55
Cambodia,2016,2.61,2.87,0.48,2.61,2.61,0,5.48,1.58
Cambodia,2017,2.77,3.86,0.29,2.77,2.77,0,6.63,1.44
Cambodia,2018,4.82,3.36,0.3,4.8,4.82,0.02,8.18,1.57
Cambodia,2019,4.21,4.46,0.73,4.12,4.21,0.09,8.67,3.06
Cambodia,2020,4.15,3.37,0.45,3.86,4.15,0.29,7.52,3.82
Cambodia,2021,5.7,4.01,0.55,5.09,5.7,0.61,9.71,3.39
Cambodia,2022,6.61,3.49,0.35,5.91,6.61,0.7,10.1,4.8
Cambodia,2023,5.73,7.87,0.05,4.91,5.73,0.82,13.6,3.37
Cambodia,2024,5.52,9.96,0.53,4.45,5.52,1.07,15.48,4.52
Cambodia,2025,7.26,10.5,0.45,5.37,7.26,1.89,17.76,4.63
Cameroon,2000,3.41,0.04,0.04,3.41,3.41,0,3.45,0
Cameroon,2001,3.44,0.07,0.07,3.44,3.44,0,3.51,0
Cameroon,2002,3.15,0.12,0.12,3.15,3.15,0,3.27,0
Cameroon,2003,3.49,0.16,0.16,3.49,3.49,0,3.65,0
Cameroon,2004,3.88,0.19,0.19,3.88,3.88,0,4.07,0
Cameroon,2005,3.73,0.23,0.23,3.73,3.73,0,3.96,0
Cameroon,2006,4.49,0.57,0.57,4.49,4.49,0,5.06,0
Cameroon,2007,3.89,1.32,1.32,3.89,3.89,0,5.21,0
Cameroon,2008,4.27,1.37,1.37,4.27,4.27,0,5.64,0
Cameroon,2009,4.05,1.69,1.69,4.05,4.05,0,5.74,0
Cameroon,2010,4.28,1.58,1.58,4.28,4.28,0,5.86,0
Cameroon,2011,4.41,1.47,1.47,4.41,4.41,0,5.88,0
Cameroon,2012,4.27,1.16,1.16,4.27,4.27,0,5.43,1.12
Cameroon,2013,4.4,1.94,1.94,4.4,4.4,0,6.34,0.74
Cameroon,2014,4.41,2.48,2.48,4.4,4.41,0.01,6.89,0.71
Cameroon,2015,4.37,3.59,3.59,4.36,4.37,0.01,7.96,0.02
Cameroon,2016,4.38,2.73,2.73,4.37,4.38,0.01,7.11,0.05
Cameroon,2017,5.1,2.95,2.95,5.08,5.1,0.02,8.05,0.06
Cameroon,2018,5.03,3.51,3.51,5.01,5.03,0.02,8.54,0.05
Cameroon,2019,5.09,3.19,3.19,5.07,5.09,0.02,8.28,0.05
Cameroon,2020,5.29,3.51,3.51,5.27,5.29,0.02,8.8,0.06
Cameroon,2021,5.29,3.12,3.12,5.27,5.29,0.02,8.41,0
Cameroon,2022,5.29,2.86,2.86,5.27,5.29,0.02,8.15,0
Cameroon,2023,5.29,1.93,1.93,5.27,5.29,0.02,7.22,0.06
Cameroon,2024,5.31,1.95,1.95,5.27,5.31,0.04,7.26,0.06
Canada,2000,438.25,165.57,49.34,365.68,365.96,0.28,603.82,-35.83
Canada,2001,417.7,170.06,58.37,341.19,341.54,0.35,587.76,-22.3
Canada,2002,434.75,165.04,54.34,359.32,359.75,0.43,599.79,-21.31
Canada,2003,420.64,167.63,58.07,345.56,346.27,0.71,588.27,-5.74
Canada,2004,438.91,159.59,59.69,348.2,349.15,0.95,598.5,-10.53
Canada,2005,464.11,156.39,53.53,371.12,372.71,1.59,620.5,-23.85
Canada,2006,461.6,146.83,50.91,361.83,364.32,2.49,608.43,-19.11
Canada,2007,472.48,161.71,55.24,376.61,379.65,3.04,634.19,-30.95
Canada,2008,484.65,150.46,49.66,385.47,389.3,3.83,635.11,-32.16
Canada,2009,473.84,140.03,55.31,377.63,384.38,6.75,613.87,-33.62
Canada,2010,460.7,146.33,59.88,361.69,370.67,8.98,607.03,-25.02
Canada,2011,489.63,148.64,68.74,385.93,396.69,10.76,638.27,-36.68
Canada,2012,497.57,138.97,69.62,391.18,403.37,12.19,636.54,-46.75
Canada,2013,518.2,137.49,66.95,402.83,415.48,12.65,655.69,-51.88
Canada,2014,513.78,139.19,69.81,392.3,407.24,14.94,652.97,-45.61
Canada,2015,523.14,137.94,72.98,392.18,422.04,29.86,661.08,-59.53
Canada,2016,531.45,135.68,70.66,396.79,430.73,33.94,667.13,-63.8
Canada,2017,541.16,128.19,65.38,405.74,440.56,34.82,669.35,-62.24
Canada,2018,533.42,127.78,74.76,396.43,433.39,36.96,661.2,-48.2
Canada,2019,529.2,126.5,76.36,392.08,428.71,36.63,655.7,-47.08
Canada,2020,534.3,121.59,82.55,396.96,436.79,39.83,655.89,-57.64
Canada,2021,527.37,125.03,90.2,392.98,435.39,42.41,652.4,-47.29
Canada,2022,539.1,124.98,98.49,407.25,452.47,45.22,664.08,-51.11
Canada,2023,507.88,133.51,109.77,370.54,419.45,48.91,641.39,-27.76
Canada,2024,494.75,142.04,116.9,353.03,409.28,56.25,636.79,-12.43
Canada,2025,502.16,150.27,124.22,355.19,416.84,61.65,652.43,-6.8
Cayman Islands (the),2000,0,0.44,0.44,0,0,0,0.44,0
Cayman Islands (the),2001,0,0.47,0.47,0,0,0,0.47,0
Cayman Islands (the),2002,0,0.48,0.48,0,0,0,0.48,0
Cayman Islands (the),2003,0,0.51,0.51,0,0,0,0.51,0
Cayman Islands (the),2004,0,0.45,0.45,0,0,0,0.45,0
Cayman Islands (the),2005,0,0.48,0.48,0,0,0,0.48,0
Cayman Islands (the),2006,0,0.56,0.56,0,0,0,0.56,0
Cayman Islands (the),2007,0,0.6,0.6,0,0,0,0.6,0
Cayman Islands (the),2008,0,0.62,0.62,0,0,0,0.62,0
Cayman Islands (the),2009,0,0.63,0.63,0,0,0,0.63,0
Cayman Islands (the),2010,0,0.62,0.62,0,0,0,0.62,0
Cayman Islands (the),2011,0,0.63,0.63,0,0,0,0.63,0
Cayman Islands (the),2012,0,0.61,0.61,0,0,0,0.61,0
Cayman Islands (the),2013,0,0.62,0.62,0,0,0,0.62,0
Cayman Islands (the),2014,0,0.62,0.62,0,0,0,0.62,0
Cayman Islands (the),2015,0,0.64,0.64,0,0,0,0.64,0
Cayman Islands (the),2016,0,0.67,0.67,0,0,0,0.67,0
Cayman Islands (the),2017,0.01,0.67,0.67,0,0.01,0.01,0.68,0
Cayman Islands (the),2018,0.01,0.66,0.66,0,0.01,0.01,0.67,0
Cayman Islands (the),2019,0.02,0.7,0.7,0,0.02,0.02,0.72,0
Cayman Islands (the),2020,0.02,0.67,0.67,0,0.02,0.02,0.69,0
Cayman Islands (the),2021,0.02,0.68,0.68,0,0.02,0.02,0.7,0
Cayman Islands (the),2022,0.02,0.68,0.68,0,0.02,0.02,0.7,0
Cayman Islands (the),2023,0.02,0.68,0.68,0,0.02,0.02,0.7,0
Cayman Islands (the),2024,0.03,0.68,0.68,0,0.03,0.03,0.71,0
Central African Republic (the),2000,0.08,0.02,0.02,0.08,0.08,0,0.1,0
Central African Republic (the),2001,0.08,0.03,0.03,0.08,0.08,0,0.11,0
Central African Republic (the),2002,0.08,0.03,0.03,0.08,0.08,0,0.11,0
Central African Republic (the),2003,0.08,0.03,0.03,0.08,0.08,0,0.11,0
Central African Republic (the),2004,0.12,0.03,0.03,0.12,0.12,0,0.15,0
Central African Republic (the),2005,0.13,0.03,0.03,0.13,0.13,0,0.16,0
Central African Republic (the),2006,0.14,0.03,0.03,0.14,0.14,0,0.17,0
Central African Republic (the),2007,0.14,0.02,0.02,0.14,0.14,0,0.16,0
Central African Republic (the),2008,0.14,0.02,0.02,0.14,0.14,0,0.16,0
Central African Republic (the),2009,0.14,0.02,0.02,0.14,0.14,0,0.16,0
Central African Republic (the),2010,0.13,0.03,0.03,0.13,0.13,0,0.16,0
Central African Republic (the),2011,0.15,0.03,0.03,0.15,0.15,0,0.18,0
Central African Republic (the),2012,0.15,0.03,0.03,0.15,0.15,0,0.18,0
Central African Republic (the),2013,0.14,0,0,0.14,0.14,0,0.14,0
Central African Republic (the),2014,0.17,0,0,0.17,0.17,0,0.17,0
Central African Republic (the),2015,0.17,0,0,0.17,0.17,0,0.17,0
Central African Republic (the),2016,0.17,0,0,0.17,0.17,0,0.17,0
Central African Republic (the),2017,0.15,0,0,0.15,0.15,0,0.15,0
Central African Republic (the),2018,0.15,0,0,0.15,0.15,0,0.15,0
Central African Republic (the),2019,0.15,0,0,0.15,0.15,0,0.15,0
Central African Republic (the),2020,0.15,0,0,0.15,0.15,0,0.15,0
Central African Republic (the),2021,0.15,0,0,0.15,0.15,0,0.15,0
Central African Republic (the),2022,0.14,0,0,0.14,0.14,0,0.14,0
Central African Republic (the),2023,0.14,0,0,0.14,0.14,0,0.14,0
Chad,2000,0,0.09,0.09,0,0,0,0.09,0
Chad,2001,0,0.1,0.1,0,0,0,0.1,0
Chad,2002,0,0.1,0.1,0,0,0,0.1,0
Chad,2003,0,0.11,0.11,0,0,0,0.11,0
Chad,2004,0,0.12,0.12,0,0,0,0.12,0
Chad,2005,0,0.12,0.12,0,0,0,0.12,0
Chad,2006,0,0.12,0.12,0,0,0,0.12,0
Chad,2007,0,0.12,0.12,0,0,0,0.12,0
Chad,2008,0,0.14,0.14,0,0,0,0.14,0
Chad,2009,0,0.17,0.17,0,0,0,0.17,0
Chad,2010,0,0.19,0.19,0,0,0,0.19,0
Chad,2011,0,0.2,0.2,0,0,0,0.2,0
Chad,2012,0.01,0.23,0.23,0.01,0.01,0,0.24,0
Chad,2013,0.01,0.27,0.27,0.01,0.01,0,0.28,0
Chad,2014,0.01,0.29,0.29,0.01,0.01,0,0.3,0
Chad,2015,0.01,0.29,0.29,0.01,0.01,0,0.3,0
Chad,2016,0.02,0.29,0.29,0.01,0.02,0.01,0.31,0
Chad,2017,0.02,0.3,0.3,0.01,0.02,0.01,0.32,0
Chad,2018,0.02,0.32,0.32,0.01,0.02,0.01,0.34,0
Chad,2019,0.02,0.33,0.33,0.01,0.02,0.01,0.35,0
Chad,2020,0.02,0.33,0.33,0.01,0.02,0.01,0.35,0
Chad,2021,0.02,0.41,0.41,0.01,0.02,0.01,0.43,0
Chad,2022,0.02,0.37,0.37,0.01,0.02,0.01,0.39,0
Chad,2023,0.02,0.34,0.34,0.01,0.02,0.01,0.36,0
Chad,2024,0.02,0.35,0.35,0.01,0.02,0.01,0.37,0
Chile,2000,20.49,20.63,12.16,20.49,20.49,0,41.12,1.19
Chile,2001,22.87,19.45,14.61,22.86,22.87,0.01,42.32,1.39
Chile,2002,23.99,19.45,14.4,23.98,23.99,0.01,43.44,1.81
Chile,2003,23.28,23.35,18.47,23.27,23.28,0.01,46.63,1.95
Chile,2004,23.8,27.2,19.48,23.79,23.8,0.01,51,1.9
Chile,2005,28.02,24.2,16.99,28.01,28.02,0.01,52.22,2.15
Chile,2006,30.28,24.76,14.16,30.27,30.28,0.01,55.04,2.29
Chile,2007,25.61,32.67,19.41,25.6,25.61,0.01,58.28,1.63
Chile,2008,27.07,32.39,18.28,27.03,27.07,0.04,59.46,1.15
Chile,2009,29.39,30.98,16.08,29.31,29.39,0.08,60.37,1.35
Chile,2010,24.22,36.03,19.16,23.89,24.22,0.33,60.25,0.96
Chile,2011,25.95,39.7,20.08,25.61,25.95,0.34,65.65,0.73
Chile,2012,25.24,44.33,18.99,24.83,25.24,0.41,69.57,0
Chile,2013,26,46.84,16.6,25.44,26,0.56,72.84,0
Chile,2014,30.06,40.11,14.1,28.14,30.06,1.92,70.17,0
Chile,2015,32.36,42.55,14.52,29.01,32.36,3.35,74.91,0
Chile,2016,33.81,45.02,14.76,28.77,33.81,5.04,78.83,0
Chile,2017,34.37,44.56,15.26,27.01,34.37,7.36,78.93,-0.04
Chile,2018,37.5,44.26,14.37,28.8,37.5,8.7,81.76,0
Chile,2019,38.81,45.17,17.04,27.62,38.81,11.19,83.98,0
Chile,2020,40.49,43.09,17.02,27.41,40.49,13.08,83.58,0
Chile,2021,43.07,45.03,18.96,24.89,43.07,18.18,88.1,0
Chile,2022,50.37,40.67,19.15,25.78,50.37,24.59,91.04,0
Chile,2023,56.34,32.89,18.39,28.94,56.34,27.4,89.23,0
Chile,2024,62.07,26.55,12.99,31.45,62.07,30.62,88.62,0
Chile,2025,58.74,29.76,14.04,24.98,58.74,33.76,88.5,0
China,2000,242.3,1113.3,53.04,224.95,225.56,0.61,1355.6,-8.75
China,2001,298.2,1182.59,53.45,279.98,280.73,0.75,1480.79,-8.6
China,2002,316.54,1337.47,54.9,290.52,291.41,0.89,1654.01,-8.4
China,2003,330.62,1579.96,59.99,286.22,287.28,1.06,1910.58,-7.36
China,2004,407.9,1795.41,72.99,356.07,357.43,1.36,2203.31,-6.08
China,2005,457.46,2042.8,62.65,402.34,404.37,2.03,2500.26,-6.18
China,2006,501.56,2364.16,61.74,442.92,446.72,3.8,2865.72,-6.88
China,2007,562.84,2718.7,62,495.12,500.71,5.59,3281.54,-10.31
China,2008,733.47,2762.29,53.38,651.83,665.08,13.25,3495.76,-12.8
China,2009,734.44,2980.2,68.68,636.5,664.39,27.89,3714.64,-11.38
China,2010,861.12,3346.04,112.44,736.28,786.38,50.1,4207.16,-13.51
China,2011,879.58,3833.44,142.57,715.67,792.38,76.71,4713.02,-12.74
China,2012,1097.88,3889.66,141.47,892.92,999.56,106.64,4987.54,-10.78
China,2013,1204.87,4226.76,149.39,946.74,1093.37,146.63,5431.63,-11.23
China,2014,1422.45,4372,168.94,1105.96,1289.23,183.27,5794.45,-11.41
China,2015,1565.04,4249.54,203.37,1168.59,1393.66,225.07,5814.58,-12.44
China,2016,1735.97,4397.19,240.84,1215.4,1522.79,307.39,6133.16,-12.72
China,2017,1915.16,4689.28,259.25,1244.66,1667.06,422.4,6604.44,-13.05
China,2018,2130.39,5035.75,271.9,1292.69,1835.39,542.7,7166.14,-15.22
China,2019,2363.34,5140.09,284.97,1385.34,2014.64,629.3,7503.43,-16.8
China,2020,2551.21,5227.86,305.97,1457.41,2185.01,727.6,7779.07,-17.04
China,2021,2856.3,5677.96,344.16,1466,2448.8,982.8,8534.26,-14.24
China,2022,3088.44,5760.27,345.55,1480.72,2670.66,1189.94,8848.71,-12.95
China,2023,3328.94,6127.51,374.77,1424.2,2894.22,1470.02,9456.45,-17.08
China,2024,3849.68,6237.2,409.6,1562.75,3398.83,1836.08,10086.88,-17
China,2025,4398.8,6178.91,406.6,1601.37,3911.74,2310.37,10577.71,-19.46
Colombia,2000,32.26,10.55,8.47,32.25,32.26,0.01,42.81,0.04
Colombia,2001,31.99,11.15,8.92,31.98,31.99,0.01,43.14,-0.17
Colombia,2002,34.13,10.58,8.41,34.12,34.13,0.01,44.71,-0.61
Colombia,2003,36.32,9.88,7.07,36.31,36.32,0.01,46.2,-1.11
Colombia,2004,40.21,9.12,7.26,40.15,40.21,0.06,49.33,-1.63
Colombia,2005,39.96,9.98,7.65,39.9,39.96,0.06,49.94,-1.74
Colombia,2006,42.91,10.43,7.59,42.84,42.91,0.07,53.34,-1.79
Colombia,2007,44.59,10.2,6.81,44.53,44.59,0.06,54.79,-0.84
Colombia,2008,46.54,8.94,6.02,46.48,46.54,0.06,55.48,-1.4
Colombia,2009,41.25,15.5,11.33,41.18,41.25,0.07,56.75,-1.06
Colombia,2010,42.47,17.76,13.72,42.42,42.47,0.05,60.23,-0.79
Colombia,2011,50.44,11.26,9.01,50.39,50.44,0.05,61.7,-1.53
Colombia,2012,49.12,13.94,10.58,49.06,49.12,0.06,63.06,-0.71
Colombia,2013,50.88,22.63,16.59,50.81,50.88,0.07,73.51,-1.35
Colombia,2014,48.68,21.78,16.32,48.6,48.68,0.08,70.46,-0.8
Colombia,2015,49.39,28.58,21.52,49.31,49.39,0.08,77.97,-0.41
Colombia,2016,49.98,26.19,20.01,49.92,49.98,0.06,76.17,0.33
Colombia,2017,62.07,16.4,13.25,62.06,62.07,0.01,78.47,0.07
Colombia,2018,59.7,18.51,13.99,59.64,59.7,0.06,78.21,0.11
Colombia,2019,54.74,24.04,15.91,54.55,54.74,0.19,78.78,0.31
Colombia,2020,50.79,26.96,17.84,50.59,50.79,0.2,77.75,1.05
Colombia,2021,63.33,21.03,16.59,62.94,63.33,0.39,84.36,0.12
Colombia,2022,61.61,21.25,16.24,60.91,61.61,0.7,82.86,0.43
Colombia,2023,58,28.58,19.38,56.43,58,1.57,86.58,0
Colombia,2024,54.68,34.46,23.25,51.1,54.68,3.58,89.14,0
Colombia,2025,69.6,20.76,15.23,64.85,69.6,4.75,90.36,1.25
Comoros (the),2000,0,0.03,0.03,0,0,0,0.03,0
Comoros (the),2001,0,0.03,0.03,0,0,0,0.03,0
Comoros (the),2002,0,0.03,0.03,0,0,0,0.03,0
Comoros (the),2003,0,0.04,0.04,0,0,0,0.04,0
Comoros (the),2004,0,0.04,0.04,0,0,0,0.04,0
Comoros (the),2005,0,0.05,0.05,0,0,0,0.05,0
Comoros (the),2006,0,0.05,0.05,0,0,0,0.05,0
Comoros (the),2007,0,0.05,0.05,0,0,0,0.05,0
Comoros (the),2008,0,0.04,0.04,0,0,0,0.04,0
Comoros (the),2009,0,0.05,0.05,0,0,0,0.05,0
Comoros (the),2010,0,0.06,0.06,0,0,0,0.06,0
Comoros (the),2011,0,0.06,0.06,0,0,0,0.06,0
Comoros (the),2012,0,0.06,0.06,0,0,0,0.06,0
Comoros (the),2013,0,0.06,0.06,0,0,0,0.06,0
Comoros (the),2014,0,0.05,0.05,0,0,0,0.05,0
Comoros (the),2015,0,0.05,0.05,0,0,0,0.05,0
Comoros (the),2016,0,0.06,0.06,0,0,0,0.06,0
Comoros (the),2017,0,0.09,0.09,0,0,0,0.09,0
Comoros (the),2018,0,0.1,0.1,0,0,0,0.1,0
Comoros (the),2019,0,0.11,0.11,0,0,0,0.11,0
Comoros (the),2020,0,0.13,0.13,0,0,0,0.13,0
Comoros (the),2021,0,0.13,0.13,0,0,0,0.13,0
Comoros (the),2022,0,0.14,0.14,0,0,0,0.14,0
Comoros (the),2023,0,0.14,0.14,0,0,0,0.14,0
Congo (the Democratic Republic of the),2000,5.94,0,0,5.94,5.94,0,5.94,-1.27
Congo (the Democratic Republic of the),2001,5.91,0.01,0.01,5.91,5.91,0,5.92,-1.19
Congo (the Democratic Republic of the),2002,6.05,0.01,0.01,6.05,6.05,0,6.06,-1.31
Congo (the Democratic Republic of the),2003,6.1,0.01,0.01,6.1,6.1,0,6.11,-1.33
Congo (the Democratic Republic of the),2004,7.01,0.01,0.01,7.01,7.01,0,7.02,-1.39
Congo (the Democratic Republic of the),2005,7.32,0.01,0.01,7.32,7.32,0,7.33,-1.66
Congo (the Democratic Republic of the),2006,7.45,0.05,0.05,7.45,7.45,0,7.5,-1.31
Congo (the Democratic Republic of the),2007,7.74,0.09,0.09,7.74,7.74,0,7.83,-1.33
Congo (the Democratic Republic of the),2008,7.41,0.1,0.1,7.41,7.41,0,7.51,-0.59
Congo (the Democratic Republic of the),2009,7.72,0.09,0.09,7.72,7.72,0,7.81,-0.78
Congo (the Democratic Republic of the),2010,7.74,0.09,0.09,7.74,7.74,0,7.83,-0.75
Congo (the Democratic Republic of the),2011,7.73,0.09,0.09,7.73,7.73,0,7.82,-0.13
Congo (the Democratic Republic of the),2012,7.51,0.01,0.01,7.51,7.51,0,7.52,0.58
Congo (the Democratic Republic of the),2013,8.15,0.01,0.01,8.15,8.15,0,8.16,0.58
Congo (the Democratic Republic of the),2014,8.73,0.01,0.01,8.73,8.73,0,8.74,1.07
Congo (the Democratic Republic of the),2015,8.83,0.01,0.01,8.83,8.83,0,8.84,1.06
Congo (the Democratic Republic of the),2016,9.01,0.01,0.01,9.01,9.01,0,9.02,0.71
Congo (the Democratic Republic of the),2017,9.41,0.01,0.01,9.4,9.41,0.01,9.42,0.73
Congo (the Democratic Republic of the),2018,10.45,0.01,0.01,10.44,10.45,0.01,10.46,0.73
Congo (the Democratic Republic of the),2019,11.78,0.01,0.01,11.77,11.78,0.01,11.79,0.92
Congo (the Democratic Republic of the),2020,12.48,0.01,0.01,12.46,12.48,0.02,12.49,1.14
Congo (the Democratic Republic of the),2021,14.19,0,0,13.14,14.19,1.05,14.19,1.41
Congo (the Democratic Republic of the),2022,15.31,0,0,13.2,15.31,2.11,15.31,1.33
Congo (the Democratic Republic of the),2023,15.63,0,0,13.43,15.63,2.2,15.63,1.44
Congo (the Democratic Republic of the),2024,15.92,0,0,13.41,15.92,2.51,15.92,1.44
Congo (the),2000,0.29,0,0,0.29,0.29,0,0.29,0.26
Congo (the),2001,0.33,0,0,0.33,0.33,0,0.33,0.3
Congo (the),2002,0.39,0,0,0.39,0.39,0,0.39,0.36
Congo (the),2003,0.34,0.06,0.06,0.34,0.34,0,0.4,0.36
Congo (the),2004,0.33,0.07,0.07,0.33,0.33,0,0.4,0.4
Congo (the),2005,0.35,0.08,0.08,0.35,0.35,0,0.43,0.42
Congo (the),2006,0.37,0.08,0.08,0.37,0.37,0,0.45,0.41
Congo (the),2007,0.33,0.07,0.07,0.33,0.33,0,0.4,0.45
Congo (the),2008,0.37,0.09,0.09,0.37,0.37,0,0.46,0.44
Congo (the),2009,0.33,0.21,0.21,0.33,0.33,0,0.54,0.44
Congo (the),2010,0.46,0.35,0.35,0.46,0.46,0,0.81,0.28
Congo (the),2011,0.81,0.5,0.5,0.81,0.81,0,1.31,0.03
Congo (the),2012,1.01,0.71,0.71,1.01,1.01,0,1.72,0.03
Congo (the),2013,0.99,0.74,0.74,0.99,0.99,0,1.73,0.04
Congo (the),2014,0.97,0.79,0.79,0.97,0.97,0,1.76,0
Congo (the),2015,1.12,1.67,1.67,1.12,1.12,0,2.79,-0.02
Congo (the),2016,1.15,1.82,1.82,1.15,1.15,0,2.97,0
Congo (the),2017,1.22,1.76,1.76,1.22,1.22,0,2.98,0
Congo (the),2018,1.08,2,2,1.08,1.08,0,3.08,0
Congo (the),2019,1.08,2.81,2.81,1.08,1.08,0,3.89,-0.02
Congo (the),2020,1.08,2.93,2.93,1.08,1.08,0,4.01,0
Congo (the),2021,1.08,3.03,3.03,1.08,1.08,0,4.11,0
Congo (the),2022,1.08,3.87,3.87,1.08,1.08,0,4.95,0
Congo (the),2023,1.26,4.1,4.1,1.25,1.26,0.01,5.36,-0.05
Congo (the),2024,1.14,4.32,4.32,1.13,1.14,0.01,5.46,-0.08
Cook Islands (the),2000,0,0.03,0.03,0,0,0,0.03,0
Cook Islands (the),2001,0,0.03,0.03,0,0,0,0.03,0
Cook Islands (the),2002,0,0.03,0.03,0,0,0,0.03,0
Cook Islands (the),2003,0,0.03,0.03,0,0,0,0.03,0
Cook Islands (the),2004,0,0.03,0.03,0,0,0,0.03,0
Cook Islands (the),2005,0,0.03,0.03,0,0,0,0.03,0
Cook Islands (the),2006,0,0.03,0.03,0,0,0,0.03,0
Cook Islands (the),2007,0,0.03,0.03,0,0,0,0.03,0
Cook Islands (the),2008,0,0.03,0.03,0,0,0,0.03,0
Cook Islands (the),2009,0,0.03,0.03,0,0,0,0.03,0
Cook Islands (the),2010,0,0.03,0.03,0,0,0,0.03,0
Cook Islands (the),2011,0,0.03,0.03,0,0,0,0.03,0
Cook Islands (the),2012,0,0.03,0.03,0,0,0,0.03,0
Cook Islands (the),2013,0,0.03,0.03,0,0,0,0.03,0
Cook Islands (the),2014,0,0.03,0.03,0,0,0,0.03,0
Cook Islands (the),2015,0,0.03,0.03,0,0,0,0.03,0
Cook Islands (the),2016,0,0.03,0.03,0,0,0,0.03,0
Cook Islands (the),2017,0.01,0.03,0.03,0,0.01,0.01,0.04,0
Cook Islands (the),2018,0.02,0.03,0.03,0,0.02,0.02,0.05,0
Cook Islands (the),2019,0.01,0.03,0.03,0,0.01,0.01,0.04,0
Cook Islands (the),2020,0.01,0.03,0.03,0,0.01,0.01,0.04,0
Cook Islands (the),2021,0.02,0.02,0.02,0,0.02,0.02,0.04,0
Cook Islands (the),2022,0.02,0.02,0.02,0,0.02,0.02,0.04,0
Cook Islands (the),2023,0.02,0.02,0.02,0,0.02,0.02,0.04,0
Cook Islands (the),2024,0.02,0.02,0.02,0,0.02,0.02,0.04,0
Costa Rica,2000,6.8,0.06,0.06,6.62,6.8,0.18,6.86,-0.47
Costa Rica,2001,6.8,0.1,0.1,6.61,6.8,0.19,6.9,-0.25
Costa Rica,2002,7.3,0.12,0.12,7.04,7.3,0.26,7.42,-0.42
Costa Rica,2003,7.14,0.16,0.16,6.83,7.14,0.31,7.3,-0.08
Costa Rica,2004,7.91,0.07,0.07,7.65,7.91,0.26,7.98,-0.24
Costa Rica,2005,7.92,0.27,0.27,7.72,7.92,0.2,8.19,0.01
Costa Rica,2006,8.09,0.53,0.53,7.82,8.09,0.27,8.62,0.09
Costa Rica,2007,8.26,0.72,0.72,8.02,8.26,0.24,8.98,0.16
Costa Rica,2008,8.72,0.68,0.68,8.52,8.72,0.2,9.4,-0.07
Costa Rica,2009,8.79,0.45,0.45,8.46,8.79,0.33,9.24,0.02
Costa Rica,2010,8.87,0.64,0.64,8.51,8.87,0.36,9.51,0.03
Costa Rica,2011,8.89,0.86,0.86,8.48,8.89,0.41,9.75,-0.04
Costa Rica,2012,9.28,0.83,0.83,8.74,9.28,0.54,10.11,0.02
Costa Rica,2013,8.99,1.2,1.2,8.48,8.99,0.51,10.19,0.05
Costa Rica,2014,9.13,1.04,1.04,8.37,9.13,0.76,10.17,0.2
Costa Rica,2015,10.66,0.11,0.11,9.55,10.66,1.11,10.77,-0.11
Costa Rica,2016,10.67,0.19,0.19,9.49,10.67,1.18,10.86,0.18
Costa Rica,2017,11.24,0.04,0.04,9.91,11.24,1.33,11.28,-0.2
Costa Rica,2018,11.28,0.16,0.16,9.42,11.28,1.86,11.44,-0.24
Costa Rica,2019,11.32,0.1,0.1,9.45,11.32,1.87,11.42,0.02
Costa Rica,2020,11.7,0.02,0.02,10.17,11.7,1.53,11.72,-0.51
Costa Rica,2021,12.73,0,0,11.08,12.73,1.65,12.73,-1
Costa Rica,2022,12.44,0,0,10.99,12.44,1.45,12.44,-0.72
Costa Rica,2023,11.71,0.01,0.01,10.13,11.71,1.58,11.72,0.35
Costa Rica,2024,10.99,0.01,0.01,9.66,10.99,1.33,11,0.22
Costa Rica,2025,12.81,0,0,11.17,12.81,1.64,12.81,-0.36
Cote d'Ivoire,2000,1.75,3.05,3.05,1.75,1.75,0,4.8,-1.24
Cote d'Ivoire,2001,1.78,3.1,3.1,1.78,1.78,0,4.88,-1.16
Cote d'Ivoire,2002,1.71,3.58,3.58,1.71,1.71,0,5.29,-1.57
Cote d'Ivoire,2003,1.81,3.27,3.27,1.81,1.81,0,5.08,-1.33
Cote d'Ivoire,2004,1.84,3.66,3.66,1.84,1.84,0,5.5,-1.41
Cote d'Ivoire,2005,1.53,4.14,4.14,1.53,1.53,0,5.67,-1.4
Cote d'Ivoire,2006,1.6,4.04,4.04,1.6,1.6,0,5.64,-1.07
Cote d'Ivoire,2007,1.9,3.72,3.72,1.9,1.9,0,5.62,-0.77
Cote d'Ivoire,2008,2,3.79,3.79,2,2,0,5.79,-0.6
Cote d'Ivoire,2009,2.18,3.67,3.67,2.18,2.18,0,5.85,-0.48
Cote d'Ivoire,2010,1.67,4.28,4.28,1.67,1.67,0,5.95,-0.35
Cote d'Ivoire,2011,1.82,4.26,4.26,1.82,1.82,0,6.08,-0.59
Cote d'Ivoire,2012,1.84,5.16,5.16,1.84,1.84,0,7,-0.59
Cote d'Ivoire,2013,1.66,5.97,5.97,1.66,1.66,0,7.63,-0.82
Cote d'Ivoire,2014,1.96,6.31,6.31,1.96,1.96,0,8.27,-0.88
Cote d'Ivoire,2015,1.44,7.26,7.26,1.44,1.44,0,8.7,-0.85
Cote d'Ivoire,2016,1.68,8.55,8.55,1.68,1.68,0,10.23,-1.21
Cote d'Ivoire,2017,2.15,7.97,7.97,2.14,2.15,0.01,10.12,-1.86
Cote d'Ivoire,2018,3,7.04,7.04,2.99,3,0.01,10.04,-1.05
Cote d'Ivoire,2019,3.53,7.13,7.13,3.52,3.53,0.01,10.66,-1.09
Cote d'Ivoire,2020,3.44,7.82,7.82,3.42,3.44,0.02,11.26,-1.12
Cote d'Ivoire,2021,2.71,8.64,8.64,2.69,2.71,0.02,11.35,-0.55
Cote d'Ivoire,2022,3.45,9.16,9.16,3.43,3.45,0.02,12.61,-0.76
Cote d'Ivoire,2023,3.31,7.67,7.67,3.29,3.31,0.02,10.98,-0.71
Cote d'Ivoire,2024,3.12,7.67,7.67,3.1,3.12,0.02,10.79,-0.73
Croatia,2000,6.45,4.76,3.21,6.45,6.45,0,11.21,3.42
Croatia,2001,7.18,5.57,3.93,7.18,7.18,0,12.75,2.52
Croatia,2002,5.85,6.84,4.73,5.85,5.85,0,12.69,3.04
Croatia,2003,5.46,7.7,5.3,5.46,5.46,0,13.16,3.31
Croatia,2004,7.63,6.24,4.1,7.63,7.63,0,13.87,3
Croatia,2005,7.06,5.99,3.66,7.05,7.06,0.01,13.05,4.41
Croatia,2006,6.65,6.26,4.01,6.63,6.65,0.02,12.91,5
Croatia,2007,4.74,7.8,5.38,4.71,4.74,0.03,12.54,5.9
Croatia,2008,5.84,6.94,4.45,5.8,5.84,0.04,12.78,6.01
Croatia,2009,7.48,5.87,4.22,7.43,7.48,0.05,13.35,5
Croatia,2010,9.3,5.49,3.11,9.16,9.3,0.14,14.79,3.97
Croatia,2011,5.28,5.95,3.37,5.08,5.28,0.2,11.23,7.15
Croatia,2012,5.26,5.31,3.07,4.93,5.26,0.33,10.57,7.43
Croatia,2013,9.28,4.66,2.24,8.75,9.28,0.53,13.94,3.87
Croatia,2014,9.94,3.49,1.12,9.17,9.94,0.77,13.43,3.95
Croatia,2015,7.52,3.72,1.41,6.66,7.52,0.86,11.24,6.79
Croatia,2016,8.36,4.24,1.64,7.28,8.36,1.08,12.6,5.53
Croatia,2017,7.12,4.65,3.28,5.84,7.12,1.28,11.77,6.95
Croatia,2018,9.78,3.74,2.29,8.37,9.78,1.41,13.52,5.39
Croatia,2019,8.35,4.3,2.66,6.8,8.35,1.55,12.65,6.13
Croatia,2020,8.55,4.68,3.46,6.73,8.55,1.82,13.23,4.64
Croatia,2021,10.53,4.58,3.12,8.32,10.53,2.21,15.11,3.96
Croatia,2022,8.95,5.15,3.59,6.66,8.95,2.29,14.1,4.69
Croatia,2023,12.23,5.21,3.88,9.23,12.23,3,17.44,1.58
Croatia,2024,11.23,4.06,3.26,7.73,11.23,3.5,15.29,4.36
Croatia,2025,11.21,3.49,2.76,6.78,11.21,4.43,14.7,5.32
Cuba,2000,1.03,14,14,1.03,1.03,0,15.03,0
Cuba,2001,1,14.3,14.3,1,1,0,15.3,0
Cuba,2002,1.04,14.65,14.65,1.04,1.04,0,15.69,0
Cuba,2003,0.85,14.96,14.96,0.85,0.85,0,15.81,0
Cuba,2004,0.88,14.76,14.76,0.88,0.88,0,15.64,0
Cuba,2005,0.49,14.86,14.86,0.49,0.49,0,15.35,0
Cuba,2006,0.5,15.97,15.97,0.5,0.5,0,16.47,0
Cuba,2007,0.53,17.08,17.08,0.53,0.53,0,17.61,0
Cuba,2008,0.7,16.98,16.98,0.69,0.7,0.01,17.68,0
Cuba,2009,0.69,17.04,17.04,0.69,0.69,0,17.73,0
Cuba,2010,0.57,16.83,16.83,0.56,0.57,0.01,17.4,0
Cuba,2011,0.57,17.18,17.18,0.55,0.57,0.02,17.75,0
Cuba,2012,0.69,17.74,17.74,0.66,0.69,0.03,18.43,0
Cuba,2013,0.94,18.31,18.31,0.81,0.94,0.13,19.25,0
Cuba,2014,0.85,18.58,18.58,0.74,0.85,0.11,19.43,0
Cuba,2015,0.9,19.49,19.49,0.75,0.9,0.15,20.39,0
Cuba,2016,0.91,19.64,19.64,0.75,0.91,0.16,20.55,0
Cuba,2017,0.8,19.77,19.77,0.7,0.8,0.1,20.57,0
Cuba,2018,0.72,20.08,20.08,0.58,0.72,0.14,20.8,0
Cuba,2019,0.89,19.81,19.81,0.66,0.89,0.23,20.7,0
Cuba,2020,0.9,18.13,18.13,0.66,0.9,0.24,19.03,0
Cuba,2021,0.79,17.04,17.04,0.55,0.79,0.24,17.83,0
Cuba,2022,0.67,14.98,14.98,0.4,0.67,0.27,15.65,0
Cuba,2023,0.72,19.02,19.02,0.45,0.72,0.27,19.74,0
Cuba,2024,0.78,18.65,18.65,0.47,0.78,0.31,19.43,0
Cyprus,2000,0,3.37,3.37,0,0,0,3.37,0
Cyprus,2001,0,3.55,3.55,0,0,0,3.55,0
Cyprus,2002,0,3.79,3.79,0,0,0,3.79,0
Cyprus,2003,0,4.05,4.05,0,0,0,4.05,0
Cyprus,2004,0,4.2,4.2,0,0,0,4.2,0
Cyprus,2005,0,4.38,4.38,0,0,0,4.38,0
Cyprus,2006,0,4.65,4.65,0,0,0,4.65,0
Cyprus,2007,0,4.87,4.87,0,0,0,4.87,0
Cyprus,2008,0.01,5.06,5.06,0.01,0.01,0,5.07,0
Cyprus,2009,0.03,5.18,5.18,0.03,0.03,0,5.21,0
Cyprus,2010,0.08,5.25,5.25,0.04,0.08,0.04,5.33,0
Cyprus,2011,0.17,4.75,4.75,0.05,0.17,0.12,4.92,0
Cyprus,2012,0.26,4.46,4.46,0.05,0.26,0.21,4.72,0
Cyprus,2013,0.33,3.96,3.96,0.05,0.33,0.28,4.29,0
Cyprus,2014,0.31,4.03,4.03,0.05,0.31,0.26,4.34,0
Cyprus,2015,0.4,4.14,4.14,0.05,0.4,0.35,4.54,0
Cyprus,2016,0.43,4.46,4.46,0.05,0.43,0.38,4.89,0
Cyprus,2017,0.43,4.57,4.57,0.05,0.43,0.38,5,0
Cyprus,2018,0.48,4.58,4.58,0.06,0.48,0.42,5.06,0
Cyprus,2019,0.52,4.63,4.63,0.06,0.52,0.46,5.15,0
Cyprus,2020,0.6,4.25,4.25,0.06,0.6,0.54,4.85,0
Cyprus,2021,0.78,4.34,4.34,0.06,0.78,0.72,5.12,0
Cyprus,2022,0.88,4.38,4.38,0.06,0.88,0.82,5.26,0
Cyprus,2023,1.09,4.24,4.24,0.05,1.09,1.04,5.33,0
Cyprus,2024,1.39,4.4,4.4,0.06,1.39,1.33,5.79,0
Cyprus,2025,1.64,4.27,4.27,0.06,1.64,1.58,5.91,0
Czechia,2000,15.87,57.03,4.28,2.28,2.28,0,72.9,-10.02
Czechia,2001,17.32,56.9,4.31,2.57,2.57,0,74.22,-9.54
Czechia,2002,21.73,54.27,4.36,2.99,2.99,0,76,-11.39
Czechia,2003,27.74,55.05,4.28,1.87,1.87,0,82.79,-16.21
Czechia,2004,29.07,54.72,4.41,2.73,2.74,0.01,83.79,-15.72
Czechia,2005,27.86,54.07,4.55,3.11,3.13,0.02,81.93,-12.63
Czechia,2006,29.57,54.09,4.44,3.47,3.52,0.05,83.66,-12.63
Czechia,2007,29.59,58.18,4.39,3.29,3.42,0.13,87.77,-16.15
Czechia,2008,30.27,53.01,4.24,3.47,3.72,0.25,83.28,-11.47
Czechia,2009,31.87,49.77,3.83,4.28,4.66,0.38,81.64,-13.64
Czechia,2010,33.91,51.31,4.41,4.95,5.91,0.96,85.22,-14.95
Czechia,2011,35.52,51.12,4.44,4.66,7.24,2.58,86.64,-17.04
Czechia,2012,38.39,48.19,4.21,5.5,8.07,2.57,86.58,-17.12
Czechia,2013,40.05,45.86,4.74,6.79,9.3,2.51,85.91,-16.89
Czechia,2014,39.5,45.48,4.75,6.57,9.17,2.6,84.98,-16.3
Czechia,2015,36.25,46.24,5.1,6.58,9.41,2.83,82.49,-12.51
Czechia,2016,33.49,48.51,6.54,6.76,9.39,2.63,82,-10.97
Czechia,2017,37.97,47.79,6.35,6.84,9.63,2.79,85.76,-13.04
Czechia,2018,39.35,47.49,6.29,6.46,9.43,2.97,86.84,-13.91
Czechia,2019,40.31,45.41,8.08,7.04,10.06,3.02,85.72,-13.1
Czechia,2020,40.38,39.72,8.72,7.35,10.34,2.99,80.1,-10.15
Czechia,2021,41.37,42.29,8.11,7.79,10.64,2.85,83.66,-11.08
Czechia,2022,41.79,41.94,5.06,7.5,10.77,3.27,83.73,-13.53
Czechia,2023,41.55,34.25,4.31,7.55,11.14,3.59,75.8,-9.18
Czechia,2024,42,30.81,4.29,8.04,12.3,4.26,72.81,-6.66
Czechia,2025,44.66,30.84,4.24,7.76,12.72,4.96,75.5,-7.43
Denmark,2000,5.57,30.28,13.61,1.33,5.57,4.24,35.85,0.66
Denmark,2001,5.85,31.69,13.87,1.54,5.85,4.31,37.54,-0.57
Denmark,2002,6.79,32.31,14.05,1.91,6.79,4.88,39.1,-2.07
Denmark,2003,8.07,37.9,12.59,2.51,8.07,5.56,45.97,-8.55
Denmark,2004,9.53,30.71,12.04,2.94,9.53,6.59,40.24,-2.87
Denmark,2005,9.8,26.28,10.82,3.19,9.8,6.61,36.08,1.37
Denmark,2006,9.19,36.25,11.68,3.09,9.19,6.1,45.44,-6.93
Denmark,2007,10.3,28.84,8.95,3.13,10.3,7.17,39.14,-0.95
Denmark,2008,10.1,26.38,8.92,3.17,10.1,6.93,36.48,1.45
Denmark,2009,10.07,26.18,8.49,3.34,10.07,6.73,36.25,0.33
Denmark,2010,12.43,26.32,9.31,4.61,12.43,7.82,38.75,-1.14
Denmark,2011,14.17,20.94,6.96,4.39,14.17,9.78,35.11,1.32
Denmark,2012,14.84,15.73,5.19,4.47,14.84,10.37,30.57,5.21
Denmark,2013,15.96,18.65,4.36,4.32,15.96,11.64,34.61,1.08
Denmark,2014,17.99,14.05,2.99,4.31,17.99,13.68,32.04,2.85
Denmark,2015,18.93,9.85,2.74,4.2,18.93,14.73,28.78,5.91
Denmark,2016,18.39,12.01,3.14,4.87,18.39,13.52,30.4,5.06
Denmark,2017,21.8,9.1,2.89,6.27,21.8,15.53,30.9,4.56
Denmark,2018,20.75,9.46,2.89,5.9,20.75,14.85,30.21,5.22
Denmark,2019,23.07,6.3,2.99,5.96,23.07,17.11,29.37,5.81
Denmark,2020,23.45,5.13,2.07,5.94,23.45,17.51,28.58,6.88
Denmark,2021,26.1,6.82,2.45,8.74,26.1,17.36,32.92,4.87
Denmark,2022,28.43,6.73,2.3,7.03,28.43,21.4,35.16,1.36
Denmark,2023,29.28,4.61,2.08,6.23,29.28,23.05,33.89,3.13
Denmark,2024,31.46,3.79,2.04,7.08,31.46,24.38,35.25,3.71
Denmark,2025,32.54,1.99,1.84,7.65,32.54,24.89,34.53,7.41
Djibouti,2000,0,0.18,0.18,0,0,0,0.18,0
Djibouti,2001,0,0.19,0.19,0,0,0,0.19,0
Djibouti,2002,0,0.2,0.2,0,0,0,0.2,0
Djibouti,2003,0,0.2,0.2,0,0,0,0.2,0
Djibouti,2004,0,0.22,0.22,0,0,0,0.22,0
Djibouti,2005,0,0.3,0.3,0,0,0,0.3,0
Djibouti,2006,0,0.31,0.31,0,0,0,0.31,0
Djibouti,2007,0,0.32,0.32,0,0,0,0.32,0
Djibouti,2008,0,0.34,0.34,0,0,0,0.34,0
Djibouti,2009,0,0.35,0.35,0,0,0,0.35,0
Djibouti,2010,0,0.38,0.38,0,0,0,0.38,0
Djibouti,2011,0,0.39,0.39,0,0,0,0.39,0
Djibouti,2012,0,0.39,0.39,0,0,0,0.39,0
Djibouti,2013,0,0.43,0.43,0,0,0,0.43,0
Djibouti,2014,0,0.1,0.1,0,0,0,0.1,0.34
Djibouti,2015,0,0.18,0.18,0,0,0,0.18,0.31
Djibouti,2016,0,0.09,0.09,0,0,0,0.09,0.45
Djibouti,2017,0,0.06,0.06,0,0,0,0.06,0.51
Djibouti,2018,0,0.05,0.05,0,0,0,0.05,0.53
Djibouti,2019,0,0.09,0.09,0,0,0,0.09,0.51
Djibouti,2020,0,0.13,0.13,0,0,0,0.13,0.5
Djibouti,2021,0.07,0.13,0.13,0,0.07,0.07,0.2,0.51
Djibouti,2022,0.07,0.13,0.13,0,0.07,0.07,0.2,0.51
Djibouti,2023,0.07,0.13,0.13,0,0.07,0.07,0.2,0.51
Djibouti,2024,0.07,0.13,0.13,0,0.07,0.07,0.2,0.6
Dominica,2000,0.03,0.05,0.05,0.03,0.03,0,0.08,0
Dominica,2001,0.03,0.05,0.05,0.03,0.03,0,0.08,0
Dominica,2002,0.03,0.04,0.04,0.03,0.03,0,0.07,0
Dominica,2003,0.03,0.05,0.05,0.03,0.03,0,0.08,0
Dominica,2004,0.03,0.08,0.08,0.03,0.03,0,0.11,0
Dominica,2005,0.03,0.09,0.09,0.03,0.03,0,0.12,0
Dominica,2006,0.03,0.09,0.09,0.03,0.03,0,0.12,0
Dominica,2007,0.02,0.1,0.1,0.02,0.02,0,0.12,0
Dominica,2008,0.02,0.11,0.11,0.02,0.02,0,0.13,0
Dominica,2009,0.02,0.11,0.11,0.02,0.02,0,0.13,0
Dominica,2010,0.02,0.12,0.12,0.02,0.02,0,0.14,0
Dominica,2011,0.04,0.11,0.11,0.04,0.04,0,0.15,0
Dominica,2012,0.03,0.12,0.12,0.03,0.03,0,0.15,0
Dominica,2013,0.04,0.11,0.11,0.04,0.04,0,0.15,0
Dominica,2014,0.03,0.12,0.12,0.03,0.03,0,0.15,0
Dominica,2015,0.02,0.13,0.13,0.02,0.02,0,0.15,0
Dominica,2016,0.04,0.12,0.12,0.04,0.04,0,0.16,0
Dominica,2017,0.03,0.1,0.1,0.03,0.03,0,0.13,0
Dominica,2018,0.02,0.09,0.09,0.02,0.02,0,0.11,0
Dominica,2019,0.02,0.12,0.12,0.02,0.02,0,0.14,0
Dominica,2020,0.02,0.12,0.12,0.02,0.02,0,0.14,0
Dominica,2021,0.02,0.12,0.12,0.02,0.02,0,0.14,0
Dominica,2022,0.02,0.13,0.13,0.02,0.02,0,0.15,0
Dominica,2023,0.02,0.13,0.13,0.02,0.02,0,0.15,0
Dominican Republic (the),2000,0.91,12.1,12.1,0.91,0.91,0,13.01,0
Dominican Republic (the),2001,0.86,11.98,11.84,0.86,0.86,0,12.84,0
Dominican Republic (the),2002,1.04,12.86,12.27,1.04,1.04,0,13.9,0
Dominican Republic (the),2003,1.36,12.82,11.47,1.36,1.36,0,14.18,0
Dominican Republic (the),2004,1.74,10.28,8.96,1.74,1.74,0,12.02,0
Dominican Republic (the),2005,2.06,11.28,9.85,2.06,2.06,0,13.34,0
Dominican Republic (the),2006,1.91,12.2,10.24,1.91,1.91,0,14.11,0
Dominican Republic (the),2007,1.86,12.71,10.64,1.86,1.86,0,14.57,0
Dominican Republic (the),2008,1.54,13.07,11.03,1.54,1.54,0,14.61,0
Dominican Republic (the),2009,1.62,12.13,10.2,1.62,1.62,0,13.75,0
Dominican Republic (the),2010,1.59,13.19,11.34,1.59,1.59,0,14.78,0
Dominican Republic (the),2011,1.7,14.06,12.06,1.69,1.7,0.01,15.76,0
Dominican Republic (the),2012,2.05,14.85,12.73,1.95,2.05,0.1,16.9,0
Dominican Republic (the),2013,2.31,15.41,13.2,2.06,2.31,0.25,17.72,0
Dominican Republic (the),2014,1.75,15.53,13.11,1.49,1.75,0.26,17.28,0
Dominican Republic (the),2015,1.42,16.58,14.27,1.1,1.42,0.32,18,0
Dominican Republic (the),2016,2.08,16.7,14.34,1.68,2.08,0.4,18.78,0
Dominican Republic (the),2017,3.04,16.16,13.75,2.51,3.04,0.53,19.2,0
Dominican Republic (the),2018,2.7,16.9,14.62,1.97,2.7,0.73,19.6,0
Dominican Republic (the),2019,2.67,18.61,15.05,1.51,2.67,1.16,21.28,0
Dominican Republic (the),2020,3.15,16.34,10.37,1.48,3.15,1.67,19.49,0
Dominican Republic (the),2021,3.81,17.62,11.86,1.74,3.81,2.07,21.43,0
Dominican Republic (the),2022,4.09,18.08,10.92,1.68,4.09,2.41,22.17,0
Dominican Republic (the),2023,4.24,20.32,12.6,1.68,4.24,2.56,24.56,0
Dominican Republic (the),2024,4.53,19.5,12.3,1.68,4.53,2.85,24.03,0
Dominican Republic (the),2025,5.4,17.28,10.69,1.73,5.4,3.67,22.68,0
Ecuador,2000,7.53,3,3,7.53,7.53,0,10.53,0.02
Ecuador,2001,7,3.98,3.98,7,7,0,10.98,0.02
Ecuador,2002,7.45,4.36,4.36,7.45,7.45,0,11.81,0.06
Ecuador,2003,7.11,4.37,4.37,7.11,7.11,0,11.48,1.05
Ecuador,2004,7.34,5.46,5.46,7.34,7.34,0,12.8,1.61
Ecuador,2005,6.83,5.81,5.81,6.83,6.83,0,12.64,1.71
Ecuador,2006,7.08,7,7,7.08,7.08,0,14.08,1.57
Ecuador,2007,8.97,8.28,8.28,8.97,8.97,0,17.25,0.82
Ecuador,2008,11.2,7.29,7.29,11.2,11.2,0,18.49,0.46
Ecuador,2009,9.15,9.01,9.01,9.15,9.15,0,18.16,1.1
Ecuador,2010,8.57,10.85,10.85,8.57,8.57,0,19.42,0.86
Ecuador,2011,11.03,9.4,9.4,11.03,11.03,0,20.43,1.28
Ecuador,2012,12.14,10.59,10.59,12.14,12.14,0,22.73,0.23
Ecuador,2013,11.03,12.13,12.13,10.97,11.03,0.06,23.16,0.63
Ecuador,2014,11.5,12.69,12.69,11.4,11.5,0.1,24.19,0.79
Ecuador,2015,13.2,12.63,12.63,13.06,13.2,0.14,25.83,0.47
Ecuador,2016,16.29,10.87,10.87,16.17,16.29,0.12,27.16,-0.32
Ecuador,2017,20.46,7.37,7.37,20.35,20.46,0.11,27.83,-0.19
Ecuador,2018,21.02,8.21,8.21,20.9,21.02,0.12,29.23,-0.15
Ecuador,2019,25.24,7.21,7.21,25.11,25.24,0.13,32.45,-1.82
Ecuador,2020,24.92,6.37,6.37,24.8,24.92,0.12,31.29,-1.09
Ecuador,2021,26.08,6.04,6.04,25.98,26.08,0.1,32.12,-0.16
Ecuador,2022,25.13,7.93,7.93,25.03,25.13,0.1,33.06,0.27
Ecuador,2023,26.37,9.45,9.45,26.12,26.37,0.25,35.82,0.78
Ecuador,2024,23.66,9,9,23.39,23.66,0.27,32.66,0.7
Ecuador,2025,29.06,7.54,7.54,28.83,29.06,0.23,36.6,0.04
Egypt,2000,14.26,59.06,59.06,14.18,14.26,0.08,73.32,-0.15
Egypt,2001,14.59,66.12,66.12,14.41,14.59,0.18,80.71,-0.21
Egypt,2002,14.2,72.03,72.03,13.99,14.2,0.21,86.23,-0.78
Egypt,2003,13.23,78.96,78.96,12.94,13.23,0.29,92.19,-0.92
Egypt,2004,13.33,84.92,84.92,12.83,13.33,0.5,98.25,-0.7
Egypt,2005,13.15,91.79,91.79,12.64,13.15,0.51,104.94,-0.78
Egypt,2006,13.39,98.27,98.27,12.78,13.39,0.61,111.66,-0.35
Egypt,2007,14.88,104.98,104.98,14.22,14.88,0.66,119.86,-0.56
Egypt,2008,16.03,112.77,112.77,15.1,16.03,0.93,128.8,-0.9
Egypt,2009,14.81,119.46,119.46,13.77,14.81,1.04,134.27,-0.94
Egypt,2010,14.39,130.04,130.04,12.95,14.39,1.44,144.43,-1.44
Egypt,2011,14.72,134.84,134.84,12.99,14.72,1.73,149.56,-1.58
Egypt,2012,14.87,147.97,147.97,13.03,14.87,1.84,162.84,-0.4
Egypt,2013,14.85,150.23,150.23,13.24,14.85,1.61,165.08,-0.4
Egypt,2014,14.76,156.48,156.48,13.59,14.76,1.17,171.24,-0.68
Egypt,2015,15.61,166.22,166.22,13.68,15.61,1.93,181.83,-0.69
Egypt,2016,15.83,172.36,172.36,13.2,15.83,2.63,188.19,-0.27
Egypt,2017,15.5,177.71,177.71,12.79,15.5,2.71,193.21,-0.34
Egypt,2018,16.46,182.93,182.93,12.92,16.46,3.54,199.39,-0.57
Egypt,2019,19.59,180.98,180.98,13.12,19.59,6.47,200.57,-0.79
Egypt,2020,23.76,174.84,174.84,14.08,23.76,9.68,198.6,-1.42
Egypt,2021,25.36,184.3,184.3,14.9,25.36,10.46,209.66,-1.47
Egypt,2022,25.61,191.11,191.11,14.71,25.61,10.9,216.72,-1.57
Egypt,2023,25.97,195.95,195.95,15.05,25.97,10.92,221.92,-1.39
Egypt,2024,26.58,210.81,210.81,14.37,26.58,12.21,237.39,-1.4
Egypt,2025,31.98,213.73,213.73,15.07,31.98,16.91,245.71,-1.4
El Salvador,2000,2.04,1.61,1.61,2.04,2.04,0,3.65,0.7
El Salvador,2001,2.21,1.89,1.89,2.21,2.21,0,4.1,0.31
El Salvador,2002,2.23,2.17,2.17,2.23,2.23,0,4.4,0.38
El Salvador,2003,2.63,2.04,2.04,2.63,2.63,0,4.67,0.32
El Salvador,2004,2.55,2.28,2.28,2.55,2.55,0,4.83,0.38
El Salvador,2005,2.9,2.2,2.2,2.9,2.9,0,5.1,0.28
El Salvador,2006,3.34,2.36,2.36,3.34,3.34,0,5.7,0
El Salvador,2007,3.39,2.54,2.54,3.39,3.39,0,5.93,0.03
El Salvador,2008,3.86,2.24,2.24,3.86,3.86,0,6.1,-0.01
El Salvador,2009,3.32,2.53,2.53,3.32,3.32,0,5.85,0.13
El Salvador,2010,3.96,2.09,2.09,3.96,3.96,0,6.05,0.09
El Salvador,2011,3.92,2.25,2.25,3.92,3.92,0,6.17,0.11
El Salvador,2012,3.82,2.48,2.48,3.82,3.82,0,6.3,0.09
El Salvador,2013,3.84,2.48,2.48,3.84,3.84,0,6.32,0.19
El Salvador,2014,3.79,2.51,2.51,3.79,3.79,0,6.3,0.38
El Salvador,2015,3.54,2.53,2.53,3.53,3.54,0.01,6.07,0.9
El Salvador,2016,3.66,2.5,2.5,3.64,3.66,0.02,6.16,0.99
El Salvador,2017,4.15,1.4,1.4,3.99,4.15,0.16,5.55,1.59
El Salvador,2018,4.24,1.2,1.2,3.93,4.24,0.31,5.44,1.76
El Salvador,2019,4.41,1.76,1.76,3.83,4.41,0.58,6.17,1.29
El Salvador,2020,5.45,0.98,0.98,4.45,5.45,1,6.43,0.64
El Salvador,2021,6.1,0.99,0.99,4.28,6.1,1.82,7.09,1.28
El Salvador,2022,6.02,0.61,0.61,4.64,6.02,1.38,6.63,0.62
El Salvador,2023,5.25,0.73,0.73,3.88,5.25,1.37,5.98,-0.39
El Salvador,2024,5.93,0.6,0.6,4.54,5.93,1.39,6.53,-0.33
El Salvador,2025,5.61,0.85,0.85,4.08,5.61,1.53,6.46,-0.21
Equatorial Guinea,2000,0.01,0.04,0.04,0.01,0.01,0,0.05,0
Equatorial Guinea,2001,0.01,0.05,0.05,0.01,0.01,0,0.06,0
Equatorial Guinea,2002,0.01,0.06,0.06,0.01,0.01,0,0.07,0
Equatorial Guinea,2003,0.01,0.06,0.06,0.01,0.01,0,0.07,0
Equatorial Guinea,2004,0.01,0.08,0.08,0.01,0.01,0,0.09,0
Equatorial Guinea,2005,0.01,0.09,0.09,0.01,0.01,0,0.1,0
Equatorial Guinea,2006,0.01,0.1,0.1,0.01,0.01,0,0.11,0
Equatorial Guinea,2007,0.01,0.12,0.12,0.01,0.01,0,0.13,0
Equatorial Guinea,2008,0.05,0.15,0.15,0.05,0.05,0,0.2,0
Equatorial Guinea,2009,0.05,0.17,0.17,0.05,0.05,0,0.22,0
Equatorial Guinea,2010,0.03,0.19,0.19,0.03,0.03,0,0.22,0
Equatorial Guinea,2011,0.03,0.27,0.27,0.03,0.03,0,0.3,0
Equatorial Guinea,2012,0.08,0.46,0.46,0.08,0.08,0,0.54,0
Equatorial Guinea,2013,0.25,0.6,0.6,0.25,0.25,0,0.85,0
Equatorial Guinea,2014,0.38,0.71,0.71,0.38,0.38,0,1.09,0
Equatorial Guinea,2015,0.47,0.83,0.83,0.47,0.47,0,1.3,0
Equatorial Guinea,2016,0.47,0.93,0.93,0.47,0.47,0,1.4,0
Equatorial Guinea,2017,0.44,0.9,0.9,0.44,0.44,0,1.34,0
Equatorial Guinea,2018,0.44,0.91,0.91,0.44,0.44,0,1.35,0
Equatorial Guinea,2019,0.45,0.95,0.95,0.45,0.45,0,1.4,0
Equatorial Guinea,2020,0.49,0.92,0.92,0.49,0.49,0,1.41,0
Equatorial Guinea,2021,0.47,0.96,0.96,0.47,0.47,0,1.43,0
Equatorial Guinea,2022,0.48,1.03,1.03,0.48,0.48,0,1.51,0
Equatorial Guinea,2023,0.35,1.08,1.08,0.35,0.35,0,1.43,0
Equatorial Guinea,2024,0.4,1.09,1.09,0.4,0.4,0,1.49,0
Eritrea,2000,0,0.21,0.21,0,0,0,0.21,0
Eritrea,2001,0,0.23,0.23,0,0,0,0.23,0
Eritrea,2002,0,0.26,0.26,0,0,0,0.26,0
Eritrea,2003,0,0.28,0.28,0,0,0,0.28,0
Eritrea,2004,0,0.28,0.28,0,0,0,0.28,0
Eritrea,2005,0,0.29,0.29,0,0,0,0.29,0
Eritrea,2006,0,0.27,0.27,0,0,0,0.27,0
Eritrea,2007,0,0.29,0.29,0,0,0,0.29,0
Eritrea,2008,0,0.28,0.28,0,0,0,0.28,0
Eritrea,2009,0,0.29,0.29,0,0,0,0.29,0
Eritrea,2010,0,0.31,0.31,0,0,0,0.31,0
Eritrea,2011,0,0.32,0.32,0,0,0,0.32,0
Eritrea,2012,0,0.32,0.32,0,0,0,0.32,0
Eritrea,2013,0,0.27,0.27,0,0,0,0.27,0
Eritrea,2014,0,0.27,0.27,0,0,0,0.27,0
Eritrea,2015,0,0.26,0.26,0,0,0,0.26,0
Eritrea,2016,0,0.27,0.27,0,0,0,0.27,0
Eritrea,2017,0.01,0.33,0.33,0,0.01,0.01,0.34,0
Eritrea,2018,0.05,0.34,0.34,0,0.05,0.05,0.39,0
Eritrea,2019,0.05,0.35,0.35,0,0.05,0.05,0.4,0
Eritrea,2020,0.05,0.36,0.36,0,0.05,0.05,0.41,0
Eritrea,2021,0.05,0.37,0.37,0,0.05,0.05,0.42,0
Eritrea,2022,0.05,0.39,0.39,0,0.05,0.05,0.44,0
Eritrea,2023,0.05,0.44,0.44,0,0.05,0.05,0.49,0
Eritrea,2024,0.05,0.4,0.4,0,0.05,0.05,0.45,0
Estonia,2000,0.01,8.5,8.5,0.01,0.01,0,8.51,-0.93
Estonia,2001,0.02,8.47,8.47,0.02,0.02,0,8.49,-0.62
Estonia,2002,0.03,8.5,8.5,0.03,0.03,0,8.53,-0.69
Estonia,2003,0.05,10.11,10.11,0.04,0.05,0.01,10.16,-1.9
Estonia,2004,0.06,10.25,10.25,0.05,0.06,0.01,10.31,-1.79
Estonia,2005,0.11,10.09,10.09,0.06,0.11,0.05,10.2,-1.61
Estonia,2006,0.13,9.6,9.6,0.05,0.13,0.08,9.73,-0.75
Estonia,2007,0.14,12.04,12.04,0.05,0.14,0.09,12.18,-2.42
Estonia,2008,0.2,10.38,10.38,0.07,0.2,0.13,10.58,-0.94
Estonia,2009,0.54,8.24,8.24,0.34,0.54,0.2,8.78,0.08
Estonia,2010,1.05,11.92,11.92,0.77,1.05,0.28,12.97,-3.25
Estonia,2011,1.18,11.71,11.71,0.81,1.18,0.37,12.89,-3.56
Estonia,2012,1.47,10.49,10.49,1.04,1.47,0.43,11.96,-2.24
Estonia,2013,1.23,12.05,12.04,0.7,1.23,0.53,13.28,-3.59
Estonia,2014,1.39,11.06,11.05,0.79,1.39,0.6,12.45,-2.75
Estonia,2015,1.56,8.59,8.59,0.85,1.56,0.71,10.15,-0.92
Estonia,2016,1.59,10.58,10.58,0.99,1.59,0.6,12.17,-2.04
Estonia,2017,1.86,11.3,11.28,1.13,1.86,0.73,13.16,-2.73
Estonia,2018,1.99,10.38,10.38,1.32,1.99,0.67,12.37,-1.9
Estonia,2019,2.14,5.47,5.47,1.38,2.14,0.76,7.61,2.16
Estonia,2020,2.97,3.11,3.11,1.88,2.97,1.09,6.08,3.64
Estonia,2021,2.87,4.32,4.32,1.79,2.87,1.08,7.19,2.63
Estonia,2022,2.86,6.08,6.08,1.59,2.86,1.27,8.94,1.01
Estonia,2023,2.8,2.94,2.94,1.4,2.8,1.4,5.74,3.3
Estonia,2024,3.49,2.77,2.77,1.37,3.49,2.12,6.26,2.92
Estonia,2025,3.73,2.46,2.46,1.36,3.73,2.37,6.19,2.71
Eswatini,2000,0.65,0.01,0,0.65,0.65,0,0.66,0.62
Eswatini,2001,0.69,0.01,0,0.69,0.69,0,0.7,0.64
Eswatini,2002,0.69,0.03,0.01,0.69,0.69,0,0.72,0.8
Eswatini,2003,0.61,0.03,0.01,0.61,0.61,0,0.64,0.8
Eswatini,2004,0.55,0.03,0.01,0.55,0.55,0,0.58,0.7
Eswatini,2005,0.6,0.02,0.01,0.6,0.6,0,0.62,0.86
Eswatini,2006,0.67,0.02,0.01,0.67,0.67,0,0.69,0.94
Eswatini,2007,0.69,0.02,0.01,0.69,0.69,0,0.71,0.98
Eswatini,2008,0.67,0.02,0.01,0.67,0.67,0,0.69,0.92
Eswatini,2009,0.64,0.02,0.01,0.64,0.64,0,0.66,0.91
Eswatini,2010,0.72,0.02,0.01,0.72,0.72,0,0.74,0.81
Eswatini,2011,0.56,0.02,0.01,0.56,0.56,0,0.58,0.81
Eswatini,2012,0.48,0.04,0.02,0.48,0.48,0,0.52,0.82
Eswatini,2013,0.56,0.04,0.02,0.56,0.56,0,0.6,0.86
Eswatini,2014,0.46,0.02,0,0.46,0.46,0,0.48,0.98
Eswatini,2015,0.36,0.02,0,0.36,0.36,0,0.38,1.08
Eswatini,2016,0.33,0.03,0,0.33,0.33,0,0.36,1.06
Eswatini,2017,0.41,0.02,0,0.41,0.41,0,0.43,1.02
Eswatini,2018,0.47,0.02,0,0.47,0.47,0,0.49,0.94
Eswatini,2019,0.45,0.04,0,0.45,0.45,0,0.49,1.04
Eswatini,2020,0.47,0.02,0,0.47,0.47,0,0.49,0.91
Eswatini,2021,0.49,0.02,0,0.46,0.49,0.03,0.51,0.9
Eswatini,2022,0.53,0.02,0,0.5,0.53,0.03,0.55,0.92
Eswatini,2023,0.64,0.02,0,0.61,0.64,0.03,0.66,1.04
Eswatini,2024,0.59,0.02,0,0.56,0.59,0.03,0.61,1.04
Ethiopia,2000,1.67,0.02,0.02,1.67,1.67,0,1.69,0
Ethiopia,2001,2.02,0.02,0.02,2.02,2.02,0,2.04,0
Ethiopia,2002,2.04,0.02,0.02,2.04,2.04,0,2.06,0
Ethiopia,2003,2.31,0.02,0.02,2.31,2.31,0,2.33,0
Ethiopia,2004,2.55,0.02,0.02,2.55,2.55,0,2.57,0
Ethiopia,2005,2.87,0.01,0.01,2.87,2.87,0,2.88,0
Ethiopia,2006,3.29,0.02,0.02,3.29,3.29,0,3.31,0
Ethiopia,2007,3.39,0.04,0.04,3.39,3.39,0,3.43,0
Ethiopia,2008,3.32,0.01,0.01,3.32,3.32,0,3.33,0
Ethiopia,2009,3.56,0.06,0.06,3.56,3.56,0,3.62,0
Ethiopia,2010,4.96,0.05,0.05,4.96,4.96,0,5.01,0
Ethiopia,2011,6.29,0.05,0.05,6.26,6.29,0.03,6.34,-0.33
Ethiopia,2012,7.55,0.02,0.02,7.36,7.55,0.19,7.57,-0.56
Ethiopia,2013,8.66,0.01,0.01,8.29,8.66,0.37,8.67,-0.64
Ethiopia,2014,9.47,0,0,8.95,9.47,0.52,9.47,-0.76
Ethiopia,2015,10.39,0,0,9.61,10.39,0.78,10.39,-0.7
Ethiopia,2016,12.47,0,0,11.67,12.47,0.8,12.47,-1.3
Ethiopia,2017,13.12,0,0,12.57,13.12,0.55,13.12,-1.43
Ethiopia,2018,14.23,0,0,13.68,14.23,0.55,14.23,-1
Ethiopia,2019,15.3,0.01,0.01,14.43,15.3,0.87,15.31,-1.14
Ethiopia,2020,15.61,0.01,0.01,14.97,15.61,0.64,15.62,-1.64
Ethiopia,2021,15.78,0,0,14.93,15.78,0.85,15.78,-1.66
Ethiopia,2022,17.41,0,0,16.81,17.41,0.6,17.41,-1.75
Ethiopia,2023,17.77,0,0,17.17,17.77,0.6,17.77,-1.78
Ethiopia,2024,25.2,0,0,24.46,25.2,0.74,25.2,-1.76
Ethiopia,2025,33.37,0,0,32.23,33.37,1.14,33.37,-2.35
EU,2000,1266.85,1355.33,555,385.57,406.9,21.33,2622.18,8.84
EU,2001,1325.24,1373.68,580.76,410.42,436.34,25.92,2698.92,-3.35
EU,2002,1292.33,1429.79,615.45,354.65,389.99,35.34,2722.12,7.12
EU,2003,1304.61,1495.32,646.28,353.72,397.43,43.71,2799.93,-2.09
EU,2004,1368.62,1498.93,663.51,381.94,440.16,58.22,2867.55,-11.81
EU,2005,1359.55,1524.84,715.95,373.89,443.47,69.58,2884.39,7.33
EU,2006,1381.63,1550.68,734.18,385.92,467.19,81.27,2932.31,0.46
EU,2007,1368.41,1579.3,750.56,392.39,496.17,103.78,2947.71,10.64
EU,2008,1425.38,1534.4,777.39,419.88,540.65,120.77,2959.78,12.03
EU,2009,1395.98,1412.36,708.81,432.23,571.06,138.83,2808.34,17.29
EU,2010,1507.22,1438.32,737.12,489.38,652.75,163.37,2945.54,4.92
EU,2011,1483.72,1424.97,700.16,432.83,645.95,213.12,2908.69,0.96
EU,2012,1540.82,1362.65,619.97,470.82,728.87,258.05,2903.47,6.76
EU,2013,1613.13,1270.56,541.66,513.59,806.9,293.31,2883.69,-1.81
EU,2014,1649.73,1174.18,481.4,521.1,837.16,316.06,2823.91,-5.03
EU,2015,1642.63,1227.74,522.71,492.46,855.94,363.48,2870.37,-6.65
EU,2016,1639.27,1252.13,592.97,503.92,871.32,367.4,2891.4,0.65
EU,2017,1633.62,1289.36,650.5,455.21,874.22,419.01,2922.98,-4.55
EU,2018,1703.27,1205.35,609.81,506.44,941.33,434.89,2908.62,8.84
EU,2019,1744.18,1130.32,679.53,487.17,978.84,491.67,2874.5,2.93
EU,2020,1743.3,1009.79,657.46,516.91,1059.79,542.88,2753.09,13.97
EU,2021,1808.54,1066.45,647.45,526.84,1076.83,549.99,2874.99,7.28
EU,2022,1689.16,1088.25,639.82,448.31,1079.9,631.59,2777.41,12.94
EU,2023,1845.7,864.49,545.9,494,1226.1,732.1,2710.19,-0.47
EU,2024,1981.2,792.17,520.34,533.21,1331.65,798.44,2773.37,-12.31
EU,2025,1988.57,802.98,546.16,491.13,1336.57,845.44,2791.55,-22.57
Europe,2000,2011.5,2466.75,1245.89,809.64,831.99,22.35,4478.25,NA
Europe,2001,2065.82,2493.29,1271.74,819.92,846.92,27,4559.11,NA
Europe,2002,2038.22,2558.92,1326.12,764.42,801.18,36.76,4597.14,NA
Europe,2003,2034.54,2674.35,1387.23,734.09,779.43,45.34,4708.89,NA
Europe,2004,2132.45,2679.23,1429.8,804.75,865.3,60.55,4811.68,NA
Europe,2005,2148.99,2744.98,1501.53,816.6,889.74,73.14,4893.97,NA
Europe,2006,2168.46,2823.18,1525.28,817.73,904.09,86.36,4991.64,NA
Europe,2007,2158.52,2909.08,1606.38,832.29,942.73,110.44,5067.6,NA
Europe,2008,2207.17,2908.14,1653.6,859.52,989.33,129.81,5115.31,NA
Europe,2009,2195.7,2675.21,1536.47,876.77,1027.49,150.72,4870.91,NA
Europe,2010,2323.19,2768.2,1623.61,943,1120.68,177.68,5091.39,NA
Europe,2011,2303.99,2768.43,1577.79,871.63,1107.34,235.71,5072.42,NA
Europe,2012,2408.77,2704.67,1453.62,945.62,1233.3,287.68,5113.44,NA
Europe,2013,2503.08,2568.8,1352.48,1009.52,1344.53,335.01,5071.88,NA
Europe,2014,2533.77,2465.74,1323.63,995,1360.74,365.74,4999.51,NA
Europe,2015,2587.98,2457.22,1336.26,995.57,1424.76,429.19,5045.2,NA
Europe,2016,2608.26,2498.36,1434.28,1032.37,1469.87,437.5,5106.62,NA
Europe,2017,2620.21,2524.2,1492.64,972.84,1481.37,508.53,5144.41,NA
Europe,2018,2728.24,2439.81,1442.44,1044.59,1586.75,542.16,5168.05,NA
Europe,2019,2797.99,2321.82,1470.53,1042.63,1658.06,615.43,5119.81,NA
Europe,2020,2843.55,2116.81,1388.4,1099.73,1793.33,693.6,4960.36,NA
Europe,2021,2921.29,2272.19,1472.54,1105.63,1809.74,704.11,5193.48,NA
Europe,2022,2771.24,2274.29,1445.65,989.81,1799.87,810.06,5045.53,NA
Europe,2023,2944.69,2035.28,1325.11,1061.25,1978.9,917.65,4979.97,NA
Europe,2024,3129.17,1964.6,1292.4,1131.99,2130.61,998.62,5093.77,NA
Europe,2025,3120.63,1972.67,1321.26,1054.8,2124.33,1069.53,5093.3,NA
Falkland Islands (the) [Malvinas],2000,0,0.01,0.01,0,0,0,0.01,0
Falkland Islands (the) [Malvinas],2001,0,0.01,0.01,0,0,0,0.01,0
Falkland Islands (the) [Malvinas],2002,0,0.01,0.01,0,0,0,0.01,0
Falkland Islands (the) [Malvinas],2003,0,0.01,0.01,0,0,0,0.01,0
Falkland Islands (the) [Malvinas],2004,0,0.01,0.01,0,0,0,0.01,0
Falkland Islands (the) [Malvinas],2005,0,0.01,0.01,0,0,0,0.01,0
Falkland Islands (the) [Malvinas],2006,0,0.02,0.02,0,0,0,0.02,0
Falkland Islands (the) [Malvinas],2007,0,0.02,0.02,0,0,0,0.02,0
Falkland Islands (the) [Malvinas],2008,0,0.01,0.01,0,0,0,0.01,0
Falkland Islands (the) [Malvinas],2009,0,0.01,0.01,0,0,0,0.01,0
Falkland Islands (the) [Malvinas],2010,0,0.01,0.01,0,0,0,0.01,0
Falkland Islands (the) [Malvinas],2011,0.01,0.01,0.01,0,0.01,0.01,0.02,0
Falkland Islands (the) [Malvinas],2012,0.01,0.01,0.01,0,0.01,0.01,0.02,0
Falkland Islands (the) [Malvinas],2013,0.01,0.01,0.01,0,0.01,0.01,0.02,0
Falkland Islands (the) [Malvinas],2014,0.01,0.01,0.01,0,0.01,0.01,0.02,0
Falkland Islands (the) [Malvinas],2015,0.01,0.01,0.01,0,0.01,0.01,0.02,0
Falkland Islands (the) [Malvinas],2016,0.01,0.01,0.01,0,0.01,0.01,0.02,0
Falkland Islands (the) [Malvinas],2017,0,0.01,0.01,0,0,0,0.01,0
Falkland Islands (the) [Malvinas],2018,0,0.01,0.01,0,0,0,0.01,0
Falkland Islands (the) [Malvinas],2019,0,0.01,0.01,0,0,0,0.01,0
Falkland Islands (the) [Malvinas],2020,0,0.01,0.01,0,0,0,0.01,0
Falkland Islands (the) [Malvinas],2021,0,0.01,0.01,0,0,0,0.01,0
Falkland Islands (the) [Malvinas],2022,0,0.01,0.01,0,0,0,0.01,0
Falkland Islands (the) [Malvinas],2023,0,0.01,0.01,0,0,0,0.01,0
Faroe Islands (the),2000,0.08,0.14,0.14,0.08,0.08,0,0.22,0
Faroe Islands (the),2001,0.08,0.16,0.16,0.08,0.08,0,0.24,0
Faroe Islands (the),2002,0.1,0.14,0.14,0.1,0.1,0,0.24,0
Faroe Islands (the),2003,0.08,0.16,0.16,0.08,0.08,0,0.24,0
Faroe Islands (the),2004,0.1,0.15,0.15,0.09,0.1,0.01,0.25,0
Faroe Islands (the),2005,0.11,0.14,0.14,0.1,0.11,0.01,0.25,0
Faroe Islands (the),2006,0.11,0.14,0.14,0.1,0.11,0.01,0.25,0
Faroe Islands (the),2007,0.12,0.15,0.15,0.1,0.12,0.02,0.27,0
Faroe Islands (the),2008,0.1,0.17,0.17,0.09,0.1,0.01,0.27,0
Faroe Islands (the),2009,0.1,0.17,0.17,0.09,0.1,0.01,0.27,0
Faroe Islands (the),2010,0.08,0.2,0.2,0.07,0.08,0.01,0.28,0
Faroe Islands (the),2011,0.1,0.17,0.17,0.09,0.1,0.01,0.27,0
Faroe Islands (the),2012,0.11,0.18,0.18,0.1,0.11,0.01,0.29,0
Faroe Islands (the),2013,0.11,0.18,0.18,0.09,0.11,0.02,0.29,0
Faroe Islands (the),2014,0.16,0.15,0.15,0.12,0.16,0.04,0.31,0
Faroe Islands (the),2015,0.19,0.13,0.13,0.13,0.19,0.06,0.32,0
Faroe Islands (the),2016,0.15,0.16,0.16,0.1,0.15,0.05,0.31,0
Faroe Islands (the),2017,0.17,0.16,0.16,0.11,0.17,0.06,0.33,0
Faroe Islands (the),2018,0.17,0.18,0.18,0.11,0.17,0.06,0.35,0
Faroe Islands (the),2019,0.15,0.23,0.23,0.1,0.15,0.05,0.38,0
Faroe Islands (the),2020,0.16,0.25,0.25,0.11,0.16,0.05,0.41,0
Faroe Islands (the),2021,0.17,0.26,0.26,0.12,0.17,0.05,0.43,0
Faroe Islands (the),2022,0.22,0.26,0.26,0.13,0.22,0.09,0.48,0
Faroe Islands (the),2023,0.23,0.26,0.26,0.14,0.23,0.09,0.49,0
Fiji,2000,0.54,0.21,0.21,0.54,0.54,0,0.75,0
Fiji,2001,0.59,0.2,0.2,0.59,0.59,0,0.79,0
Fiji,2002,0.58,0.25,0.25,0.58,0.58,0,0.83,0
Fiji,2003,0.47,0.4,0.4,0.47,0.47,0,0.87,0
Fiji,2004,0.5,0.38,0.38,0.5,0.5,0,0.88,0
Fiji,2005,0.47,0.42,0.42,0.47,0.47,0,0.89,0
Fiji,2006,0.47,0.43,0.43,0.47,0.47,0,0.9,0
Fiji,2007,0.61,0.28,0.28,0.6,0.61,0.01,0.89,0
Fiji,2008,0.57,0.27,0.27,0.55,0.57,0.02,0.84,0
Fiji,2009,0.52,0.31,0.31,0.5,0.52,0.02,0.83,0
Fiji,2010,0.46,0.42,0.42,0.45,0.46,0.01,0.88,0
Fiji,2011,0.49,0.36,0.36,0.49,0.49,0,0.85,0
Fiji,2012,0.57,0.29,0.29,0.56,0.57,0.01,0.86,0
Fiji,2013,0.56,0.32,0.32,0.56,0.56,0,0.88,0
Fiji,2014,0.44,0.47,0.47,0.44,0.44,0,0.91,0
Fiji,2015,0.45,0.48,0.48,0.44,0.45,0.01,0.93,0
Fiji,2016,0.52,0.43,0.43,0.51,0.52,0.01,0.95,0
Fiji,2017,0.51,0.51,0.51,0.5,0.51,0.01,1.02,0
Fiji,2018,0.65,0.45,0.45,0.64,0.65,0.01,1.1,0
Fiji,2019,0.66,0.48,0.48,0.65,0.66,0.01,1.14,0
Fiji,2020,0.68,0.4,0.4,0.67,0.68,0.01,1.08,0
Fiji,2021,0.66,0.4,0.4,0.65,0.66,0.01,1.06,0
Fiji,2022,0.65,0.42,0.42,0.64,0.65,0.01,1.07,0
Fiji,2023,0.73,0.42,0.42,0.72,0.73,0.01,1.15,0
Fiji,2024,0.73,0.42,0.42,0.72,0.73,0.01,1.15,0
Finland,2000,45.86,24.11,15.62,23.3,23.38,0.08,69.97,11.88
Finland,2001,44.31,30.14,19.53,21.47,21.54,0.07,74.45,9.96
Finland,2002,42.13,32.79,20.08,19.77,19.83,0.06,74.92,11.92
Finland,2003,41.79,42.49,23.24,18.97,19.06,0.09,84.28,4.85
Finland,2004,48.35,37.49,20.99,25.51,25.63,0.12,85.84,4.87
Finland,2005,46.73,23.83,17.33,23.29,23.46,0.17,70.56,17.01
Finland,2006,45.37,36.92,20.59,22.3,22.46,0.16,82.29,11.4
Finland,2007,47.74,33.43,19.54,24.13,24.32,0.19,81.17,12.56
Finland,2008,50.73,26.62,18.12,27.51,27.77,0.26,77.35,12.77
Finland,2009,45.23,26.83,15.7,21.42,21.7,0.28,72.06,12.09
Finland,2010,46.98,33.66,19.12,23.89,24.18,0.29,80.64,10.5
Finland,2011,47.37,26.13,16.35,23.69,24.18,0.49,73.5,13.85
Finland,2012,51.55,18.86,11.76,28.06,28.56,0.5,70.41,17.44
Finland,2013,49.24,22.02,11.33,24.85,25.63,0.78,71.26,15.71
Finland,2014,49.86,18.24,10.32,25.16,26.28,1.12,68.1,17.97
Finland,2015,53.78,14.83,9.71,28.19,30.53,2.34,68.61,16.34
Finland,2016,53.61,15.14,8.17,27.32,30.41,3.09,68.75,18.95
Finland,2017,53.95,13.57,7.71,26.63,31.47,4.84,67.52,20.43
Finland,2018,54.93,15.3,9.51,26.21,32.14,5.93,70.23,19.94
Finland,2019,55.75,12.86,8.5,25.71,31.88,6.17,68.61,20.04
Finland,2020,59.22,10.02,7.58,27.45,35.93,8.48,69.24,15.1
Finland,2021,61.78,10.33,7.66,29.37,38.18,8.81,72.11,17.77
Finland,2022,64,8.17,4.73,26.25,38.66,12.41,72.17,12.52
Finland,2023,76.61,4.91,3.35,26.54,42.3,15.76,81.52,1.72
Finland,2024,78.71,3.84,3.01,24.69,46.11,21.42,82.55,3.18
Finland,2025,79.29,3.01,2.85,22.91,46.47,23.56,82.3,5.56
France,2000,482.99,49.57,22.57,67.77,67.83,0.06,532.56,-69.48
France,2001,497.17,45.43,24.95,75.95,76.09,0.14,542.6,-68.39
France,2002,499.45,51.79,28.13,62.41,62.69,0.28,551.24,-77.03
France,2003,502.54,56.59,30.33,61.07,61.47,0.4,559.13,-66.41
France,2004,510.66,55.64,31.27,61.82,62.42,0.6,566.3,-61.91
France,2005,506.51,62.63,35.12,54.01,54.98,0.97,569.14,-60.33
France,2006,511.1,56.2,33.31,58.72,60.91,2.19,567.3,-63.34
France,2007,504.03,57.81,33.36,60.21,64.3,4.09,561.84,-56.81
France,2008,511.78,55.2,32.14,66.6,72.33,5.73,566.98,-47.99
France,2009,477.89,50.98,29.31,60.07,68.15,8.08,528.87,-25.93
France,2010,505.2,57.16,33.8,66.12,76.68,10.56,562.36,-30.71
France,2011,508.41,59.25,41.86,51.32,66.02,14.7,567.66,-56.41
France,2012,510.66,56.93,35.47,65.64,85.25,19.61,567.59,-44.52
France,2013,523.11,53.64,29.8,78.1,99.43,21.33,576.75,-48.46
France,2014,530.51,35.8,24.54,70.32,94.03,23.71,566.31,-67.19
France,2015,529.27,44.88,32.99,62.67,91.84,29.17,574.15,-64.06
France,2016,502.2,56.64,46.41,68.96,99,30.04,558.84,-41.5
France,2017,490.27,65.47,52.66,58.43,91.91,33.48,555.74,-40.13
France,2018,526.79,49.45,41.14,74.1,113.85,39.75,576.24,-62.97
France,2019,511.91,53.61,49.97,66.16,112.9,46.74,565.52,-57.67
France,2020,478.86,48.39,45.3,71.89,125.03,53.14,527.25,-45.04
France,2021,501.46,48.85,43.41,69.7,122.1,52.4,550.31,-44.89
France,2022,408.02,60.35,56.19,55.75,113.29,57.54,468.37,14.94
France,2023,477.69,41.06,39.45,66.42,139.49,73.07,518.75,-50.47
France,2024,533.28,28.66,27.64,82.37,152.83,70.46,561.94,-89.98
France,2025,540.79,29.35,27.61,70.25,148.72,78.47,570.14,-93.35
French Guiana,2000,0.41,0.05,0.05,0.41,0.41,0,0.46,0
French Guiana,2001,0.42,0.18,0.18,0.42,0.42,0,0.6,0
French Guiana,2002,0.42,0.21,0.21,0.42,0.42,0,0.63,0
French Guiana,2003,0.34,0.33,0.33,0.34,0.34,0,0.67,0
French Guiana,2004,0.41,0.26,0.26,0.41,0.41,0,0.67,0
French Guiana,2005,0.43,0.28,0.28,0.43,0.43,0,0.71,0
French Guiana,2006,0.54,0.19,0.19,0.54,0.54,0,0.73,0
French Guiana,2007,0.5,0.23,0.23,0.5,0.5,0,0.73,0
French Guiana,2008,0.5,0.25,0.25,0.5,0.5,0,0.75,0
French Guiana,2009,0.35,0.43,0.43,0.35,0.35,0,0.78,0
French Guiana,2010,0.47,0.36,0.36,0.47,0.47,0,0.83,0
French Guiana,2011,0.51,0.32,0.32,0.47,0.51,0.04,0.83,0
French Guiana,2012,0.62,0.27,0.27,0.57,0.62,0.05,0.89,0
French Guiana,2013,0.54,0.35,0.35,0.5,0.54,0.04,0.89,0
French Guiana,2014,0.56,0.36,0.36,0.51,0.56,0.05,0.92,0
French Guiana,2015,0.55,0.38,0.38,0.5,0.55,0.05,0.93,0
French Guiana,2016,0.5,0.41,0.41,0.45,0.5,0.05,0.91,0
French Guiana,2017,0.62,0.3,0.3,0.57,0.62,0.05,0.92,0
French Guiana,2018,0.6,0.33,0.33,0.55,0.6,0.05,0.93,0
French Guiana,2019,0.47,0.48,0.48,0.42,0.47,0.05,0.95,0
French Guiana,2020,0.5,0.45,0.45,0.44,0.5,0.06,0.95,0
French Guiana,2021,0.68,0.29,0.29,0.62,0.68,0.06,0.97,0
French Guiana,2022,0.68,0.27,0.27,0.63,0.68,0.05,0.95,0
French Guiana,2023,0.64,0.34,0.34,0.58,0.64,0.06,0.98,0
French Polynesia,2000,0.12,0.29,0.29,0.12,0.12,0,0.41,0
French Polynesia,2001,0.1,0.32,0.32,0.1,0.1,0,0.42,0
French Polynesia,2002,0.13,0.33,0.33,0.13,0.13,0,0.46,0
French Polynesia,2003,0.15,0.32,0.32,0.15,0.15,0,0.47,0
French Polynesia,2004,0.18,0.36,0.36,0.18,0.18,0,0.54,0
French Polynesia,2005,0.18,0.33,0.33,0.18,0.18,0,0.51,0
French Polynesia,2006,0.2,0.33,0.33,0.2,0.2,0,0.53,0
French Polynesia,2007,0.22,0.33,0.33,0.22,0.22,0,0.55,0
French Polynesia,2008,0.21,0.36,0.36,0.21,0.21,0,0.57,0
French Polynesia,2009,0.21,0.37,0.37,0.21,0.21,0,0.58,0
French Polynesia,2010,0.27,0.52,0.52,0.27,0.27,0,0.79,0
French Polynesia,2011,0.23,0.51,0.51,0.22,0.23,0.01,0.74,0
French Polynesia,2012,0.21,0.51,0.51,0.2,0.21,0.01,0.72,0
French Polynesia,2013,0.17,0.51,0.51,0.15,0.17,0.02,0.68,0
French Polynesia,2014,0.2,0.48,0.48,0.17,0.2,0.03,0.68,0
French Polynesia,2015,0.2,0.48,0.48,0.17,0.2,0.03,0.68,0
French Polynesia,2016,0.21,0.47,0.47,0.18,0.21,0.03,0.68,0
French Polynesia,2017,0.22,0.47,0.47,0.18,0.22,0.04,0.69,0
French Polynesia,2018,0.2,0.48,0.48,0.16,0.2,0.04,0.68,0
French Polynesia,2019,0.2,0.49,0.49,0.16,0.2,0.04,0.69,0
French Polynesia,2020,0.2,0.46,0.46,0.16,0.2,0.04,0.66,0
French Polynesia,2021,0.19,0.47,0.47,0.14,0.19,0.05,0.66,0
French Polynesia,2022,0.24,0.47,0.47,0.19,0.24,0.05,0.71,0
French Polynesia,2023,0.24,0.47,0.47,0.19,0.24,0.05,0.71,0
French Polynesia,2024,0.25,0.47,0.47,0.19,0.25,0.06,0.72,0
G20,2000,4555.39,8474.77,3012.48,2127.86,2159.44,31.58,13030.16,NA
G20,2001,4584.47,8603.47,3087.12,2075.1,2113.74,38.64,13187.94,NA
G20,2002,4671.16,8958.75,3205.76,2112.18,2165.04,52.86,13629.91,NA
G20,2003,4642.92,9482.85,3333.7,2129.34,2193.29,63.95,14125.77,NA
G20,2004,4955.53,9824.06,3466.22,2307.38,2393.72,86.34,14779.59,NA
G20,2005,5055.1,10302.59,3593.96,2379.28,2485.11,105.83,15357.69,NA
G20,2006,5227.23,10718.82,3640.36,2493.08,2628.52,135.44,15946.05,NA
G20,2007,5252.76,11443.5,3912.61,2540.6,2714.93,174.33,16696.26,NA
G20,2008,5489.04,11509.34,3956.04,2728.8,2956.7,227.9,16998.38,NA
G20,2009,5543.03,11279.3,3844.12,2753.55,3043.38,289.83,16822.33,NA
G20,2010,5889.63,12057.02,4146.87,2955.56,3325.69,370.13,17946.65,NA
G20,2011,5946.27,12632.67,4305.79,3008.38,3501.32,492.94,18578.94,NA
G20,2012,6036.37,12915.02,4557.37,3156.81,3768.99,612.18,18951.39,NA
G20,2013,6326.99,13156.1,4351.72,3293.8,4040.14,746.34,19483.09,NA
G20,2014,6639.02,13344.91,4363.43,3432.69,4309.55,876.86,19983.93,NA
G20,2015,6890.24,13231.41,4586.1,3466.65,4514.9,1048.25,20121.65,NA
G20,2016,7239,13437.08,4788.54,3576.4,4815.81,1239.41,20676.08,NA
G20,2017,7567.51,13762.86,4800.25,3594.79,5119.17,1524.38,21330.37,NA
G20,2018,8000.75,14202.3,4918.53,3730.97,5497.72,1766.75,22203.05,NA
G20,2019,8441.11,14042,5013.97,3838.88,5846.28,2007.4,22483.11,NA
G20,2020,8769.24,13589.02,4950.88,3971.46,6273.06,2301.6,22358.26,NA
G20,2021,9225.1,14457.53,5084.43,3912.56,6633.48,2720.92,23682.63,NA
G20,2022,9639.79,14635.54,5134.83,3949.52,7166.49,3216.97,24275.33,NA
G20,2023,10108.21,14781.07,5147.96,3857.82,7582.51,3724.69,24889.28,NA
G20,2024,10996.26,15013.54,5270.13,4045.01,8397.53,4352.52,26009.8,NA
G20,2025,11798.76,14960.03,5237.71,4019.04,9154.98,5135.94,26758.79,NA
G7,2000,2797.07,4457.03,1666.38,964.2,981.94,17.74,7254.1,NA
G7,2001,2745.78,4430.9,1683.93,876.54,897.78,21.24,7176.68,NA
G7,2002,2820.11,4526.75,1735.51,929.9,961.34,31.44,7346.86,NA
G7,2003,2736.27,4659.17,1775.65,936.49,973.27,36.78,7395.44,NA
G7,2004,2854.59,4680.58,1806.54,945.75,995.12,49.37,7535.17,NA
G7,2005,2874.94,4809.08,1880.25,953.49,1012.31,58.82,7684.02,NA
G7,2006,2943.86,4776.24,1873.59,985.42,1062.16,76.74,7720.1,NA
G7,2007,2872.01,4980.78,2038.94,950.22,1050.46,100.24,7852.79,NA
G7,2008,2908.92,4917.22,2031.2,985.79,1115.19,129.4,7826.14,NA
G7,2009,2932.68,4514.98,1944.38,997.2,1155.95,158.75,7447.66,NA
G7,2010,3019.21,4723.06,2038.9,1003.45,1198.63,195.18,7742.27,NA
G7,2011,2993.94,4676.4,2144.98,1064.47,1328.53,264.06,7670.34,NA
G7,2012,2845.93,4784.68,2377.37,1048.2,1369.13,320.93,7630.61,NA
G7,2013,2970.92,4678.88,2177.28,1093.84,1473,379.16,7649.8,NA
G7,2014,3030.19,4581.18,2145.13,1083.9,1529.12,445.22,7611.37,NA
G7,2015,3107.14,4499.94,2329.77,1071.96,1604.78,532.82,7607.08,NA
G7,2016,3170.21,4473.67,2492.65,1087.21,1686.56,599.35,7643.88,NA
G7,2017,3301.06,4327.97,2386.62,1113.6,1821.42,707.82,7629.03,NA
G7,2018,3413.45,4360.57,2515.63,1127.68,1903.23,775.55,7774.02,NA
G7,2019,3461.32,4182.95,2616.23,1103.23,1955.52,852.29,7644.27,NA
G7,2020,3477.11,3914.1,2604.65,1118.83,2078.27,959.44,7391.21,NA
G7,2021,3525.97,4037.25,2565.26,1080.85,2098.53,1017.68,7563.22,NA
G7,2022,3510.93,4120.61,2698.98,1054.26,2224.15,1169.89,7631.54,NA
G7,2023,3602.61,3878.97,2709.8,1032.71,2275.83,1243.12,7481.58,NA
G7,2024,3794.15,3859.7,2742.07,1058.26,2420.87,1362.61,7653.85,NA
G7,2025,3936.5,3893.55,2691.43,1039.7,2543.86,1504.16,7830.05,NA
Gabon,2000,0.81,0.5,0.5,0.81,0.81,0,1.31,0
Gabon,2001,0.88,0.52,0.52,0.88,0.88,0,1.4,0
Gabon,2002,0.92,0.55,0.55,0.92,0.92,0,1.47,0
Gabon,2003,0.9,0.63,0.63,0.9,0.9,0,1.53,0
Gabon,2004,0.89,0.64,0.64,0.89,0.89,0,1.53,0
Gabon,2005,0.81,0.76,0.76,0.81,0.81,0,1.57,0
Gabon,2006,0.95,0.71,0.71,0.95,0.95,0,1.66,0
Gabon,2007,0.8,0.93,0.93,0.8,0.8,0,1.73,0
Gabon,2008,0.89,0.92,0.92,0.89,0.89,0,1.81,0
Gabon,2009,0.95,0.88,0.88,0.95,0.95,0,1.83,0
Gabon,2010,0.91,1.02,1.02,0.91,0.91,0,1.93,0
Gabon,2011,0.84,1.19,1.19,0.84,0.84,0,2.03,0
Gabon,2012,0.91,1.25,1.25,0.91,0.91,0,2.16,0
Gabon,2013,0.94,1.15,1.15,0.94,0.94,0,2.09,0.18
Gabon,2014,0.8,1.19,1.19,0.8,0.8,0,1.99,0.39
Gabon,2015,0.92,1.2,1.2,0.92,0.92,0,2.12,0.34
Gabon,2016,0.83,1.36,1.36,0.83,0.83,0,2.19,0.35
Gabon,2017,0.94,1.3,1.3,0.94,0.94,0,2.24,0.46
Gabon,2018,1.31,1.47,1.47,1.31,1.31,0,2.78,0.51
Gabon,2019,1.32,1.52,1.52,1.32,1.32,0,2.84,0.53
Gabon,2020,1.43,1.5,1.5,1.43,1.43,0,2.93,0.54
Gabon,2021,1.38,1.58,1.58,1.38,1.38,0,2.96,0.53
Gabon,2022,1.53,1.66,1.66,1.53,1.53,0,3.19,0.54
Gabon,2023,0.92,1.67,1.67,0.92,0.92,0,2.59,0.58
Gabon,2024,0.92,1.68,1.68,0.92,0.92,0,2.6,0.58
Gambia (the),2000,0,0.13,0.13,0,0,0,0.13,0
Gambia (the),2001,0,0.15,0.15,0,0,0,0.15,0
Gambia (the),2002,0,0.15,0.15,0,0,0,0.15,0
Gambia (the),2003,0,0.17,0.17,0,0,0,0.17,0
Gambia (the),2004,0,0.19,0.19,0,0,0,0.19,0
Gambia (the),2005,0,0.2,0.2,0,0,0,0.2,0
Gambia (the),2006,0,0.22,0.22,0,0,0,0.22,0
Gambia (the),2007,0,0.23,0.23,0,0,0,0.23,0
Gambia (the),2008,0,0.24,0.24,0,0,0,0.24,0
Gambia (the),2009,0,0.24,0.24,0,0,0,0.24,0
Gambia (the),2010,0,0.25,0.25,0,0,0,0.25,0
Gambia (the),2011,0,0.25,0.25,0,0,0,0.25,0
Gambia (the),2012,0,0.25,0.25,0,0,0,0.25,0
Gambia (the),2013,0,0.25,0.25,0,0,0,0.25,0
Gambia (the),2014,0,0.25,0.25,0,0,0,0.25,0
Gambia (the),2015,0,0.28,0.28,0,0,0,0.28,0
Gambia (the),2016,0,0.3,0.3,0,0,0,0.3,0
Gambia (the),2017,0,0.31,0.31,0,0,0,0.31,0
Gambia (the),2018,0,0.39,0.39,0,0,0,0.39,0
Gambia (the),2019,0,0.46,0.46,0,0,0,0.46,0
Gambia (the),2020,0,0.48,0.48,0,0,0,0.48,0
Gambia (the),2021,0,0.5,0.5,0,0,0,0.5,0
Gambia (the),2022,0,0.51,0.51,0,0,0,0.51,0
Gambia (the),2023,0,0.51,0.51,0,0,0,0.51,0
Gambia (the),2024,0,0.51,0.51,0,0,0,0.51,0
Georgia,2000,5.8,1.56,1.56,5.8,5.8,0,7.36,0.25
Georgia,2001,5.49,1.39,1.39,5.49,5.49,0,6.88,0.27
Georgia,2002,6.7,0.49,0.49,6.7,6.7,0,7.19,0.45
Georgia,2003,6.46,0.64,0.64,6.46,6.46,0,7.1,0.91
Georgia,2004,5.99,0.87,0.87,5.99,5.99,0,6.86,1.28
Georgia,2005,6.17,1.03,1.03,6.17,6.17,0,7.2,1.35
Georgia,2006,5.26,2.21,2.21,5.26,5.26,0,7.47,0.62
Georgia,2007,6.75,1.75,1.75,6.75,6.75,0,8.5,-0.2
Georgia,2008,7.09,1.29,1.29,7.09,7.09,0,8.38,-0.12
Georgia,2009,7.34,0.99,0.99,7.34,7.34,0,8.33,-0.49
Georgia,2010,9.27,0.68,0.68,9.27,9.27,0,9.95,-1.26
Georgia,2011,7.81,2.21,2.21,7.81,7.81,0,10.02,-0.45
Georgia,2012,7.15,2.47,2.47,7.15,7.15,0,9.62,0.09
Georgia,2013,8.19,1.79,1.79,8.19,8.19,0,9.98,0.03
Georgia,2014,8.25,2.04,2.04,8.25,8.25,0,10.29,0.25
Georgia,2015,8.37,2.38,2.38,8.37,8.37,0,10.75,0.04
Georgia,2016,9.25,2.24,2.22,9.24,9.25,0.01,11.49,-0.08
Georgia,2017,9.21,2.23,2.21,9.12,9.21,0.09,11.44,0.81
Georgia,2018,9.93,2.11,2.1,9.85,9.93,0.08,12.04,0.92
Georgia,2019,9.02,2.84,2.84,8.93,9.02,0.09,11.86,1.38
Georgia,2020,8.34,2.82,2.82,8.25,8.34,0.09,11.16,1.46
Georgia,2021,10.26,2.38,2.38,10.18,10.26,0.08,12.64,1.62
Georgia,2022,10.86,3.39,3.39,10.77,10.86,0.09,14.25,0.56
Georgia,2023,10.98,3.45,3.45,10.86,10.98,0.12,14.43,-0.68
Georgia,2024,11.12,2.81,2.81,11,11.12,0.12,13.93,0.18
Georgia,2025,10.75,2.75,2.75,10.64,10.75,0.11,13.5,1.2
Germany,2000,205.02,363.93,67.25,26.06,35.41,9.35,568.95,3.06
Germany,2001,209.18,369.76,76.02,27.32,37.88,10.56,578.94,3.66
Germany,2002,209.33,374.43,74.83,28.43,44.49,16.06,583.76,10
Germany,2003,211.73,390.3,85.67,27.27,46.67,19.4,602.03,-3.27
Germany,2004,225.04,384.56,85.79,31.39,57.97,26.58,609.6,-2.62
Germany,2005,226.48,386.86,98.72,34.35,63.43,29.08,613.34,-4.57
Germany,2006,239.83,390.37,101.44,38.97,72.56,33.59,630.2,-16.98
Germany,2007,229.97,401.13,104.03,45.79,89.44,43.65,631.1,-16.56
Germany,2008,242.86,389.43,114.22,48.48,94.37,45.89,632.29,-20.1
Germany,2009,231.01,356.95,103.5,49.94,96.08,46.14,587.96,-12.27
Germany,2010,245.97,378.24,115.35,54.9,105.41,50.51,624.21,-14.95
Germany,2011,232.4,372.6,110.14,54.58,124.43,69.85,605,-3.77
Germany,2012,242.86,376.95,100.72,64.98,143.4,78.42,619.81,-20.54
Germany,2013,249.24,380.45,92.25,68.59,151.95,83.36,629.69,-32.19
Germany,2014,259.06,359.69,85.28,67.98,161.93,93.95,618.75,-33.88
Germany,2015,279.93,359.24,87.04,69.44,188.14,118.7,639.17,-48.28
Germany,2016,273.76,367.76,106.01,71.65,189.13,117.48,641.52,-50.52
Germany,2017,292,352.46,111.2,71.23,215.68,144.45,644.46,-52.46
Germany,2018,298.93,333.35,105.19,68.66,222.93,154.27,632.28,-48.74
Germany,2019,316.24,283.85,112.4,70.06,241.17,171.11,600.09,-32.67
Germany,2020,315.87,250.88,116.28,69.88,251.49,181.61,566.75,-19.03
Germany,2021,301.63,277.2,112.55,69,232.5,163.5,578.83,-18.58
Germany,2022,286.25,280.63,100.7,66.43,251.54,185.11,566.88,-27.26
Germany,2023,284.32,222.4,97.62,72.69,277.1,204.41,506.72,9.22
Germany,2024,290.86,205.13,98.8,75.13,290.86,215.73,495.99,26.27
Germany,2025,295.74,204.73,101.58,70.09,295.74,225.65,500.47,19.54
Ghana,2000,6.55,0.62,0.62,6.55,6.55,0,7.17,0.21
Ghana,2001,6.55,1.26,1.26,6.55,6.55,0,7.81,0.15
Ghana,2002,5,2.27,2.27,5,5,0,7.27,0.43
Ghana,2003,3.86,2.02,2.02,3.86,3.86,0,5.88,0.34
Ghana,2004,5.24,0.76,0.76,5.24,5.24,0,6,0.21
Ghana,2005,5.58,1.16,1.16,5.58,5.58,0,6.74,0.18
Ghana,2006,5.57,2.82,2.82,5.57,5.57,0,8.39,-0.13
Ghana,2007,3.7,3.26,3.26,3.7,3.7,0,6.96,0.19
Ghana,2008,6.15,2.17,2.17,6.15,6.15,0,8.32,-0.26
Ghana,2009,6.83,2.11,2.11,6.83,6.83,0,8.94,-0.55
Ghana,2010,6.95,3.17,3.17,6.95,6.95,0,10.12,-0.93
Ghana,2011,7.51,3.8,3.8,7.51,7.51,0,11.31,-0.61
Ghana,2012,8.01,4.14,4.14,8.01,8.01,0,12.15,-0.54
Ghana,2013,8.17,4.82,4.82,8.17,8.17,0,12.99,-0.5
Ghana,2014,8.32,4.76,4.76,8.32,8.32,0,13.08,-0.47
Ghana,2015,5.81,5.83,5.83,5.81,5.81,0,11.64,-0.36
Ghana,2016,5.56,7.61,7.61,5.53,5.56,0.03,13.17,0.56
Ghana,2017,5.67,7.63,7.63,5.64,5.67,0.03,13.3,0.05
Ghana,2018,6.07,8.84,8.84,6.04,6.07,0.03,14.91,-0.6
Ghana,2019,7.32,9.98,9.98,7.27,7.32,0.05,17.3,-1.3
Ghana,2020,7.37,12.36,12.36,7.31,7.37,0.06,19.73,-1.74
Ghana,2021,7.68,14.4,14.4,7.55,7.68,0.13,22.08,-1.69
Ghana,2022,8.37,14.85,14.85,8.21,8.37,0.16,23.22,-2.17
Ghana,2023,9.36,14.94,14.94,9.21,9.36,0.15,24.3,-2.45
Ghana,2024,8.79,15.48,15.48,8.62,8.79,0.17,24.27,-2.44
Gibraltar,2000,0,0.13,0.13,0,0,0,0.13,0
Gibraltar,2001,0,0.13,0.13,0,0,0,0.13,0
Gibraltar,2002,0,0.13,0.13,0,0,0,0.13,0
Gibraltar,2003,0,0.13,0.13,0,0,0,0.13,0
Gibraltar,2004,0,0.14,0.14,0,0,0,0.14,0
Gibraltar,2005,0,0.14,0.14,0,0,0,0.14,0
Gibraltar,2006,0,0.15,0.15,0,0,0,0.15,0
Gibraltar,2007,0,0.16,0.16,0,0,0,0.16,0
Gibraltar,2008,0,0.17,0.17,0,0,0,0.17,0
Gibraltar,2009,0,0.17,0.17,0,0,0,0.17,0
Gibraltar,2010,0,0.18,0.18,0,0,0,0.18,0
Gibraltar,2011,0,0.17,0.17,0,0,0,0.17,0
Gibraltar,2012,0,0.18,0.18,0,0,0,0.18,0
Gibraltar,2013,0,0.19,0.19,0,0,0,0.19,0
Gibraltar,2014,0,0.2,0.2,0,0,0,0.2,0
Gibraltar,2015,0,0.22,0.22,0,0,0,0.22,0
Gibraltar,2016,0,0.21,0.21,0,0,0,0.21,0
Gibraltar,2017,0,0.21,0.21,0,0,0,0.21,0
Gibraltar,2018,0,0.22,0.22,0,0,0,0.22,0
Gibraltar,2019,0,0.22,0.22,0,0,0,0.22,0
Gibraltar,2020,0,0.21,0.21,0,0,0,0.21,0
Gibraltar,2021,0,0.23,0.23,0,0,0,0.23,0
Gibraltar,2022,0,0.21,0.21,0,0,0,0.21,0
Gibraltar,2023,0,0.23,0.23,0,0,0,0.23,0
Gibraltar,2024,0,0.22,0.22,0,0,0,0.22,0
Greece,2000,4.14,48.8,14.49,3.69,4.14,0.45,52.94,-0.01
Greece,2001,2.94,49.6,14.17,2.18,2.94,0.76,52.54,2.5
Greece,2002,3.58,49.78,15.21,2.93,3.58,0.65,53.36,2.9
Greece,2003,5.89,51.39,16.22,4.87,5.89,1.02,57.28,2.09
Greece,2004,5.91,52.31,16.93,4.79,5.91,1.12,58.22,2.82
Greece,2005,6.41,52.32,16.78,5.14,6.41,1.27,58.73,3.78
Greece,2006,7.67,51.74,19.48,5.97,7.67,1.7,59.41,4.2
Greece,2007,4.59,57.81,23.13,2.77,4.59,1.82,62.4,4.36
Greece,2008,5.75,56.43,23.07,3.5,5.75,2.25,62.18,5.61
Greece,2009,8.16,52.18,17.99,5.57,8.16,2.59,60.34,4.37
Greece,2010,10.53,46.08,15.28,7.66,10.53,2.87,56.61,5.71
Greece,2011,8.15,50.3,19.23,4.22,8.15,3.93,58.45,3.23
Greece,2012,10.13,49.78,18.67,4.59,10.13,5.54,59.91,1.78
Greece,2013,14.36,42.01,15.61,6.57,14.36,7.79,56.37,1.89
Greece,2014,12.18,37.44,11.69,4.7,12.18,7.48,49.62,8.82
Greece,2015,14.85,36.2,14.09,6.33,14.85,8.52,51.05,9.61
Greece,2016,14.89,38.95,20.07,5.81,14.89,9.08,53.84,8.8
Greece,2017,13.8,41,22.24,4.27,13.8,9.53,54.8,6.24
Greece,2018,16.14,36.47,19.28,6.05,16.14,10.09,52.61,6.28
Greece,2019,16.1,31.85,19.73,4.4,16.1,11.7,47.95,9.94
Greece,2020,17.55,29.96,23.35,3.79,17.55,13.76,47.51,8.86
Greece,2021,22.13,32.11,26.79,6.4,22.13,15.73,54.24,3.68
Greece,2022,22.45,29.22,23.46,4.43,22.45,18.02,51.67,3.45
Greece,2023,24.38,24.55,19.96,4.47,24.38,19.91,48.93,4.91
Greece,2024,28.1,28.98,25.71,4.29,28.1,23.81,57.08,-0.31
Greece,2025,27.67,30.25,27.51,4.13,27.67,23.54,57.92,-2.53
Greenland,2000,0.17,0.12,0.12,0.17,0.17,0,0.29,0
Greenland,2001,0.16,0.12,0.12,0.16,0.16,0,0.28,0
Greenland,2002,0.18,0.13,0.13,0.18,0.18,0,0.31,0
Greenland,2003,0.18,0.13,0.13,0.18,0.18,0,0.31,0
Greenland,2004,0.19,0.14,0.14,0.19,0.19,0,0.33,0
Greenland,2005,0.2,0.14,0.14,0.2,0.2,0,0.34,0
Greenland,2006,0.2,0.15,0.15,0.2,0.2,0,0.35,0
Greenland,2007,0.2,0.16,0.16,0.2,0.2,0,0.36,0
Greenland,2008,0.2,0.17,0.17,0.2,0.2,0,0.37,0
Greenland,2009,0.26,0.15,0.15,0.26,0.26,0,0.41,0
Greenland,2010,0.29,0.12,0.12,0.29,0.29,0,0.41,0
Greenland,2011,0.34,0.11,0.11,0.34,0.34,0,0.45,0
Greenland,2012,0.34,0.11,0.11,0.34,0.34,0,0.45,0
Greenland,2013,0.37,0.09,0.09,0.37,0.37,0,0.46,0
Greenland,2014,0.39,0.09,0.09,0.39,0.39,0,0.48,0
Greenland,2015,0.42,0.09,0.09,0.42,0.42,0,0.51,0
Greenland,2016,0.4,0.08,0.08,0.4,0.4,0,0.48,0
Greenland,2017,0.38,0.12,0.12,0.38,0.38,0,0.5,0
Greenland,2018,0.42,0.1,0.1,0.42,0.42,0,0.52,0
Greenland,2019,0.41,0.08,0.08,0.41,0.41,0,0.49,0
Greenland,2020,0.43,0.09,0.09,0.43,0.43,0,0.52,0
Greenland,2021,0.43,0.08,0.08,0.43,0.43,0,0.51,0
Greenland,2022,0.47,0.07,0.07,0.47,0.47,0,0.54,0
Greenland,2023,0.5,0.11,0.11,0.5,0.5,0,0.61,0
Greenland,2024,0.5,0.1,0.1,0.5,0.5,0,0.6,0
Grenada,2000,0,0.13,0.13,0,0,0,0.13,0
Grenada,2001,0,0.14,0.14,0,0,0,0.14,0
Grenada,2002,0,0.15,0.15,0,0,0,0.15,0
Grenada,2003,0,0.16,0.16,0,0,0,0.16,0
Grenada,2004,0,0.14,0.14,0,0,0,0.14,0
Grenada,2005,0,0.15,0.15,0,0,0,0.15,0
Grenada,2006,0,0.17,0.17,0,0,0,0.17,0
Grenada,2007,0,0.18,0.18,0,0,0,0.18,0
Grenada,2008,0,0.19,0.19,0,0,0,0.19,0
Grenada,2009,0,0.2,0.2,0,0,0,0.2,0
Grenada,2010,0,0.21,0.21,0,0,0,0.21,0
Grenada,2011,0,0.2,0.2,0,0,0,0.2,0
Grenada,2012,0,0.2,0.2,0,0,0,0.2,0
Grenada,2013,0,0.2,0.2,0,0,0,0.2,0
Grenada,2014,0,0.2,0.2,0,0,0,0.2,0
Grenada,2015,0,0.21,0.21,0,0,0,0.21,0
Grenada,2016,0,0.22,0.22,0,0,0,0.22,0
Grenada,2017,0,0.23,0.23,0,0,0,0.23,0
Grenada,2018,0,0.23,0.23,0,0,0,0.23,0
Grenada,2019,0,0.24,0.24,0,0,0,0.24,0
Grenada,2020,0,0.22,0.22,0,0,0,0.22,0
Grenada,2021,0,0.23,0.23,0,0,0,0.23,0
Grenada,2022,0,0.24,0.24,0,0,0,0.24,0
Grenada,2023,0,0.24,0.24,0,0,0,0.24,0
Grenada,2024,0,0.24,0.24,0,0,0,0.24,0
Guadeloupe,2000,0.12,1.1,0.76,0.11,0.12,0.01,1.22,0
Guadeloupe,2001,0.11,1.18,0.84,0.09,0.11,0.02,1.29,0
Guadeloupe,2002,0.14,1.19,0.89,0.11,0.14,0.03,1.33,0
Guadeloupe,2003,0.13,1.25,0.92,0.1,0.13,0.03,1.38,0
Guadeloupe,2004,0.17,1.26,0.96,0.14,0.17,0.03,1.43,0
Guadeloupe,2005,0.21,1.29,1.03,0.19,0.21,0.02,1.5,0
Guadeloupe,2006,0.2,1.33,0.99,0.17,0.2,0.03,1.53,0
Guadeloupe,2007,0.22,1.38,1.05,0.18,0.22,0.04,1.6,0
Guadeloupe,2008,0.22,1.39,1.05,0.17,0.22,0.05,1.61,0
Guadeloupe,2009,0.19,1.44,1.22,0.13,0.19,0.06,1.63,0
Guadeloupe,2010,0.15,1.58,1.3,0.09,0.15,0.06,1.73,0
Guadeloupe,2011,0.2,1.48,0.97,0.12,0.2,0.08,1.68,0
Guadeloupe,2012,0.26,1.46,0.91,0.12,0.26,0.14,1.72,0
Guadeloupe,2013,0.31,1.43,0.89,0.15,0.31,0.16,1.74,0
Guadeloupe,2014,0.32,1.42,0.93,0.17,0.32,0.15,1.74,0
Guadeloupe,2015,0.31,1.45,1.04,0.16,0.31,0.15,1.76,0
Guadeloupe,2016,0.3,1.47,0.96,0.16,0.3,0.14,1.77,0
Guadeloupe,2017,0.36,1.4,0.91,0.22,0.36,0.14,1.76,0
Guadeloupe,2018,0.37,1.34,0.89,0.22,0.37,0.15,1.71,0
Guadeloupe,2019,0.37,1.35,0.96,0.21,0.37,0.16,1.72,0
Guadeloupe,2020,0.41,1.29,1.01,0.23,0.41,0.18,1.7,0
Guadeloupe,2021,0.56,1.1,0.87,0.34,0.56,0.22,1.66,0
Guadeloupe,2022,0.57,1.07,0.85,0.35,0.57,0.22,1.64,0
Guadeloupe,2023,0.59,1.08,0.86,0.38,0.59,0.21,1.67,0
Guam,2000,0,1.94,1.94,0,0,0,1.94,0
Guam,2001,0,1.95,1.95,0,0,0,1.95,0
Guam,2002,0,1.72,1.72,0,0,0,1.72,0
Guam,2003,0,1.78,1.78,0,0,0,1.78,0
Guam,2004,0,1.88,1.88,0,0,0,1.88,0
Guam,2005,0,1.9,1.9,0,0,0,1.9,0
Guam,2006,0,1.89,1.89,0,0,0,1.89,0
Guam,2007,0,1.88,1.88,0,0,0,1.88,0
Guam,2008,0,1.88,1.88,0,0,0,1.88,0
Guam,2009,0,1.87,1.87,0,0,0,1.87,0
Guam,2010,0,1.87,1.87,0,0,0,1.87,0
Guam,2011,0,1.84,1.84,0,0,0,1.84,0
Guam,2012,0,1.78,1.78,0,0,0,1.78,0
Guam,2013,0,1.74,1.74,0,0,0,1.74,0
Guam,2014,0,1.7,1.7,0,0,0,1.7,0
Guam,2015,0.03,1.68,1.68,0,0.03,0.03,1.71,0
Guam,2016,0.07,1.67,1.67,0,0.07,0.07,1.74,0
Guam,2017,0.06,1.71,1.71,0,0.06,0.06,1.77,0
Guam,2018,0.07,1.66,1.66,0,0.07,0.07,1.73,0
Guam,2019,0.08,1.67,1.67,0,0.08,0.08,1.75,0
Guam,2020,0.08,1.63,1.63,0,0.08,0.08,1.71,0
Guam,2021,0.08,1.66,1.66,0,0.08,0.08,1.74,0
Guam,2022,0.14,1.66,1.66,0,0.14,0.14,1.8,0
Guam,2023,0.14,1.66,1.66,0,0.14,0.14,1.8,0
Guam,2024,0.16,1.7,1.7,0,0.16,0.16,1.86,0
Guatemala,2000,3.24,3.22,2.68,3.24,3.24,0,6.46,-0.7
Guatemala,2001,2.94,3.79,2.87,2.94,2.94,0,6.73,-0.31
Guatemala,2002,2.64,4.02,3,2.64,2.64,0,6.66,-0.38
Guatemala,2003,3.37,3.54,2.57,3.37,3.37,0,6.91,-0.4
Guatemala,2004,3.27,3.15,2.03,3.27,3.27,0,6.42,-0.42
Guatemala,2005,3.9,3.05,1.98,3.9,3.9,0,6.95,-0.31
Guatemala,2006,4.21,3.66,2.56,4.21,4.21,0,7.87,-0.08
Guatemala,2007,4.44,4.28,3.15,4.44,4.44,0,8.72,-0.12
Guatemala,2008,4.77,3.91,2.77,4.77,4.77,0,8.68,-0.07
Guatemala,2009,4.08,4.83,4.1,4.08,4.08,0,8.91,-0.06
Guatemala,2010,5.63,3.21,2.04,5.63,5.63,0,8.84,0.22
Guatemala,2011,5.49,3.27,2.08,5.49,5.49,0,8.76,0.33
Guatemala,2012,6.24,3.12,1.88,6.24,6.24,0,9.36,0.03
Guatemala,2013,6.84,3.28,1.69,6.84,6.84,0,10.12,-0.32
Guatemala,2014,7.28,3.36,1.48,7.27,7.28,0.01,10.64,-0.5
Guatemala,2015,6.83,4.34,1.42,6.56,6.83,0.27,11.17,-0.5
Guatemala,2016,7.33,4.53,1,6.92,7.33,0.41,11.86,-0.59
Guatemala,2017,8.47,3.87,0.44,8.05,8.47,0.42,12.34,-0.97
Guatemala,2018,8.76,4.49,0.59,8.24,8.76,0.52,13.25,-1.67
Guatemala,2019,8.11,4.59,0.53,7.55,8.11,0.56,12.7,-1.05
Guatemala,2020,9.41,3.01,0.39,8.88,9.41,0.53,12.42,-0.07
Guatemala,2021,11.37,4.1,0.76,10.82,11.37,0.55,15.47,0.03
Guatemala,2022,11.41,2.07,0.8,10.87,11.41,0.54,13.48,0.38
Guatemala,2023,10.03,4.88,2.5,9.45,10.03,0.58,14.91,0.88
Guatemala,2024,10.79,5,2.5,10.14,10.79,0.65,15.79,0.56
Guinea,2000,0.41,0.4,0.4,0.41,0.41,0,0.81,0
Guinea,2001,0.55,0.41,0.41,0.55,0.55,0,0.96,0
Guinea,2002,0.59,0.42,0.42,0.59,0.59,0,1.01,0
Guinea,2003,0.4,0.46,0.46,0.4,0.4,0,0.86,0
Guinea,2004,0.55,0.35,0.35,0.55,0.55,0,0.9,0
Guinea,2005,0.49,0.3,0.3,0.49,0.49,0,0.79,0
Guinea,2006,0.46,0.27,0.27,0.46,0.46,0,0.73,0
Guinea,2007,0.53,0.25,0.25,0.53,0.53,0,0.78,0
Guinea,2008,0.52,0.29,0.29,0.52,0.52,0,0.81,0
Guinea,2009,0.52,0.28,0.28,0.52,0.52,0,0.8,0
Guinea,2010,0.48,0.15,0.15,0.48,0.48,0,0.63,0
Guinea,2011,0.41,0.14,0.14,0.41,0.41,0,0.55,0
Guinea,2012,0.49,0.24,0.24,0.49,0.49,0,0.73,0
Guinea,2013,0.48,0.17,0.17,0.48,0.48,0,0.65,0
Guinea,2014,0.42,0.29,0.29,0.42,0.42,0,0.71,0
Guinea,2015,0.9,0.24,0.24,0.88,0.9,0.02,1.14,0
Guinea,2016,1.1,0.51,0.51,1.08,1.1,0.02,1.61,0
Guinea,2017,1.23,0.54,0.54,1.21,1.23,0.02,1.77,0
Guinea,2018,1.21,0.73,0.73,1.19,1.21,0.02,1.94,0
Guinea,2019,1.31,0.74,0.74,1.29,1.31,0.02,2.05,0
Guinea,2020,1.51,0.97,0.97,1.49,1.51,0.02,2.48,0
Guinea,2021,2.66,0.98,0.98,2.64,2.66,0.02,3.64,0
Guinea,2022,2.98,1.02,1.02,2.95,2.98,0.03,4,0
Guinea,2023,2.98,1.02,1.02,2.95,2.98,0.03,4,0
Guinea,2024,3.03,1,1,3,3.03,0.03,4.03,0
Guinea-Bissau,2000,0,0.03,0.03,0,0,0,0.03,0
Guinea-Bissau,2001,0,0.02,0.02,0,0,0,0.02,0
Guinea-Bissau,2002,0,0.02,0.02,0,0,0,0.02,0
Guinea-Bissau,2003,0,0.02,0.02,0,0,0,0.02,0
Guinea-Bissau,2004,0,0.03,0.03,0,0,0,0.03,0
Guinea-Bissau,2005,0,0.03,0.03,0,0,0,0.03,0
Guinea-Bissau,2006,0,0.03,0.03,0,0,0,0.03,0
Guinea-Bissau,2007,0,0.03,0.03,0,0,0,0.03,0
Guinea-Bissau,2008,0,0.03,0.03,0,0,0,0.03,0
Guinea-Bissau,2009,0,0.03,0.03,0,0,0,0.03,0
Guinea-Bissau,2010,0,0.03,0.03,0,0,0,0.03,0
Guinea-Bissau,2011,0,0.03,0.03,0,0,0,0.03,0
Guinea-Bissau,2012,0,0.03,0.03,0,0,0,0.03,0
Guinea-Bissau,2013,0,0.02,0.02,0,0,0,0.02,0
Guinea-Bissau,2014,0,0.03,0.03,0,0,0,0.03,0
Guinea-Bissau,2015,0,0.06,0.06,0,0,0,0.06,0
Guinea-Bissau,2016,0,0.08,0.08,0,0,0,0.08,0
Guinea-Bissau,2017,0,0.08,0.08,0,0,0,0.08,0
Guinea-Bissau,2018,0,0.08,0.08,0,0,0,0.08,0
Guinea-Bissau,2019,0,0.08,0.08,0,0,0,0.08,0
Guinea-Bissau,2020,0,0.08,0.08,0,0,0,0.08,0
Guinea-Bissau,2021,0,0.08,0.08,0,0,0,0.08,0
Guinea-Bissau,2022,0,0.08,0.08,0,0,0,0.08,0
Guinea-Bissau,2023,0,0.08,0.08,0,0,0,0.08,0
Guinea-Bissau,2024,0,0.08,0.08,0,0,0,0.08,0
Guyana,2000,0.01,0.89,0.89,0.01,0.01,0,0.9,0
Guyana,2001,0.01,0.91,0.91,0.01,0.01,0,0.92,0
Guyana,2002,0.01,0.91,0.91,0.01,0.01,0,0.92,0
Guyana,2003,0.01,0.81,0.81,0.01,0.01,0,0.82,0
Guyana,2004,0.01,0.85,0.85,0.01,0.01,0,0.86,0
Guyana,2005,0.01,0.64,0.64,0.01,0.01,0,0.65,0
Guyana,2006,0.01,0.65,0.65,0.01,0.01,0,0.66,0
Guyana,2007,0.01,0.69,0.69,0.01,0.01,0,0.7,0
Guyana,2008,0.01,0.7,0.7,0.01,0.01,0,0.71,0
Guyana,2009,0.01,0.82,0.82,0.01,0.01,0,0.83,0
Guyana,2010,0.04,0.86,0.86,0.04,0.04,0,0.9,0
Guyana,2011,0.05,0.9,0.9,0.05,0.05,0,0.95,0
Guyana,2012,0.04,0.92,0.92,0.04,0.04,0,0.96,0
Guyana,2013,0.04,0.94,0.94,0.04,0.04,0,0.98,0
Guyana,2014,0.04,0.96,0.96,0.04,0.04,0,1,0
Guyana,2015,0.04,0.97,0.97,0.04,0.04,0,1.01,0
Guyana,2016,0.04,1.06,1.06,0.04,0.04,0,1.1,0
Guyana,2017,0.04,1.08,1.08,0.03,0.04,0.01,1.12,0
Guyana,2018,0.03,1.11,1.11,0.02,0.03,0.01,1.14,0
Guyana,2019,0.04,1.11,1.11,0.02,0.04,0.02,1.15,0
Guyana,2020,0.03,1.11,1.11,0.02,0.03,0.01,1.14,0
Guyana,2021,0.04,1.1,1.1,0.03,0.04,0.01,1.14,0
Guyana,2022,0.03,1.25,1.25,0.02,0.03,0.01,1.28,0
Guyana,2023,0.04,1.34,1.34,0.02,0.04,0.02,1.38,0
Guyana,2024,0.04,1.34,1.34,0.02,0.04,0.02,1.38,0
Haiti,2000,0.28,0.26,0.26,0.28,0.28,0,0.54,0
Haiti,2001,0.28,0.31,0.31,0.28,0.28,0,0.59,0
Haiti,2002,0.26,0.29,0.29,0.26,0.26,0,0.55,0
Haiti,2003,0.25,0.28,0.28,0.25,0.25,0,0.53,0
Haiti,2004,0.26,0.29,0.29,0.26,0.26,0,0.55,0
Haiti,2005,0.26,0.29,0.29,0.26,0.26,0,0.55,0
Haiti,2006,0.27,0.3,0.3,0.27,0.27,0,0.57,0
Haiti,2007,0.15,0.31,0.31,0.15,0.15,0,0.46,0
Haiti,2008,0.18,0.31,0.31,0.18,0.18,0,0.49,0
Haiti,2009,0.2,0.51,0.51,0.2,0.2,0,0.71,0
Haiti,2010,0.17,0.51,0.51,0.17,0.17,0,0.68,0
Haiti,2011,0.12,0.87,0.87,0.12,0.12,0,0.99,0
Haiti,2012,0.22,0.88,0.88,0.22,0.22,0,1.1,0
Haiti,2013,0.14,0.91,0.91,0.14,0.14,0,1.05,0
Haiti,2014,0.09,0.94,0.94,0.09,0.09,0,1.03,0
Haiti,2015,0.08,0.95,0.95,0.08,0.08,0,1.03,0
Haiti,2016,0.07,1.01,1.01,0.07,0.07,0,1.08,0
Haiti,2017,0.13,0.93,0.93,0.13,0.13,0,1.06,0
Haiti,2018,0.19,0.85,0.85,0.19,0.19,0,1.04,0
Haiti,2019,0.17,0.89,0.89,0.17,0.17,0,1.06,0
Haiti,2020,0.14,0.88,0.88,0.14,0.14,0,1.02,0
Haiti,2021,0.13,0.9,0.9,0.13,0.13,0,1.03,0
Haiti,2022,0.19,0.82,0.82,0.19,0.19,0,1.01,0
Haiti,2023,0.19,0.66,0.66,0.19,0.19,0,0.85,0
Haiti,2024,0.16,0.7,0.7,0.16,0.16,0,0.86,0
Honduras,2000,2.25,1.39,1.39,2.25,2.25,0,3.64,0.28
Honduras,2001,1.94,1.97,1.97,1.94,1.94,0,3.91,0.31
Honduras,2002,1.69,2.46,2.46,1.69,1.69,0,4.15,0.41
Honduras,2003,1.92,2.76,2.76,1.92,1.92,0,4.68,0.33
Honduras,2004,1.76,3.4,3.4,1.76,1.76,0,5.16,0.38
Honduras,2005,1.83,3.7,3.7,1.83,1.83,0,5.53,0.05
Honduras,2006,2.19,3.77,3.77,2.19,2.19,0,5.96,0.02
Honduras,2007,2.36,3.93,3.93,2.36,2.36,0,6.29,0.01
Honduras,2008,2.47,4.01,4.01,2.47,2.47,0,6.48,-0.01
Honduras,2009,3.25,3.61,3.61,3.25,3.25,0,6.86,-0.05
Honduras,2010,3.5,3.7,3.7,3.5,3.5,0,7.2,0.01
Honduras,2011,3.44,4.03,3.93,3.32,3.44,0.12,7.47,0.04
Honduras,2012,3.64,4.2,4.1,3.3,3.64,0.34,7.84,0.08
Honduras,2013,3.62,4.59,4.49,3.31,3.62,0.31,8.21,0.11
Honduras,2014,3.37,4.93,4.8,2.96,3.37,0.41,8.3,0.32
Honduras,2015,3.97,5.04,4.95,2.86,3.97,1.11,9.01,0.15
Honduras,2016,4.47,4.83,4.79,3,4.47,1.47,9.3,0.3
Honduras,2017,5.38,4,4,3.87,5.38,1.51,9.38,0.42
Honduras,2018,6.1,3.61,3.61,4.17,6.1,1.93,9.71,0.36
Honduras,2019,5.64,5.02,4.97,3.7,5.64,1.94,10.66,0.25
Honduras,2020,5.54,4.6,4.55,3.72,5.54,1.82,10.14,0.28
Honduras,2021,6.83,4.29,4.23,4.92,6.83,1.91,11.12,0.2
Honduras,2022,6.76,4.57,4.5,5.03,6.76,1.73,11.33,0.19
Honduras,2023,6.79,5.7,5.64,5.06,6.79,1.73,12.49,0.14
Honduras,2024,6.92,5.56,5.5,4.99,6.92,1.93,12.48,0.15
Hong Kong,2000,0,31.26,12.39,0,0,0,31.26,9.02
Hong Kong,2001,0,32.36,12.53,0,0,0,32.36,8.77
Hong Kong,2002,0,34.23,12.36,0,0,0,34.23,8.01
Hong Kong,2003,0,35.43,7.85,0,0,0,35.43,7.39
Hong Kong,2004,0,37.05,11.46,0,0,0,37.05,6.75
Hong Kong,2005,0,38.38,11.35,0,0,0,38.38,6.5
Hong Kong,2006,0,38.54,11.96,0,0,0,38.54,6.37
Hong Kong,2007,0,38.88,10.36,0,0,0,38.88,6.92
Hong Kong,2008,0,37.93,12.05,0,0,0,37.93,7.75
Hong Kong,2009,0,38.62,11.22,0,0,0,38.62,7.86
Hong Kong,2010,0.04,38.19,14.4,0.04,0.04,0,38.23,8.44
Hong Kong,2011,0.04,38.93,11.15,0.04,0.04,0,38.97,8.38
Hong Kong,2012,0.04,38.49,13.61,0.04,0.04,0,38.53,9.97
Hong Kong,2013,0.04,38.97,9.67,0.04,0.04,0,39.01,9.06
Hong Kong,2014,0.04,39.7,9.3,0.04,0.04,0,39.74,9.06
Hong Kong,2015,0.07,37.79,12.9,0.07,0.07,0,37.86,10.56
Hong Kong,2016,0.14,37.98,12.86,0.14,0.14,0,38.12,10.42
Hong Kong,2017,0.15,36.79,12.85,0.14,0.15,0.01,36.94,11.23
Hong Kong,2018,0.15,36.42,14.43,0.14,0.15,0.01,36.57,12.04
Hong Kong,2019,0.16,36.78,15.72,0.14,0.16,0.02,36.94,12.38
Hong Kong,2020,0.19,34.16,22.03,0.14,0.19,0.05,34.35,12.7
Hong Kong,2021,0.26,35.96,22.46,0.14,0.26,0.12,36.22,12.56
Hong Kong,2022,0.33,35.77,23.04,0.15,0.33,0.18,36.1,12.35
Hong Kong,2023,0.36,37.39,24.83,0.16,0.36,0.2,37.75,11.59
Hong Kong,2024,0.39,37.05,24.45,0.16,0.39,0.23,37.44,11.37
Hungary,2000,14.42,20.77,11.18,0.24,0.24,0,35.19,3.44
Hungary,2001,14.39,22.03,13.19,0.26,0.26,0,36.42,3.17
Hungary,2002,14.18,21.97,12.99,0.23,0.23,0,36.15,4.26
Hungary,2003,11.34,22.79,13.62,0.33,0.33,0,34.13,6.94
Hungary,2004,12.85,20.86,12.68,0.93,0.94,0.01,33.71,7.47
Hungary,2005,15.7,20.05,13.03,1.86,1.87,0.01,35.75,6.23
Hungary,2006,14.95,20.9,13.9,1.45,1.49,0.04,35.85,7.21
Hungary,2007,16.56,23.4,16.03,1.77,1.88,0.11,39.96,3.99
Hungary,2008,17.17,22.85,15.77,2.15,2.35,0.2,40.02,3.9
Hungary,2009,18.32,17.59,11.25,2.56,2.89,0.33,35.91,5.51
Hungary,2010,18.78,18.58,12.35,2.49,3.02,0.53,37.36,5.2
Hungary,2011,18.4,17.62,11.14,2.08,2.71,0.63,36.02,6.64
Hungary,2012,18.43,16.19,9.85,1.86,2.64,0.78,34.62,7.97
Hungary,2013,18.15,12.12,5.82,2.04,2.78,0.74,30.27,11.88
Hungary,2014,18.81,10.58,4.59,2.43,3.16,0.73,29.39,13.39
Hungary,2015,19.05,11.28,5.49,2.39,3.22,0.83,30.33,13.69
Hungary,2016,19.3,12.58,6.95,2.33,3.25,0.92,31.88,12.71
Hungary,2017,19.58,13.34,8.41,2.37,3.48,1.11,32.92,12.88
Hungary,2018,19.5,12.55,7.88,2.53,3.77,1.24,32.05,14.35
Hungary,2019,20.99,13.29,9.26,2.47,4.7,2.23,34.28,12.58
Hungary,2020,21.58,13.34,9.63,2.41,5.52,3.11,34.92,11.68
Hungary,2021,22.9,13.2,10.19,2.45,6.91,4.46,36.1,12.75
Hungary,2022,23.47,12.31,9.32,2.32,7.66,5.34,35.78,12.15
Hungary,2023,25.3,10.24,7.75,1.8,9.38,7.58,35.54,11.1
Hungary,2024,27.98,10.02,7.58,2.07,11.96,9.89,38,10.73
Hungary,2025,30.31,9.93,8.55,2.63,14.21,11.58,40.24,9
Iceland,2000,7.61,0,0,7.61,7.61,0,7.61,0
Iceland,2001,7.96,0,0,7.96,7.96,0,7.96,0
Iceland,2002,8.34,0.01,0.01,8.34,8.34,0,8.35,0
Iceland,2003,8.43,0.01,0.01,8.43,8.43,0,8.44,0
Iceland,2004,8.54,0,0,8.54,8.54,0,8.54,0
Iceland,2005,8.61,0,0,8.61,8.61,0,8.61,0
Iceland,2006,9.85,0,0,9.85,9.85,0,9.85,0
Iceland,2007,11.89,0,0,11.89,11.89,0,11.89,0
Iceland,2008,16.34,0,0,16.34,16.34,0,16.34,0
Iceland,2009,16.71,0,0,16.71,16.71,0,16.71,0
Iceland,2010,16.74,0,0,16.74,16.74,0,16.74,0
Iceland,2011,16.85,0,0,16.85,16.85,0,16.85,0
Iceland,2012,17.29,0,0,17.29,17.29,0,17.29,0
Iceland,2013,17.99,0,0,17.99,17.99,0,17.99,0
Iceland,2014,17.8,0,0,17.79,17.8,0.01,17.8,0
Iceland,2015,18.55,0,0,18.54,18.55,0.01,18.55,0
Iceland,2016,18.17,0,0,18.16,18.17,0.01,18.17,0
Iceland,2017,19.07,0,0,19.06,19.07,0.01,19.07,0
Iceland,2018,19.69,0,0,19.69,19.69,0,19.69,0
Iceland,2019,19.36,0,0,19.35,19.36,0.01,19.36,0
Iceland,2020,18.89,0,0,18.88,18.89,0.01,18.89,0
Iceland,2021,19.39,0,0,19.38,19.39,0.01,19.39,0
Iceland,2022,19.87,0,0,19.86,19.87,0.01,19.87,0
Iceland,2023,19.81,0,0,19.8,19.81,0.01,19.81,0
Iceland,2024,19.05,0,0,19.03,19.05,0.02,19.05,0
India,2000,96.04,475.35,85.12,78.68,80.27,1.59,571.39,1.3
India,2001,95.08,491.01,82.72,74.09,76.19,2.1,586.09,1.29
India,2002,92.13,517.51,90.81,70.68,72.78,2.1,609.64,1.35
India,2003,92.77,545.36,103.89,72.01,74.63,2.62,638.13,1.69
India,2004,130.46,567.86,104.85,103.95,109.2,5.25,698.32,1.7
India,2005,125.2,579.32,100.84,101.46,107.47,6.01,704.52,1.55
India,2006,145.19,599.24,93.78,118.21,127.56,9.35,744.43,2.74
India,2007,159.58,636.68,103.41,130.01,141.75,11.74,796.26,4.94
India,2008,154.14,674.27,101.15,124.47,138.91,14.44,828.41,5.84
India,2009,150.07,728.56,117.45,116.9,133.25,16.35,878.63,5.3
India,2010,164.61,771.78,128.81,121.96,141.53,19.57,936.39,5.55
India,2011,204.16,828.16,126.91,147.16,171.94,24.78,1032.32,5.12
India,2012,194.97,893.45,106.32,132.3,161.83,29.53,1088.42,4.64
India,2013,216.3,924.93,76.96,149.55,182.99,33.44,1141.23,3.95
India,2014,233.19,1025.49,75.56,160.14,198.5,38.36,1258.68,0.57
India,2015,229.98,1080.58,74.03,151.84,191.67,39.83,1310.56,0.09
India,2016,239.3,1155.63,82.03,145.75,201.4,55.65,1394.93,-1.09
India,2017,263.37,1199.02,83.78,150.97,225.96,74.99,1462.39,-1.59
India,2018,295.13,1276.52,77.66,158.32,256.08,97.76,1571.65,-3.84
India,2019,327.2,1273.78,75.02,181.28,282.04,100.76,1600.98,-3.14
India,2020,341.77,1221.66,77.88,183.82,297.16,113.34,1563.43,-0.11
India,2021,359.37,1319.35,63.79,181.77,315.45,133.68,1678.72,-0.03
India,2022,410.54,1394.07,49.65,198.38,364.35,165.97,1804.61,-1.73
India,2023,418.17,1500.09,54.65,172.44,369.97,197.53,1918.26,-2.06
India,2024,458.09,1578.43,60.53,178.78,403.39,224.61,2036.52,-2.3
India,2025,554.81,1526.79,52.64,201.01,500.98,299.97,2081.6,1.22
Indonesia,2000,19.6,78.44,44.44,19.6,19.6,0,98.04,0
Indonesia,2001,22.19,83.97,46.26,22.19,22.19,0,106.16,0
Indonesia,2002,21,92.04,49.11,21,21,0,113.04,0
Indonesia,2003,19.82,97.57,51.11,19.82,19.82,0,117.39,0
Indonesia,2004,20.97,103.81,55.6,20.97,20.97,0,124.78,0
Indonesia,2005,22.66,110.23,58.4,22.66,22.66,0,132.89,0
Indonesia,2006,21.18,116.82,58.15,21.18,21.18,0,138,0
Indonesia,2007,24.29,124.11,60.21,24.29,24.29,0,148.4,0
Indonesia,2008,26.34,129.56,68.07,26.34,26.34,0,155.9,0
Indonesia,2009,26.79,136.08,70.17,26.79,26.79,0,162.87,0
Indonesia,2010,34.63,142.93,74.45,34.63,34.63,0,177.56,0
Indonesia,2011,30.46,161.42,80.33,30.46,30.46,0,191.88,0
Indonesia,2012,31.11,177.85,75.68,31.11,31.11,0,208.96,0
Indonesia,2013,35.5,189.68,78.43,35.49,35.5,0.01,225.18,0
Indonesia,2014,34.41,203.13,83.6,34.4,34.41,0.01,237.54,0.01
Indonesia,2015,33.56,209.72,85.06,33.55,33.56,0.01,243.28,0.01
Indonesia,2016,39.58,217.97,82.59,39.55,39.58,0.03,257.55,0.69
Indonesia,2017,43.19,222.64,74.68,43.16,43.19,0.03,265.83,1.12
Indonesia,2018,48.38,235.41,75.4,48.1,48.38,0.28,283.79,1.5
Indonesia,2019,48.04,247.4,72.91,47.44,48.04,0.6,295.44,1.68
Indonesia,2020,52.89,238.93,58.06,52.25,52.89,0.64,291.82,1.55
Indonesia,2021,56.2,253.16,63.2,55.57,56.2,0.63,309.36,0.97
Indonesia,2022,65.41,268.13,62.82,64.61,65.41,0.8,333.54,0.8
Indonesia,2023,65.2,285.4,68.62,64.01,65.2,1.19,350.6,0.89
Indonesia,2024,67.21,304.33,75.9,65.39,67.21,1.82,371.54,0.96
Iran (Islamic Republic of),2000,3.82,115.53,115.05,3.78,3.82,0.04,119.35,-0.68
Iran (Islamic Republic of),2001,4.15,123.44,122.97,4.12,4.15,0.03,127.59,-0.3
Iran (Islamic Republic of),2002,8.04,130.19,129.67,8.01,8.04,0.03,138.23,0.18
Iran (Islamic Republic of),2003,9.62,142.03,141.56,9.59,9.62,0.03,151.65,0.57
Iran (Islamic Republic of),2004,11.98,150.78,150.3,11.93,11.98,0.05,162.76,0.33
Iran (Islamic Republic of),2005,14.52,162.55,161.98,14.45,14.52,0.07,177.07,-0.68
Iran (Islamic Republic of),2006,18.64,174.79,174.23,18.51,18.64,0.13,193.43,-0.23
Iran (Islamic Republic of),2007,18.1,185.02,184.45,17.96,18.1,0.14,203.12,-0.68
Iran (Islamic Republic of),2008,7.64,202.85,202.46,7.44,7.64,0.2,210.49,-2.19
Iran (Islamic Republic of),2009,6.95,214.86,214.48,6.72,6.95,0.23,221.81,-4.08
Iran (Islamic Republic of),2010,10.43,225.25,224.9,10.26,10.43,0.17,235.68,-3.69
Iran (Islamic Republic of),2011,11.02,224.57,224.14,10.7,10.91,0.21,235.59,-5.01
Iran (Islamic Republic of),2012,14.25,234.49,234.09,12.52,12.8,0.28,248.74,-7.13
Iran (Islamic Republic of),2013,19.12,239.74,239.28,14.64,14.86,0.22,258.86,-7.88
Iran (Islamic Republic of),2014,18.82,256.81,256.28,14.55,14.75,0.2,275.63,-5.89
Iran (Islamic Republic of),2015,16.91,263.33,262.87,13.27,13.41,0.14,280.24,-2.67
Iran (Islamic Republic of),2016,22.07,264.07,263.58,15.44,15.6,0.16,286.14,-2.47
Iran (Islamic Republic of),2017,24.62,280.55,279.86,17.25,17.66,0.41,305.17,-4.32
Iran (Islamic Republic of),2018,17.72,294.63,293.99,9.86,10.83,0.97,312.35,-3.71
Iran (Islamic Republic of),2019,41.52,277.36,276.55,33.88,35.11,1.23,318.88,-6.86
Iran (Islamic Republic of),2020,31.26,305.95,305.15,23.22,24.93,1.71,337.21,-6.8
Iran (Islamic Republic of),2021,19.14,337.27,336.54,13.85,15.6,1.75,356.41,-6.8
Iran (Islamic Republic of),2022,22.34,344.72,344.01,14.02,15.77,1.75,367.06,-6.45
Iran (Islamic Republic of),2023,31.37,350.65,349.94,22.84,24.73,1.89,382.02,-6.73
Iran (Islamic Republic of),2024,28.4,367.39,366.66,18.9,21.05,2.15,395.79,-2.4
Iran (Islamic Republic of),2025,22.56,373.22,372.49,13.06,15.21,2.15,395.78,-0.18
Iraq,2000,0.61,31.29,31.29,0.61,0.61,0,31.9,0
Iraq,2001,0.62,31.63,31.63,0.62,0.62,0,32.25,0
Iraq,2002,0.52,33.34,33.34,0.52,0.52,0,33.86,0
Iraq,2003,0.43,27.9,27.9,0.43,0.43,0,28.33,0
Iraq,2004,0.49,31.8,31.8,0.49,0.49,0,32.29,1.32
Iraq,2005,6,24.4,24.4,6,6,0,30.4,1.24
Iraq,2006,6.1,27.73,27.73,6.1,6.1,0,33.83,2.69
Iraq,2007,5.74,27.5,27.5,5.74,5.74,0,33.24,2.2
Iraq,2008,3.48,33.4,33.4,3.48,3.48,0,36.88,2.97
Iraq,2009,3.23,34.62,34.62,3.23,3.23,0,37.85,5.59
Iraq,2010,4.77,44.14,44.14,4.77,4.77,0,48.91,6.72
Iraq,2011,3.4,50.5,50.5,3.4,3.4,0,53.9,7.23
Iraq,2012,4.39,41.63,41.63,4.39,4.39,0,46.02,10.17
Iraq,2013,4.81,54.09,54.09,4.76,4.81,0.05,58.9,9.24
Iraq,2014,2.99,66.04,66.04,2.93,2.99,0.06,69.03,8.86
Iraq,2015,2.61,68.03,68.03,2.55,2.61,0.06,70.64,9.17
Iraq,2016,3.43,78.5,78.5,3.37,3.43,0.06,81.93,8.14
Iraq,2017,2.24,91.34,91.34,2.18,2.24,0.06,93.58,5.64
Iraq,2018,1.88,96.53,96.53,1.82,1.88,0.06,98.41,4.68
Iraq,2019,5.02,110.19,110.19,4.96,5.02,0.06,115.21,6.55
Iraq,2020,4.54,112.58,112.58,4.16,4.54,0.38,117.12,7.45
Iraq,2021,3.73,116.73,116.73,3.35,3.73,0.38,120.46,5.1
Iraq,2022,3.03,130.83,130.83,2.65,3.03,0.38,133.86,3.53
Iraq,2023,1.76,143.25,143.25,1.38,1.76,0.38,145.01,6.82
Iraq,2024,2.43,147.3,147.3,2,2.43,0.43,149.73,7.1
Ireland,2000,1.19,22.44,15.62,0.94,1.19,0.25,23.63,0.1
Ireland,2001,1.04,23.55,16.49,0.7,1.04,0.34,24.59,-0.25
Ireland,2002,1.38,23.42,16.6,0.99,1.38,0.39,24.8,0.5
Ireland,2003,1.15,23.68,17.48,0.69,1.15,0.46,24.83,1.17
Ireland,2004,1.41,23.79,17.56,0.74,1.41,0.67,25.2,1.57
Ireland,2005,1.89,23.71,17.32,0.76,1.89,1.13,25.6,2.04
Ireland,2006,2.5,24.6,18.72,0.85,2.5,1.65,27.1,1.78
Ireland,2007,2.84,25.52,20.08,0.85,2.84,1.99,28.36,1.33
Ireland,2008,3.64,26.29,21.15,1.19,3.64,2.45,29.93,0.45
Ireland,2009,4.16,23.82,19.82,1.16,4.16,3,27.98,0.76
Ireland,2010,3.77,24.39,20.84,0.91,3.77,2.86,28.16,0.47
Ireland,2011,5.5,21.7,17.76,1.05,5.5,4.45,27.2,0.49
Ireland,2012,5.32,21.84,16.82,1.24,5.32,4.08,27.16,0.41
Ireland,2013,5.71,19.91,15.63,1.09,5.71,4.62,25.62,2.24
Ireland,2014,6.47,19.39,15.43,1.25,6.47,5.22,25.86,2.15
Ireland,2015,7.97,20.18,15.31,1.29,7.97,6.68,28.15,0.67
Ireland,2016,7.61,22.69,17.99,1.36,7.61,6.25,30.3,-0.71
Ireland,2017,9.01,21.78,18.14,1.43,9.01,7.58,30.79,-0.68
Ireland,2018,10.34,20.7,18.55,1.54,10.34,8.8,31.04,-0.03
Ireland,2019,11.95,18.92,18.41,1.74,11.95,10.21,30.87,0.64
Ireland,2020,13.65,18.51,17.84,1.85,13.65,11.8,32.16,-0.15
Ireland,2021,11.76,19.98,17.26,1.74,11.76,10.02,31.74,1.59
Ireland,2022,13.25,20.54,18.17,1.71,13.25,11.54,33.79,0.25
Ireland,2023,14.28,17.26,16.05,1.77,14.28,12.51,31.54,3.27
Ireland,2024,14.46,16.62,15.99,1.77,14.46,12.69,31.08,5.06
Ireland,2025,14.92,16.03,15.91,1.67,14.92,13.25,30.95,6.13
Israel,2000,0.03,42.63,13.41,0.03,0.03,0,42.66,-1.46
Israel,2001,0.02,43.93,11,0.01,0.02,0.01,43.95,-1.4
Israel,2002,0.03,45.47,10.37,0.02,0.03,0.01,45.5,-1.39
Israel,2003,0.04,47,10.91,0.03,0.04,0.01,47.04,-1.47
Israel,2004,0.04,47.24,10.75,0.03,0.04,0.01,47.28,-1.46
Israel,2005,0.04,48.57,12.41,0.03,0.04,0.01,48.61,-1.67
Israel,2006,0.02,50.54,14.83,0.01,0.02,0.01,50.56,-1.84
Israel,2007,0.02,53.77,16.49,0.01,0.02,0.01,53.79,-2.08
Israel,2008,0.04,56.75,21.4,0.03,0.04,0.01,56.79,-3.67
Israel,2009,0.09,54.64,20.29,0.06,0.09,0.03,54.73,-3.78
Israel,2010,0.17,58.38,24.14,0.09,0.17,0.08,58.55,-3.97
Israel,2011,0.3,59.3,24.15,0.1,0.3,0.2,59.6,-4.22
Israel,2012,0.49,62.52,23.8,0.11,0.49,0.38,63.01,-4.43
Israel,2013,0.57,60.75,28.67,0.07,0.57,0.5,61.32,-4.68
Israel,2014,0.96,59.9,29.8,0.07,0.96,0.89,60.86,-4.84
Israel,2015,1.22,63.01,33.85,0.09,1.22,1.13,64.23,-5.2
Israel,2016,1.7,65.31,41.15,0.11,1.7,1.59,67.01,-5.55
Israel,2017,1.69,65.75,43.72,0,1.69,1.69,67.44,-5.65
Israel,2018,1.88,67.14,46.54,0.13,1.88,1.75,69.02,-5.86
Israel,2019,3.51,69.2,47.3,0.11,3.51,3.4,72.71,-6.31
Israel,2020,4.44,68.3,49.3,0.14,4.44,4.3,72.74,-6.24
Israel,2021,5.82,68.3,51.4,0.12,5.82,5.7,74.12,-6.52
Israel,2022,7.47,69.4,52.7,0.13,7.47,7.34,76.87,-6.92
Israel,2023,9.13,68.3,55.2,0.11,9.13,9.02,77.43,-6.93
Israel,2024,11.1,69.3,57.8,0.12,11.1,10.98,80.4,-6.4
Israel,2025,13.9,68.2,65.4,0.16,13.9,13.74,82.1,-6.4
Italy,2000,50.87,219.07,192.79,50.29,50.87,0.58,269.94,44.35
Italy,2001,54.35,217.55,185.82,53.15,54.35,1.2,271.9,48.38
Italy,2002,48.31,229.22,193.77,46.89,48.31,1.42,277.53,50.6
Italy,2003,46.86,239.41,200.6,45.38,46.86,1.48,286.27,50.97
Italy,2004,53.87,239.84,194.32,52,53.87,1.87,293.71,45.63
Italy,2005,48.43,246.2,202.59,46.06,48.43,2.37,294.63,49.15
Italy,2006,50.64,254.97,210.76,47.63,50.64,3.01,305.61,44.99
Italy,2007,47.72,258.45,214.34,43.65,47.72,4.07,306.17,46.28
Italy,2008,58.16,253.41,210.34,53.11,58.16,5.05,311.57,40.03
Italy,2009,69.26,217.1,177.36,62.04,69.26,7.22,286.36,44.96
Italy,2010,76.97,219.66,179.93,65.94,76.97,11.03,296.63,44.16
Italy,2011,82.95,215.42,170.69,62.3,82.95,20.65,298.37,45.73
Italy,2012,92.22,203.03,153.89,59.95,92.22,32.27,295.25,43.1
Italy,2013,112,174.02,128.92,75.51,112,36.49,286.02,42.14
Italy,2014,120.68,155.85,112.4,83.19,120.68,37.49,276.53,43.72
Italy,2015,108.89,170.81,127.61,71.11,108.89,37.78,279.7,46.38
Italy,2016,108.01,177.94,142.33,68.22,108.01,39.79,285.95,37.03
Italy,2017,103.89,188.2,155.57,61.77,103.89,42.12,292.09,37.76
Italy,2018,114.41,171.65,143.18,74.04,114.41,40.37,286.06,43.9
Italy,2019,115.83,174.16,155.32,71.94,115.83,43.89,289.99,38.14
Italy,2020,116.9,159.91,146.53,73.2,116.9,43.7,276.81,32.2
Italy,2021,116.33,169.16,155.14,70.36,116.33,45.97,285.49,42.79
Italy,2022,100.46,179.71,157.1,51.85,100.46,48.61,280.17,42.99
Italy,2023,116.52,145.03,131.81,62.22,116.52,54.3,261.55,51.25
Italy,2024,134.24,133.32,129.37,76.03,134.24,58.21,267.56,51
Italy,2025,129.11,135.83,132.25,63,129.11,66.11,264.94,46.89
Jamaica,2000,0.31,6.46,6.46,0.31,0.31,0,6.77,0
Jamaica,2001,0.23,6.56,6.56,0.23,0.23,0,6.79,0
Jamaica,2002,0.15,6.81,6.81,0.15,0.15,0,6.96,0
Jamaica,2003,0.18,7,7,0.18,0.18,0,7.18,0
Jamaica,2004,0.23,7.02,7.02,0.2,0.23,0.03,7.25,0
Jamaica,2005,0.27,7.2,7.2,0.22,0.27,0.05,7.47,0
Jamaica,2006,0.28,7.22,7.22,0.23,0.28,0.05,7.5,0
Jamaica,2007,0.3,5.76,5.76,0.25,0.3,0.05,6.06,0
Jamaica,2008,0.26,3.97,3.97,0.21,0.26,0.05,4.23,0
Jamaica,2009,0.33,4.07,4.07,0.27,0.33,0.06,4.4,0
Jamaica,2010,0.33,3.99,3.99,0.28,0.33,0.05,4.32,0
Jamaica,2011,0.38,3.98,3.98,0.29,0.38,0.09,4.36,0
Jamaica,2012,0.44,3.87,3.87,0.33,0.44,0.11,4.31,0
Jamaica,2013,0.4,3.89,3.89,0.28,0.4,0.12,4.29,0
Jamaica,2014,0.42,3.84,3.84,0.29,0.42,0.13,4.26,0
Jamaica,2015,0.44,3.84,3.84,0.3,0.44,0.14,4.28,0
Jamaica,2016,0.55,3.94,3.94,0.33,0.55,0.22,4.49,0
Jamaica,2017,0.51,3.87,3.87,0.22,0.51,0.29,4.38,0
Jamaica,2018,0.58,3.38,3.38,0.23,0.58,0.35,3.96,0
Jamaica,2019,0.59,4.05,4.05,0.23,0.59,0.36,4.64,0
Jamaica,2020,0.59,3.69,3.69,0.19,0.59,0.4,4.28,0
Jamaica,2021,0.58,3.77,3.77,0.19,0.58,0.39,4.35,0
Jamaica,2022,0.58,3.91,3.91,0.18,0.58,0.4,4.49,0
Jamaica,2023,0.58,4.19,4.19,0.18,0.58,0.4,4.77,0
Jamaica,2024,0.62,4.3,4.3,0.18,0.62,0.44,4.92,0
Japan,2000,420.15,679.52,441.28,100.58,101.03,0.45,1099.67,0
Japan,2001,418.86,664.28,410.37,97.57,98.32,0.75,1083.14,0
Japan,2002,412.9,690.17,425.75,97.54,98.64,1.1,1103.07,0
Japan,2003,342.21,750.38,458.32,110.35,112.13,1.78,1092.59,0
Japan,2004,398.3,722.89,427.5,109.72,112.43,2.71,1121.19,0
Japan,2005,395.83,757.24,438.04,99.25,102.79,3.54,1153.07,0
Japan,2006,418.76,745.59,434.25,110.34,114.47,4.13,1164.35,0
Japan,2007,380.77,799.34,482.03,96.71,101.76,5.05,1180.11,0
Japan,2008,353.72,829.98,496.28,96.45,101.98,5.53,1183.7,0
Japan,2009,371.93,742.09,430.01,90.8,97.28,6.48,1114.02,0
Japan,2010,410.6,745.44,428.59,110.33,118.24,7.91,1156.04,0
Japan,2011,276.43,827.77,542.7,103.6,113.5,9.9,1104.2,0
Japan,2012,129.32,977.56,643.26,99.23,111.33,12.1,1106.88,0
Japan,2013,135.15,952.61,590.06,102.51,120.55,18.04,1087.76,0
Japan,2014,133.9,928.82,573.22,105.34,133.9,28.56,1062.72,0
Japan,2015,158.54,871.58,521.94,114.26,154.02,39.76,1030.12,0
Japan,2016,169.45,894.25,555.66,103.1,151.77,48.67,1063.7,0
Japan,2017,192.37,884.49,521.02,103.04,163.3,60.26,1076.86,0
Japan,2018,224.45,858.48,497.82,106.75,175.34,68.59,1082.93,0
Japan,2019,242.05,805.35,454.58,101.52,176.41,74.89,1047.4,0
Japan,2020,236.03,775,434.75,108.7,193.03,84.33,1011.03,0
Japan,2021,269.36,765.31,417.05,114.42,208.14,93.72,1034.67,0
Japan,2022,264.96,775.61,424.62,112.7,213.19,100.49,1040.57,0
Japan,2023,300.32,706.41,379.48,116.54,222.86,106.32,1006.73,0
Japan,2024,318.02,698.37,371.24,124.87,233.11,108.24,1016.39,0
Japan,2025,336.82,693.15,363.03,128.82,242.73,113.91,1029.97,0
Jordan,2000,0.04,7.33,7.33,0.04,0.04,0,7.37,0.42
Jordan,2001,0.04,7.5,7.5,0.04,0.04,0,7.54,0.26
Jordan,2002,0.05,8.07,8.07,0.05,0.05,0,8.12,0.32
Jordan,2003,0.05,7.98,7.98,0.05,0.05,0,8.03,0.97
Jordan,2004,0.06,8.9,8.9,0.06,0.06,0,8.96,0.79
Jordan,2005,0.06,9.59,9.59,0.06,0.06,0,9.65,0.74
Jordan,2006,0.06,11.06,11.06,0.06,0.06,0,11.12,0.46
Jordan,2007,0.07,12.76,12.76,0.07,0.07,0,12.83,0.03
Jordan,2008,0.07,14.08,14.08,0.07,0.07,0,14.15,0.22
Jordan,2009,0.07,14.21,14.21,0.07,0.07,0,14.28,0.24
Jordan,2010,0.07,14.71,14.71,0.07,0.07,0,14.78,0.61
Jordan,2011,0.06,14.58,14.58,0.06,0.06,0,14.64,1.65
Jordan,2012,0.07,16.52,16.52,0.07,0.07,0,16.59,0.68
Jordan,2013,0.06,17.2,17.2,0.06,0.06,0,17.26,0.32
Jordan,2014,0.07,18.2,18.2,0.07,0.07,0,18.27,0.37
Jordan,2015,0.23,18.83,18.83,0.06,0.23,0.17,19.06,0.55
Jordan,2016,0.86,18.81,18.81,0.04,0.86,0.82,19.67,0.29
Jordan,2017,1.4,19.38,19.38,0.04,1.4,1.36,20.78,-0.01
Jordan,2018,2.16,18.21,18.21,0.02,2.16,2.14,20.37,0.09
Jordan,2019,2.96,17.57,17.57,0.02,2.96,2.94,20.53,0.14
Jordan,2020,3.92,16.78,16.78,0.02,3.92,3.9,20.7,0.19
Jordan,2021,4.91,16.45,16.45,0.02,4.91,4.89,21.36,0.22
Jordan,2022,5.22,17.35,17.35,0.02,5.22,5.2,22.57,0.07
Jordan,2023,5.22,18.55,18.55,0.02,5.22,5.2,23.77,0.07
Jordan,2024,5.7,17.97,17.97,0.02,5.7,5.68,23.67,0.06
Kazakhstan,2000,7.53,44.11,8.21,7.53,7.53,0,51.64,3.02
Kazakhstan,2001,8.08,47.3,8.22,8.08,8.08,0,55.38,1.8
Kazakhstan,2002,8.89,49.44,9.3,8.89,8.89,0,58.33,0.39
Kazakhstan,2003,8.62,55.24,9.41,8.62,8.62,0,63.86,-1.47
Kazakhstan,2004,8.06,58.89,8.33,8.06,8.06,0,66.95,-2.17
Kazakhstan,2005,7.86,60.06,9.89,7.86,7.86,0,67.92,-0.13
Kazakhstan,2006,7.77,63.89,14.57,7.77,7.77,0,71.66,0.22
Kazakhstan,2007,8.17,68.45,12.2,8.17,8.17,0,76.62,0.08
Kazakhstan,2008,7.46,72.89,11.29,7.46,7.46,0,80.35,0.29
Kazakhstan,2009,6.88,71.85,13.74,6.88,6.88,0,78.73,-0.67
Kazakhstan,2010,8.02,74.63,7.97,8.02,8.02,0,82.65,1.16
Kazakhstan,2011,7.88,78.7,8.48,7.88,7.88,0,86.58,0.79
Kazakhstan,2012,7.64,82.98,15.35,7.64,7.64,0,90.62,1.32
Kazakhstan,2013,7.73,84.88,15.88,7.73,7.73,0,92.61,-0.85
Kazakhstan,2014,8.27,86.37,18.13,8.26,8.27,0.01,94.64,-1.17
Kazakhstan,2015,9.45,82.2,17.47,9.27,9.45,0.18,91.65,0
Kazakhstan,2016,11.98,82.65,19.5,11.62,11.98,0.36,94.63,-1.25
Kazakhstan,2017,11.64,91.48,20.95,11.21,11.64,0.43,103.12,-4.36
Kazakhstan,2018,10.91,96.37,20.65,10.38,10.91,0.53,107.28,-3.48
Kazakhstan,2019,11.09,95.39,20.46,9.99,11.09,1.1,106.48,-3.06
Kazakhstan,2020,11.94,96.7,23.15,9.67,11.94,2.27,108.64,-0.74
Kazakhstan,2021,12.59,102.49,28.69,9.21,12.59,3.38,115.08,-0.56
Kazakhstan,2022,13.28,100.16,29.64,9.2,13.28,4.08,113.44,1.45
Kazakhstan,2023,14.46,99.13,33.88,8.81,14.46,5.65,113.59,2.07
Kazakhstan,2024,18.03,100.48,36.45,11.25,18.03,6.78,118.51,2.41
Kazakhstan,2025,18.38,105.31,38.19,10.51,18.38,7.87,123.69,2.41
Kenya,2000,1.74,2.57,2.57,1.74,1.74,0,4.31,0.2
Kenya,2001,2.86,1.95,1.95,2.86,2.86,0,4.81,0.17
Kenya,2002,3.95,1.2,1.2,3.95,3.95,0,5.15,0.22
Kenya,2003,4.49,0.99,0.99,4.49,4.49,0,5.48,0.19
Kenya,2004,4.34,1.82,1.82,4.34,4.34,0,6.16,0.16
Kenya,2005,4.47,2.23,2.23,4.47,4.47,0,6.7,0
Kenya,2006,4.72,2.79,2.79,4.72,4.72,0,7.51,-0.04
Kenya,2007,4.94,1.73,1.73,4.94,4.94,0,6.67,-0.04
Kenya,2008,4.47,1.68,1.68,4.47,4.47,0,6.15,-0.02
Kenya,2009,3.97,2.58,2.58,3.96,3.97,0.01,6.55,0.01
Kenya,2010,5.33,1.83,1.83,5.31,5.33,0.02,7.16,0
Kenya,2011,5.42,2.41,2.41,5.39,5.42,0.03,7.83,0
Kenya,2012,6.33,1.84,1.84,6.31,6.33,0.02,8.17,0.01
Kenya,2013,6.33,1.75,1.75,6.29,6.33,0.04,8.08,0
Kenya,2014,7.03,2.17,2.17,6.96,7.03,0.07,9.2,0.13
Kenya,2015,8.81,1,1,8.7,8.81,0.11,9.81,0.01
Kenya,2016,8.64,1.04,1.04,8.52,8.64,0.12,9.68,0.05
Kenya,2017,8.76,2.07,2.07,8.63,8.76,0.13,10.83,0.22
Kenya,2018,9.75,1.55,1.55,9.28,9.75,0.47,11.3,0.09
Kenya,2019,10.25,1.31,1.31,8.6,10.25,1.65,11.56,0.2
Kenya,2020,10.93,0.75,0.75,9.51,10.93,1.42,11.68,0.12
Kenya,2021,11.12,1.26,1.26,8.96,11.12,2.16,12.38,0.27
Kenya,2022,11.38,1.58,1.58,8.82,11.38,2.56,12.96,0.3
Kenya,2023,11.49,1.31,1.31,8.9,11.49,2.59,12.8,0.89
Kenya,2024,12.13,1.13,1.13,9.3,12.13,2.83,13.26,1.49
Kenya,2025,12.64,1.4,1.4,9.69,12.64,2.95,14.04,1.54
Kiribati,2000,0,0.01,0.01,0,0,0,0.01,0
Kiribati,2001,0,0.02,0.02,0,0,0,0.02,0
Kiribati,2002,0,0.02,0.02,0,0,0,0.02,0
Kiribati,2003,0,0.02,0.02,0,0,0,0.02,0
Kiribati,2004,0,0.02,0.02,0,0,0,0.02,0
Kiribati,2005,0,0.02,0.02,0,0,0,0.02,0
Kiribati,2006,0,0.03,0.03,0,0,0,0.03,0
Kiribati,2007,0,0.03,0.03,0,0,0,0.03,0
Kiribati,2008,0,0.02,0.02,0,0,0,0.02,0
Kiribati,2009,0,0.02,0.02,0,0,0,0.02,0
Kiribati,2010,0,0.02,0.02,0,0,0,0.02,0
Kiribati,2011,0,0.02,0.02,0,0,0,0.02,0
Kiribati,2012,0,0.02,0.02,0,0,0,0.02,0
Kiribati,2013,0,0.03,0.03,0,0,0,0.03,0
Kiribati,2014,0,0.03,0.03,0,0,0,0.03,0
Kiribati,2015,0,0.03,0.03,0,0,0,0.03,0
Kiribati,2016,0,0.03,0.03,0,0,0,0.03,0
Kiribati,2017,0,0.03,0.03,0,0,0,0.03,0
Kiribati,2018,0,0.03,0.03,0,0,0,0.03,0
Kiribati,2019,0.01,0.03,0.03,0,0.01,0.01,0.04,0
Kiribati,2020,0.01,0.03,0.03,0,0.01,0.01,0.04,0
Kiribati,2021,0.01,0.03,0.03,0,0.01,0.01,0.04,0
Kiribati,2022,0.01,0.03,0.03,0,0.01,0.01,0.04,0
Kiribati,2023,0.01,0.03,0.03,0,0.01,0.01,0.04,0
Kiribati,2024,0.01,0.03,0.03,0,0.01,0.01,0.04,0
Korea (the Democratic People's Republic of),2000,10.1,9.2,0.8,10.1,10.1,0,19.3,0
Korea (the Democratic People's Republic of),2001,10.49,9.6,1.01,10.49,10.49,0,20.09,0
Korea (the Democratic People's Republic of),2002,10.51,9.15,1.01,10.51,10.51,0,19.66,0
Korea (the Democratic People's Republic of),2003,11.6,9.28,0.99,11.6,11.6,0,20.88,0
Korea (the Democratic People's Republic of),2004,12.38,9.48,1,12.38,12.38,0,21.86,0
Korea (the Democratic People's Republic of),2005,13,9.77,0.83,13,13,0,22.77,0
Korea (the Democratic People's Republic of),2006,12.49,9.82,0.64,12.49,12.49,0,22.31,0
Korea (the Democratic People's Republic of),2007,13.15,8.24,0.76,13.15,13.15,0,21.39,0
Korea (the Democratic People's Republic of),2008,13.93,9.13,0.78,13.93,13.93,0,23.06,0
Korea (the Democratic People's Republic of),2009,12.38,11,0.6,12.38,12.38,0,23.38,0
Korea (the Democratic People's Republic of),2010,13.27,10.3,0.57,13.27,13.27,0,23.57,0
Korea (the Democratic People's Republic of),2011,13.07,7.8,0.62,13.07,13.07,0,20.87,0
Korea (the Democratic People's Republic of),2012,13.36,8,0.55,13.36,13.36,0,21.36,0
Korea (the Democratic People's Republic of),2013,13.77,8.2,0.57,13.76,13.77,0.01,21.97,0
Korea (the Democratic People's Republic of),2014,12.88,8.6,0.59,12.87,12.88,0.01,21.48,0
Korea (the Democratic People's Republic of),2015,9.93,9,0.81,9.9,9.93,0.03,18.93,0
Korea (the Democratic People's Republic of),2016,12.71,11.1,0.94,12.67,12.71,0.04,23.81,0
Korea (the Democratic People's Republic of),2017,11.83,11.6,0.78,11.78,11.83,0.05,23.43,0
Korea (the Democratic People's Republic of),2018,12.73,12.1,0.77,12.67,12.73,0.06,24.83,0
Korea (the Democratic People's Republic of),2019,11.08,12.8,0.93,11,11.08,0.08,23.88,0
Korea (the Democratic People's Republic of),2020,12.9,11.2,0.85,12.8,12.9,0.1,24.1,0
Korea (the Democratic People's Republic of),2021,16.23,9.4,0.51,16.1,16.23,0.13,25.63,0
Korea (the Democratic People's Republic of),2022,16.75,9.8,0.57,16.6,16.75,0.15,26.55,0
Korea (the Democratic People's Republic of),2023,16.75,9.97,0.74,16.6,16.75,0.15,26.72,0
Korea (the Democratic People's Republic of),2024,17.17,9.93,0.7,17,17.17,0.17,27.1,0
Kosovo,2000,0.05,2.91,0.02,0.05,0.05,0,2.96,0.37
Kosovo,2001,0.05,3.68,0.02,0.05,0.05,0,3.73,0.47
Kosovo,2002,0.05,3.66,0.02,0.05,0.05,0,3.71,0.47
Kosovo,2003,0.05,3.58,0.03,0.05,0.05,0,3.63,0.46
Kosovo,2004,0.11,3.97,0.03,0.11,0.11,0,4.08,0.46
Kosovo,2005,0.11,4.35,0.03,0.11,0.11,0,4.46,0.27
Kosovo,2006,0.1,4.33,0.03,0.1,0.1,0,4.43,0.28
Kosovo,2007,0.09,4.74,0.03,0.09,0.09,0,4.83,0.22
Kosovo,2008,0.08,5.08,0.03,0.08,0.08,0,5.16,0.41
Kosovo,2009,0.12,4.85,0.01,0.12,0.12,0,4.97,0.49
Kosovo,2010,0.16,5.01,0.02,0.16,0.16,0,5.17,0.47
Kosovo,2011,0.1,5.7,0.02,0.1,0.1,0,5.8,0.42
Kosovo,2012,0.1,5.84,0.01,0.1,0.1,0,5.94,0.15
Kosovo,2013,0.14,6.38,0.01,0.14,0.14,0,6.52,-0.34
Kosovo,2014,0.15,5.28,0.01,0.15,0.15,0,5.43,0.49
Kosovo,2015,0.14,5.97,0.01,0.14,0.14,0,6.11,0.13
Kosovo,2016,0.25,5.73,0.01,0.25,0.25,0,5.98,-0.51
Kosovo,2017,0.18,5.74,0.01,0.18,0.18,0,5.92,0.36
Kosovo,2018,0.3,5.61,0.01,0.27,0.3,0.03,5.91,0.15
Kosovo,2019,0.31,6.04,0.02,0.21,0.31,0.1,6.35,0.02
Kosovo,2020,0.36,6.34,0.01,0.26,0.36,0.1,6.7,-0.32
Kosovo,2021,0.45,6.46,0.02,0.3,0.45,0.15,6.91,0.69
Kosovo,2022,0.45,6.46,0.02,0.3,0.45,0.15,6.91,0.55
Kosovo,2023,0.8,5.54,0.01,0.39,0.8,0.41,6.34,1.01
Kosovo,2024,0.58,6.17,0.01,0.21,0.58,0.37,6.75,0.54
Kosovo,2025,0.64,5.23,0.01,0.24,0.64,0.4,5.87,1.55
Kuwait,2000,0,32.33,32.33,0,0,0,32.33,0
Kuwait,2001,0,34.3,34.3,0,0,0,34.3,0
Kuwait,2002,0,36.37,36.37,0,0,0,36.37,0
Kuwait,2003,0,39.8,39.8,0,0,0,39.8,0
Kuwait,2004,0,41.26,41.26,0,0,0,41.26,0
Kuwait,2005,0,43.73,43.73,0,0,0,43.73,0
Kuwait,2006,0,47.6,47.6,0,0,0,47.6,0
Kuwait,2007,0,48.75,48.75,0,0,0,48.75,0
Kuwait,2008,0,51.75,51.75,0,0,0,51.75,0
Kuwait,2009,0,53.22,53.22,0,0,0,53.22,0
Kuwait,2010,0,57.03,57.03,0,0,0,57.03,0
Kuwait,2011,0,57.46,57.46,0,0,0,57.46,0
Kuwait,2012,0,61.12,61.12,0,0,0,61.12,0
Kuwait,2013,0.01,60.98,60.98,0,0.01,0.01,60.99,0
Kuwait,2014,0.01,65.14,65.14,0,0.01,0.01,65.15,0
Kuwait,2015,0.01,68.29,68.29,0,0.01,0.01,68.3,0
Kuwait,2016,0.02,70.08,70.08,0,0.02,0.02,70.1,0
Kuwait,2017,0.04,68.85,68.85,0,0.04,0.04,68.89,0
Kuwait,2018,0.09,74.04,74.04,0,0.09,0.09,74.13,0
Kuwait,2019,0.1,74.94,74.94,0,0.1,0.1,75.04,0
Kuwait,2020,0.09,74.55,74.55,0,0.09,0.09,74.64,0
Kuwait,2021,0.21,80.59,80.59,0,0.21,0.21,80.8,0
Kuwait,2022,1.9,83.39,83.39,0,1.9,1.9,85.29,0
Kuwait,2023,1.91,87.85,87.85,0,1.91,1.91,89.76,0
Kuwait,2024,2.07,90.42,90.42,0,2.07,2.07,92.49,0
Kuwait,2025,2.07,87.15,87.15,0,2.07,2.07,89.22,0
Kyrgyzstan,2000,13.55,2.3,1.47,13.55,13.55,0,15.85,-2.83
Kyrgyzstan,2001,12.31,2.5,1.68,12.31,12.31,0,14.81,-1.84
Kyrgyzstan,2002,10.68,2.3,1.73,10.68,10.68,0,12.98,-0.68
Kyrgyzstan,2003,13.38,2.06,1.47,13.38,13.38,0,15.44,-1.61
Kyrgyzstan,2004,13.95,2.21,1.61,13.95,13.95,0,16.16,-3.33
Kyrgyzstan,2005,12.66,2.15,0.65,12.66,12.66,0,14.81,-2.68
Kyrgyzstan,2006,12.35,2.2,0.7,12.35,12.35,0,14.55,-2.51
Kyrgyzstan,2007,12.61,2.09,0.49,12.61,12.61,0,14.7,-2.38
Kyrgyzstan,2008,10.02,1.67,0.33,10.02,10.02,0,11.69,-0.77
Kyrgyzstan,2009,10.11,0.87,0.48,10.11,10.11,0,10.98,-1.2
Kyrgyzstan,2010,11,0.99,0.39,11,11,0,11.99,-1.71
Kyrgyzstan,2011,14,1.01,0.38,14,14,0,15.01,-2.67
Kyrgyzstan,2012,14.04,0.99,0.26,14.04,14.04,0,15.03,-1.66
Kyrgyzstan,2013,13,0.92,0.13,13,13,0,13.92,-0.15
Kyrgyzstan,2014,13.16,1.27,0.2,13.16,13.16,0,14.43,0.21
Kyrgyzstan,2015,10.99,1.93,0.21,10.99,10.99,0,12.92,0.55
Kyrgyzstan,2016,11.38,1.77,0.21,11.38,11.38,0,13.15,0.13
Kyrgyzstan,2017,14.06,1.31,0.15,14.06,14.06,0,15.37,-1.22
Kyrgyzstan,2018,14.17,1.26,0.17,14.17,14.17,0,15.43,-0.75
Kyrgyzstan,2019,13.71,1.26,0.13,13.71,13.71,0,14.97,0
Kyrgyzstan,2020,13.98,1.42,0.13,13.98,13.98,0,15.4,0.05
Kyrgyzstan,2021,12.96,2.18,0.21,12.96,12.96,0,15.14,1.13
Kyrgyzstan,2022,11.9,1.92,0.16,11.9,11.9,0,13.82,2.35
Kyrgyzstan,2023,11.76,1.84,0.25,11.76,11.76,0,13.6,3.35
Kyrgyzstan,2024,14,1.77,0.24,14,14,0,15.77,3.48
Kyrgyzstan,2025,13.37,2.33,0.38,13.37,13.37,0,15.7,3.53
Lao People's Democratic Republic (the),2000,3.28,0.37,0.37,3.28,3.28,0,3.65,-2.61
Lao People's Democratic Republic (the),2001,3.3,0.37,0.37,3.3,3.3,0,3.67,-2.68
Lao People's Democratic Republic (the),2002,3.21,0.36,0.36,3.21,3.21,0,3.57,-2.54
Lao People's Democratic Republic (the),2003,2.83,0.32,0.32,2.83,2.83,0,3.15,-2.03
Lao People's Democratic Republic (the),2004,3,0,0,3,3,0,3,-2.17
Lao People's Democratic Republic (the),2005,3.51,0,0,3.51,3.51,0,3.51,-2.17
Lao People's Democratic Republic (the),2006,3.6,0,0,3.6,3.6,0,3.6,-1.86
Lao People's Democratic Republic (the),2007,3.37,0,0,3.37,3.37,0,3.37,-0.95
Lao People's Democratic Republic (the),2008,3.72,0,0,3.72,3.72,0,3.72,-1.47
Lao People's Democratic Republic (the),2009,3.37,0,0,3.37,3.37,0,3.37,-0.75
Lao People's Democratic Republic (the),2010,8.36,0,0,8.36,8.36,0,8.36,-5.44
Lao People's Democratic Republic (the),2011,12.84,0,0,12.84,12.84,0,12.84,-9.77
Lao People's Democratic Republic (the),2012,12.93,0,0,12.93,12.93,0,12.93,-9.03
Lao People's Democratic Republic (the),2013,15.36,0,0,15.36,15.36,0,15.36,-11.22
Lao People's Democratic Republic (the),2014,15.12,0,0,15.12,15.12,0,15.12,-10.38
Lao People's Democratic Republic (the),2015,13.9,2.26,0,13.9,13.9,0,16.16,-9.5
Lao People's Democratic Republic (the),2016,17.53,7.96,0,17.53,17.53,0,25.49,-18.79
Lao People's Democratic Republic (the),2017,20.14,10.93,0,20.13,20.14,0.01,31.07,-24.4
Lao People's Democratic Republic (the),2018,22.4,12.02,0,22.38,22.4,0.02,34.42,-26.91
Lao People's Democratic Republic (the),2019,19.83,11.41,0,19.79,19.83,0.04,31.24,-22.77
Lao People's Democratic Republic (the),2020,28.61,11.35,0,28.57,28.61,0.04,39.96,-29.37
Lao People's Democratic Republic (the),2021,33.02,11.88,0,32.95,33.02,0.07,44.9,-33.37
Lao People's Democratic Republic (the),2022,38.86,12.18,0,38.78,38.86,0.08,51.04,-39.09
Lao People's Democratic Republic (the),2023,40.12,12.18,0,40.04,40.12,0.08,52.3,-35.2
Lao People's Democratic Republic (the),2024,40.13,12.18,0,40.04,40.13,0.09,52.31,-36.7
Latin America and Caribbean,2000,625.62,382.25,338.3,604.91,605.17,0.26,1007.87,NA
Latin America and Caribbean,2001,596.34,403.13,358.35,565.93,566.27,0.34,999.47,NA
Latin America and Caribbean,2002,618.53,412.26,365.33,588.65,589.12,0.47,1030.79,NA
Latin America and Caribbean,2003,641.72,436.4,381.52,609.76,610.29,0.53,1078.12,NA
Latin America and Caribbean,2004,668.79,464.92,412.71,639.57,640.12,0.55,1133.71,NA
Latin America and Caribbean,2005,706.33,476.85,415.02,678.28,678.81,0.53,1183.18,NA
Latin America and Caribbean,2006,742.2,493.62,428.18,709.06,709.86,0.8,1235.82,NA
Latin America and Caribbean,2007,765.34,524.72,456.1,733.94,735.32,1.38,1290.06,NA
Latin America and Caribbean,2008,785.59,547.12,486.87,752.52,754.43,1.91,1332.71,NA
Latin America and Caribbean,2009,795.56,541.8,474.52,761.22,763.92,2.7,1337.36,NA
Latin America and Caribbean,2010,817.65,587.9,512.96,785.34,790.04,4.7,1405.55,NA
Latin America and Caribbean,2011,867.88,594.32,514.78,829.67,835.73,6.06,1462.2,NA
Latin America and Caribbean,2012,857.6,662.84,573.58,814.6,826.39,11.79,1520.44,NA
Latin America and Caribbean,2013,851.99,719.97,617.83,803.53,818.53,15,1571.96,NA
Latin America and Caribbean,2014,836.93,734.9,630.6,780.03,806.36,26.33,1571.83,NA
Latin America and Caribbean,2015,853.42,758.35,650.02,776.92,820.07,43.15,1611.77,NA
Latin America and Caribbean,2016,891.6,736.94,626.88,796.23,856.89,60.66,1628.54,NA
Latin America and Caribbean,2017,916.2,713.87,616.12,808.36,883.49,75.13,1630.07,NA
Latin America and Caribbean,2018,957.56,710.98,614.96,827.39,921.47,94.08,1668.54,NA
Latin America and Caribbean,2019,961.84,718.06,613.46,801.71,926.08,124.37,1679.9,NA
Latin America and Caribbean,2020,991.19,647.81,565.2,809.41,955.95,146.54,1639,NA
Latin America and Caribbean,2021,1014.64,687.46,609.74,793.06,977.85,184.79,1702.1,NA
Latin America and Caribbean,2022,1107.57,624.49,558.21,858.85,1074.69,215.84,1732.06,NA
Latin America and Caribbean,2023,1151.61,637.78,571.29,856.8,1115.76,258.96,1789.39,NA
Latin America and Caribbean,2024,1183.89,647.34,578.99,842.33,1145.35,303.02,1831.23,NA
Latin America and Caribbean,2025,1209.07,637.16,573.22,829.87,1172.28,342.41,1846.23,NA
Latvia,2000,2.82,1.32,1.32,2.82,2.82,0,4.14,1.79
Latvia,2001,2.83,1.44,1.44,2.83,2.83,0,4.27,1.88
Latvia,2002,2.48,1.49,1.49,2.47,2.48,0.01,3.97,2.35
Latvia,2003,2.34,1.63,1.63,2.29,2.34,0.05,3.97,2.63
Latvia,2004,3.2,1.49,1.49,3.15,3.2,0.05,4.69,2.1
Latvia,2005,3.42,1.5,1.5,3.37,3.42,0.05,4.92,2.15
Latvia,2006,2.79,2.1,2.1,2.74,2.79,0.05,4.89,2.51
Latvia,2007,2.82,1.94,1.94,2.77,2.82,0.05,4.76,3
Latvia,2008,3.21,2.06,2.06,3.15,3.21,0.06,5.27,2.52
Latvia,2009,3.56,2.01,2.01,3.51,3.56,0.05,5.57,1.65
Latvia,2010,3.64,2.99,2.99,3.59,3.64,0.05,6.63,0.87
Latvia,2011,3.08,3.01,3.01,3.01,3.08,0.07,6.09,1.24
Latvia,2012,4.11,2.06,2.06,4,4.11,0.11,6.17,1.69
Latvia,2013,3.53,2.67,2.67,3.41,3.53,0.12,6.2,1.36
Latvia,2014,2.8,2.34,2.34,2.66,2.8,0.14,5.14,2.32
Latvia,2015,2.78,2.76,2.76,2.63,2.78,0.15,5.54,1.82
Latvia,2016,3.48,2.94,2.94,3.35,3.48,0.13,6.42,1.03
Latvia,2017,5.46,2.07,2.07,5.31,5.46,0.15,7.53,-0.06
Latvia,2018,3.49,3.23,3.23,3.37,3.49,0.12,6.72,0.91
Latvia,2019,3.19,3.25,3.25,3.04,3.19,0.15,6.44,1.12
Latvia,2020,3.64,2.08,2.08,3.46,3.64,0.18,5.72,1.63
Latvia,2021,3.72,2.13,2.13,3.57,3.72,0.15,5.85,1.77
Latvia,2022,3.82,1.21,1.21,3.55,3.82,0.27,5.03,2.31
Latvia,2023,4.96,1.42,1.42,4.45,4.96,0.51,6.38,0.8
Latvia,2024,4.65,1.68,1.68,3.83,4.65,0.82,6.33,1.07
Latvia,2025,4.68,1.65,1.65,3.63,4.68,1.05,6.33,1.4
Lebanon,2000,0.44,9.51,9.51,0.44,0.44,0,9.95,1.4
Lebanon,2001,0.33,9.62,9.62,0.33,0.33,0,9.95,1.26
Lebanon,2002,0.67,10.88,10.88,0.67,0.67,0,11.55,0.53
Lebanon,2003,1.35,11.58,11.58,1.35,1.35,0,12.93,0
Lebanon,2004,1.11,10.33,10.33,1.11,1.11,0,11.44,0.22
Lebanon,2005,1.04,10.69,10.69,1.04,1.04,0,11.73,0.46
Lebanon,2006,0.69,10.64,10.64,0.69,0.69,0,11.33,0.93
Lebanon,2007,0.58,9.99,9.99,0.58,0.58,0,10.57,0.97
Lebanon,2008,0.37,12.08,12.08,0.37,0.37,0,12.45,0.56
Lebanon,2009,0.62,12.36,12.36,0.62,0.62,0,12.98,1.15
Lebanon,2010,0.83,14.88,14.88,0.83,0.83,0,15.71,1.25
Lebanon,2011,0.8,15.5,15.5,0.8,0.8,0,16.3,0.84
Lebanon,2012,1,15.46,15.46,1,1,0,16.46,0.32
Lebanon,2013,1.26,17.54,17.54,1.26,1.26,0,18.8,0.52
Lebanon,2014,0.21,17.76,17.76,0.19,0.21,0.02,17.97,0.14
Lebanon,2015,0.5,18.14,18.14,0.47,0.5,0.03,18.64,0.27
Lebanon,2016,0.43,18.98,18.98,0.38,0.43,0.05,19.41,0.07
Lebanon,2017,0.48,20.77,20.77,0.41,0.48,0.07,21.25,0.53
Lebanon,2018,0.47,20.81,20.81,0.37,0.47,0.1,21.28,0.01
Lebanon,2019,1.12,20.47,20.47,0.99,1.12,0.13,21.59,0.09
Lebanon,2020,1.23,17.02,17.02,1.08,1.23,0.15,18.25,0
Lebanon,2021,0.96,9.38,9.38,0.64,0.96,0.32,10.34,0.8
Lebanon,2022,1.99,2.38,2.38,0.72,1.99,1.27,4.37,0
Lebanon,2023,2.14,4.14,4.14,0.73,2.14,1.41,6.28,0
Lebanon,2024,2.34,3,3,0.73,2.34,1.61,5.34,0
Lesotho,2000,0.29,0,0,0.29,0.29,0,0.29,0
Lesotho,2001,0.28,0,0,0.28,0.28,0,0.28,0.02
Lesotho,2002,0.31,0,0,0.31,0.31,0,0.31,-0.02
Lesotho,2003,0.32,0,0,0.32,0.32,0,0.32,0
Lesotho,2004,0.3,0,0,0.3,0.3,0,0.3,0.02
Lesotho,2005,0.46,0,0,0.46,0.46,0,0.46,-0.01
Lesotho,2006,0.52,0,0,0.52,0.52,0,0.52,0.03
Lesotho,2007,0.55,0,0,0.55,0.55,0,0.55,0.04
Lesotho,2008,0.58,0,0,0.58,0.58,0,0.58,0.05
Lesotho,2009,0.65,0,0,0.65,0.65,0,0.65,0.12
Lesotho,2010,0.69,0,0,0.69,0.69,0,0.69,0.2
Lesotho,2011,0.49,0,0,0.49,0.49,0,0.49,0.22
Lesotho,2012,0.49,0,0,0.49,0.49,0,0.49,0.29
Lesotho,2013,0.51,0,0,0.51,0.51,0,0.51,0.28
Lesotho,2014,0.52,0,0,0.52,0.52,0,0.52,0.27
Lesotho,2015,0.53,0,0,0.53,0.53,0,0.53,0.26
Lesotho,2016,0.52,0,0,0.52,0.52,0,0.52,0.37
Lesotho,2017,0.54,0,0,0.54,0.54,0,0.54,0.39
Lesotho,2018,0.52,0,0,0.52,0.52,0,0.52,0.39
Lesotho,2019,0.39,0,0,0.39,0.39,0,0.39,0.54
Lesotho,2020,0.43,0,0,0.43,0.43,0,0.43,0.44
Lesotho,2021,0.53,0,0,0.53,0.53,0,0.53,0.43
Lesotho,2022,0.48,0,0,0.48,0.48,0,0.48,0.43
Lesotho,2023,0,0,0,0,0,0,0,0.45
Lesotho,2024,0,0,0,0,0,0,0,0.58
Liberia,2000,0,0.2,0.2,0,0,0,0.2,0
Liberia,2001,0,0.2,0.2,0,0,0,0.2,0
Liberia,2002,0,0.2,0.2,0,0,0,0.2,0
Liberia,2003,0,0.2,0.2,0,0,0,0.2,0
Liberia,2004,0,0.2,0.2,0,0,0,0.2,0
Liberia,2005,0,0.2,0.2,0,0,0,0.2,0
Liberia,2006,0,0.2,0.2,0,0,0,0.2,0
Liberia,2007,0,0.25,0.25,0,0,0,0.25,0
Liberia,2008,0,0.25,0.25,0,0,0,0.25,0
Liberia,2009,0,0.25,0.25,0,0,0,0.25,0
Liberia,2010,0,0.25,0.25,0,0,0,0.25,0
Liberia,2011,0,0.3,0.3,0,0,0,0.3,0
Liberia,2012,0,0.3,0.3,0,0,0,0.3,0
Liberia,2013,0,0.3,0.3,0,0,0,0.3,0
Liberia,2014,0,0.3,0.3,0,0,0,0.3,0
Liberia,2015,0,0.31,0.31,0,0,0,0.31,0
Liberia,2016,0,0.3,0.3,0,0,0,0.3,0
Liberia,2017,0,0.35,0.35,0,0,0,0.35,0
Liberia,2018,0.13,0.28,0.28,0.13,0.13,0,0.41,0
Liberia,2019,0.13,0.29,0.29,0.13,0.13,0,0.42,0
Liberia,2020,0.13,0.32,0.32,0.13,0.13,0,0.45,0
Liberia,2021,0.13,0.25,0.25,0.13,0.13,0,0.38,0
Liberia,2022,0.13,0.26,0.26,0.13,0.13,0,0.39,0
Liberia,2023,0.35,0.26,0.26,0.35,0.35,0,0.61,0
Liberia,2024,0.31,0.26,0.26,0.3,0.31,0.01,0.57,0
Libya,2000,0,15.5,15.5,0,0,0,15.5,0
Libya,2001,0,16.11,16.11,0,0,0,16.11,0
Libya,2002,0,17.53,17.53,0,0,0,17.53,0
Libya,2003,0,18.95,18.95,0,0,0,18.95,0
Libya,2004,0,20.2,20.2,0,0,0,20.2,0
Libya,2005,0,22.32,22.32,0,0,0,22.32,0.05
Libya,2006,0,24.75,24.75,0,0,0,24.75,0.03
Libya,2007,0,26.23,26.23,0,0,0,26.23,-0.03
Libya,2008,0,28.67,28.67,0,0,0,28.67,-0.05
Libya,2009,0,30.38,30.38,0,0,0,30.38,-0.03
Libya,2010,0.01,32.55,32.55,0,0.01,0.01,32.56,-0.08
Libya,2011,0.01,26,26,0,0.01,0.01,26.01,-0.06
Libya,2012,0.01,34.28,34.28,0,0.01,0.01,34.29,0.05
Libya,2013,0.01,37.92,37.92,0,0.01,0.01,37.93,0.06
Libya,2014,0.01,37.72,37.72,0,0.01,0.01,37.73,0.09
Libya,2015,0.01,37.5,37.5,0,0.01,0.01,37.51,0
Libya,2016,0.01,31.41,31.41,0,0.01,0.01,31.42,0.38
Libya,2017,0.01,33.27,33.27,0,0.01,0.01,33.28,0.3
Libya,2018,0.01,34.17,34.17,0,0.01,0.01,34.18,0.47
Libya,2019,0.01,34.62,34.62,0,0.01,0.01,34.63,0.78
Libya,2020,0.01,29.49,29.49,0,0.01,0.01,29.5,1.26
Libya,2021,0.01,34.78,34.78,0,0.01,0.01,34.79,0.78
Libya,2022,0.01,35.1,35.1,0,0.01,0.01,35.11,0.72
Libya,2023,0.01,33.74,33.74,0,0.01,0.01,33.75,0
Libya,2024,0.01,34.58,34.58,0,0.01,0.01,34.59,0
Lithuania,2000,8.76,2.37,2.37,0.34,0.34,0,11.13,-1.34
Lithuania,2001,11.69,2.67,2.67,0.33,0.33,0,14.36,-3.96
Lithuania,2002,14.49,2.8,2.8,0.35,0.35,0,17.29,-6.49
Lithuania,2003,15.81,3.01,3.01,0.33,0.33,0,18.82,-7.53
Lithuania,2004,15.53,3.22,3.22,0.43,0.43,0,18.75,-7.19
Lithuania,2005,10.8,3.62,3.62,0.46,0.46,0,14.42,-2.97
Lithuania,2006,9.08,2.99,2.99,0.42,0.43,0.01,12.07,-0.43
Lithuania,2007,10.41,3.05,3.05,0.47,0.58,0.11,13.46,-1.37
Lithuania,2008,10.49,2.84,2.84,0.47,0.6,0.13,13.33,-0.96
Lithuania,2009,11.53,3.11,3.11,0.52,0.68,0.16,14.64,-2.93
Lithuania,2010,0.91,4.09,4.09,0.69,0.91,0.22,5,5.99
Lithuania,2011,1.11,3.14,3.14,0.64,1.11,0.47,4.25,6.74
Lithuania,2012,1.18,3.32,3.32,0.64,1.18,0.54,4.5,6.62
Lithuania,2013,1.53,2.66,2.66,0.88,1.53,0.65,4.19,6.95
Lithuania,2014,1.51,2.18,2.18,0.8,1.51,0.71,3.69,7.62
Lithuania,2015,1.68,2.55,2.55,0.8,1.68,0.88,4.23,7.21
Lithuania,2016,2.1,1.53,1.53,0.89,2.1,1.21,3.63,8.27
Lithuania,2017,2.53,1.03,1.03,1.1,2.53,1.43,3.56,8.68
Lithuania,2018,2.2,0.72,0.72,0.97,2.2,1.23,2.92,9.63
Lithuania,2019,2.47,0.87,0.87,0.88,2.47,1.59,3.34,9.34
Lithuania,2020,2.57,2.13,2.13,0.89,2.57,1.68,4.7,7.91
Lithuania,2021,2.62,1.68,1.68,1.07,2.62,1.55,4.3,9.04
Lithuania,2022,3.02,1.02,1.02,1.17,3.02,1.85,4.04,8.57
Lithuania,2023,4.44,0.86,0.86,1.21,4.44,3.23,5.3,6.93
Lithuania,2024,6.23,1.16,1.16,1.42,6.23,4.81,7.39,5.4
Lithuania,2025,6.89,1.99,1.99,1.24,6.89,5.65,8.88,3.6
Luxembourg,2000,0.16,0.24,0.24,0.14,0.16,0.02,0.4,5.71
Luxembourg,2001,0.17,0.7,0.7,0.15,0.17,0.02,0.87,5.32
Luxembourg,2002,0.15,2.65,2.65,0.13,0.15,0.02,2.8,3.47
Luxembourg,2003,0.14,2.65,2.65,0.11,0.14,0.03,2.79,3.76
Luxembourg,2004,0.19,3.18,3.18,0.14,0.19,0.05,3.37,3.37
Luxembourg,2005,0.21,3.14,3.14,0.14,0.21,0.07,3.35,3.26
Luxembourg,2006,0.25,3.29,3.29,0.17,0.25,0.08,3.54,3.56
Luxembourg,2007,0.26,2.93,2.93,0.18,0.26,0.08,3.19,3.96
Luxembourg,2008,0.28,2.44,2.44,0.2,0.28,0.08,2.72,4.35
Luxembourg,2009,0.27,2.88,2.88,0.19,0.27,0.08,3.15,3.42
Luxembourg,2010,0.27,2.97,2.97,0.19,0.27,0.08,3.24,4.06
Luxembourg,2011,0.24,2.4,2.4,0.15,0.24,0.09,2.64,4.48
Luxembourg,2012,0.31,2.45,2.45,0.19,0.31,0.12,2.76,4.11
Luxembourg,2013,0.36,1.48,1.48,0.21,0.36,0.15,1.84,4.94
Luxembourg,2014,0.4,1.51,1.51,0.23,0.4,0.17,1.91,4.89
Luxembourg,2015,0.43,0.91,0.91,0.23,0.43,0.2,1.34,5.6
Luxembourg,2016,0.46,0.33,0.33,0.26,0.46,0.2,0.79,6.3
Luxembourg,2017,0.6,0.3,0.3,0.26,0.6,0.34,0.9,6.18
Luxembourg,2018,0.68,0.28,0.28,0.31,0.68,0.37,0.96,6.16
Luxembourg,2019,0.8,0.27,0.27,0.39,0.8,0.41,1.07,5.88
Luxembourg,2020,0.97,0.25,0.25,0.46,0.97,0.51,1.22,5.46
Luxembourg,2021,0.99,0.24,0.24,0.5,0.99,0.49,1.23,5.72
Luxembourg,2022,1.04,0.17,0.17,0.45,1.04,0.59,1.21,5.51
Luxembourg,2023,1.26,0.15,0.15,0.47,1.26,0.79,1.41,5.2
Luxembourg,2024,1.37,0.14,0.14,0.55,1.37,0.82,1.51,5.25
Luxembourg,2025,1.41,0.13,0.13,0.47,1.41,0.94,1.54,4.93
Macao,2000,0,1.57,1.57,0,0,0,1.57,0.1
Macao,2001,0.06,1.51,1.51,0.06,0.06,0,1.57,0.19
Macao,2002,0.07,1.63,1.63,0.07,0.07,0,1.7,0.19
Macao,2003,0.15,1.65,1.65,0.15,0.15,0,1.8,0.18
Macao,2004,0.15,1.82,1.82,0.15,0.15,0,1.97,0.15
Macao,2005,0.16,1.87,1.87,0.16,0.16,0,2.03,0.34
Macao,2006,0.17,1.5,1.5,0.17,0.17,0,1.67,0.96
Macao,2007,0.17,1.35,1.35,0.17,0.17,0,1.52,1.68
Macao,2008,0.18,1.03,1.03,0.18,0.18,0,1.21,2.31
Macao,2009,0.18,1.28,1.28,0.18,0.18,0,1.46,2.23
Macao,2010,0.2,0.88,0.88,0.2,0.2,0,1.08,2.79
Macao,2011,0.21,0.68,0.68,0.21,0.21,0,0.89,3.16
Macao,2012,0.23,0.33,0.33,0.23,0.23,0,0.56,3.86
Macao,2013,0.24,0.17,0.17,0.24,0.24,0,0.41,4.06
Macao,2014,0.26,0.38,0.38,0.26,0.26,0,0.64,4.1
Macao,2015,0.2,0.75,0.75,0.2,0.2,0,0.95,4.05
Macao,2016,0.2,0.79,0.79,0.2,0.2,0,0.99,4.31
Macao,2017,0.21,1.26,1.26,0.21,0.21,0,1.47,3.95
Macao,2018,0.18,0.47,0.47,0.18,0.18,0,0.65,4.91
Macao,2019,0.22,0.62,0.62,0.22,0.22,0,0.84,4.98
Macao,2020,0.19,0.37,0.37,0.19,0.19,0,0.56,4.85
Macao,2021,0.21,0.29,0.29,0.21,0.21,0,0.5,5.19
Macao,2022,0.2,0.29,0.29,0.2,0.2,0,0.49,4.87
Macao,2023,0.22,0.44,0.44,0.22,0.22,0,0.66,5.33
Macao,2024,0.24,0.54,0.54,0.24,0.24,0,0.78,5.5
Madagascar,2000,0.55,0.31,0.31,0.55,0.55,0,0.86,0
Madagascar,2001,0.54,0.34,0.34,0.54,0.54,0,0.88,0
Madagascar,2002,0.55,0.31,0.31,0.55,0.55,0,0.86,0
Madagascar,2003,0.61,0.35,0.35,0.61,0.61,0,0.96,0
Madagascar,2004,0.64,0.41,0.41,0.64,0.64,0,1.05,0
Madagascar,2005,0.65,0.41,0.41,0.65,0.65,0,1.06,0
Madagascar,2006,0.64,0.43,0.43,0.64,0.64,0,1.07,0
Madagascar,2007,0.72,0.4,0.4,0.72,0.72,0,1.12,0
Madagascar,2008,0.7,0.48,0.48,0.7,0.7,0,1.18,0
Madagascar,2009,0.74,0.45,0.45,0.74,0.74,0,1.19,0
Madagascar,2010,0.71,0.59,0.59,0.71,0.71,0,1.3,0
Madagascar,2011,0.7,0.77,0.7,0.7,0.7,0,1.47,0
Madagascar,2012,0.77,0.79,0.71,0.77,0.77,0,1.56,0
Madagascar,2013,0.83,0.82,0.74,0.82,0.83,0.01,1.65,0
Madagascar,2014,0.91,0.81,0.72,0.9,0.91,0.01,1.72,0
Madagascar,2015,0.97,0.82,0.74,0.95,0.97,0.02,1.79,0
Madagascar,2016,0.92,0.98,0.9,0.9,0.92,0.02,1.9,0
Madagascar,2017,0.83,1.15,1.03,0.81,0.83,0.02,1.98,0
Madagascar,2018,1.03,1.35,0.89,0.99,1.03,0.04,2.38,0
Madagascar,2019,0.95,1.52,1.04,0.91,0.95,0.04,2.47,0
Madagascar,2020,0.88,1.28,1.07,0.84,0.88,0.04,2.16,0
Madagascar,2021,0.84,1.69,1.22,0.8,0.84,0.04,2.53,0
Madagascar,2022,0.93,1.71,1.2,0.85,0.93,0.08,2.64,0
Madagascar,2023,1.09,1.39,0.88,1.01,1.09,0.08,2.48,0
Madagascar,2024,1.03,1.4,0.9,0.93,1.03,0.1,2.43,0
Malawi,2000,1.09,0.12,0.12,1.09,1.09,0,1.21,0
Malawi,2001,1.11,0.11,0.11,1.11,1.11,0,1.22,-0.01
Malawi,2002,1.16,0.12,0.12,1.16,1.16,0,1.28,-0.01
Malawi,2003,1.21,0.1,0.1,1.21,1.21,0,1.31,-0.01
Malawi,2004,1.33,0.14,0.14,1.33,1.33,0,1.47,-0.01
Malawi,2005,1.37,0.16,0.16,1.37,1.37,0,1.53,-0.01
Malawi,2006,1.4,0.17,0.17,1.4,1.4,0,1.57,-0.01
Malawi,2007,1.43,0.15,0.15,1.43,1.43,0,1.58,-0.02
Malawi,2008,1.58,0.12,0.12,1.58,1.58,0,1.7,-0.02
Malawi,2009,1.55,0.12,0.12,1.55,1.55,0,1.67,-0.02
Malawi,2010,1.8,0.12,0.12,1.8,1.8,0,1.92,-0.02
Malawi,2011,1.85,0.12,0.12,1.85,1.85,0,1.97,-0.02
Malawi,2012,1.92,0.13,0.13,1.91,1.92,0.01,2.05,-0.02
Malawi,2013,1.92,0.13,0.13,1.91,1.92,0.01,2.05,-0.02
Malawi,2014,2.05,0.12,0.12,2.03,2.05,0.02,2.17,-0.02
Malawi,2015,2.04,0.13,0.13,2.01,2.04,0.03,2.17,-0.02
Malawi,2016,2.02,0.13,0.13,1.99,2.02,0.03,2.15,-0.02
Malawi,2017,1.91,0,0,1.87,1.91,0.04,1.91,-0.02
Malawi,2018,1.48,0.33,0.33,1.47,1.48,0.01,1.81,-0.02
Malawi,2019,1.73,0.07,0.07,1.72,1.73,0.01,1.8,-0.02
Malawi,2020,1.74,0.01,0.01,1.73,1.74,0.01,1.75,-0.02
Malawi,2021,1.75,0.08,0.08,1.74,1.75,0.01,1.83,-0.02
Malawi,2022,1.75,0.08,0.08,1.74,1.75,0.01,1.83,-0.02
Malawi,2023,1.75,0.08,0.08,1.74,1.75,0.01,1.83,-0.02
Malawi,2024,1.75,0.08,0.08,1.74,1.75,0.01,1.83,-0.02
Malaysia,2000,7.56,62.34,58.3,7.56,7.56,0,69.9,-0.02
Malaysia,2001,6.64,69.14,62.9,6.64,6.64,0,75.78,-0.09
Malaysia,2002,5.81,75.06,65.5,5.81,5.81,0,80.87,-0.03
Malaysia,2003,5.51,77.8,64.36,5.51,5.51,0,83.31,-0.2
Malaysia,2004,6.15,89.91,67.28,6.15,6.15,0,96.06,-0.52
Malaysia,2005,6.6,92.15,66.92,6.6,6.6,0,98.75,-2.23
Malaysia,2006,6.94,97.05,70.42,6.94,6.94,0,103.99,-2.32
Malaysia,2007,6.72,101.83,70.97,6.72,6.72,0,108.55,-2.26
Malaysia,2008,8.61,105.22,74.19,8.61,8.61,0,113.83,-0.48
Malaysia,2009,8.28,107.83,70.19,8.28,8.28,0,116.11,-0.09
Malaysia,2010,7.62,117.42,68.02,7.62,7.62,0,125.04,-0.15
Malaysia,2011,9.6,117.47,65.17,9.6,9.6,0,127.07,0.36
Malaysia,2012,10.76,123.32,67.7,10.75,10.76,0.01,134.08,0.09
Malaysia,2013,13.04,127.93,74.27,12.9,13.04,0.14,140.97,0.19
Malaysia,2014,14.31,133.16,77.33,14.08,14.31,0.23,147.47,0.01
Malaysia,2015,14.94,135.17,71.7,14.67,14.94,0.27,150.11,0.01
Malaysia,2016,21.09,135.56,66.41,20.78,21.09,0.31,156.65,-0.66
Malaysia,2017,27.94,132.7,63.83,27.61,27.94,0.33,160.64,-1.12
Malaysia,2018,28.31,142.27,64.98,27.68,28.31,0.63,170.58,-1.49
Malaysia,2019,28.8,149.7,73.29,27.34,28.8,1.46,178.5,-1.66
Malaysia,2020,30.59,143.42,54.54,28.53,30.59,2.06,174.01,-1.55
Malaysia,2021,33.73,141.48,62.1,31.43,33.73,2.3,175.21,-0.94
Malaysia,2022,35.76,147.87,70.09,33.01,35.76,2.75,183.63,-1.38
Malaysia,2023,35.98,151.82,70.42,32.74,35.98,3.24,187.8,-1.1
Malaysia,2024,40.35,157.77,72.47,36.23,40.35,4.12,198.12,-1.08
Malaysia,2025,41.53,159.56,69.96,37.02,41.53,4.51,201.09,-1.18
Maldives,2000,0,0.15,0.15,0,0,0,0.15,0
Maldives,2001,0,0.16,0.16,0,0,0,0.16,0
Maldives,2002,0,0.19,0.19,0,0,0,0.19,0
Maldives,2003,0,0.22,0.22,0,0,0,0.22,0
Maldives,2004,0,0.24,0.24,0,0,0,0.24,0
Maldives,2005,0,0.27,0.27,0,0,0,0.27,0
Maldives,2006,0,0.31,0.31,0,0,0,0.31,0
Maldives,2007,0,0.35,0.35,0,0,0,0.35,0
Maldives,2008,0,0.41,0.41,0,0,0,0.41,0
Maldives,2009,0,0.39,0.39,0,0,0,0.39,0
Maldives,2010,0,0.35,0.35,0,0,0,0.35,0
Maldives,2011,0,0.38,0.38,0,0,0,0.38,0
Maldives,2012,0,0.4,0.4,0,0,0,0.4,0
Maldives,2013,0,0.42,0.42,0,0,0,0.42,0
Maldives,2014,0.01,0.53,0.53,0,0.01,0.01,0.54,0
Maldives,2015,0.01,0.61,0.61,0,0.01,0.01,0.62,0
Maldives,2016,0.01,0.66,0.66,0,0.01,0.01,0.67,0
Maldives,2017,0.02,0.71,0.71,0,0.02,0.02,0.73,0
Maldives,2018,0.03,0.76,0.76,0,0.03,0.03,0.79,0
Maldives,2019,0.03,0.78,0.78,0,0.03,0.03,0.81,0
Maldives,2020,0.04,0.78,0.78,0,0.04,0.04,0.82,0
Maldives,2021,0.05,0.79,0.79,0,0.05,0.05,0.84,0
Maldives,2022,0.06,0.79,0.79,0,0.06,0.06,0.85,0
Maldives,2023,0.06,0.79,0.79,0,0.06,0.06,0.85,0
Maldives,2024,0.06,0.79,0.79,0,0.06,0.06,0.85,0
Mali,2000,0.28,0.78,0.78,0.28,0.28,0,1.06,0
Mali,2001,0.28,0.79,0.79,0.28,0.28,0,1.07,0
Mali,2002,0.29,0.82,0.82,0.29,0.29,0,1.11,-0.2
Mali,2003,0.28,0.83,0.83,0.28,0.28,0,1.11,-0.41
Mali,2004,0.3,0.96,0.96,0.3,0.3,0,1.26,-0.36
Mali,2005,0.5,0.99,0.99,0.5,0.5,0,1.49,-0.4
Mali,2006,0.53,1.04,1.04,0.53,0.53,0,1.57,-0.36
Mali,2007,0.52,1.06,1.06,0.52,0.52,0,1.58,-0.26
Mali,2008,0.62,1.19,1.19,0.62,0.62,0,1.81,-0.33
Mali,2009,0.72,0.84,0.84,0.72,0.72,0,1.56,-0.25
Mali,2010,1.16,1.2,1.2,1.15,1.16,0.01,2.36,-0.4
Mali,2011,1.22,0.94,0.94,1.2,1.22,0.02,2.16,0.26
Mali,2012,1.32,0.99,0.99,1.29,1.32,0.03,2.31,-0.45
Mali,2013,1.19,1.01,1.01,1.16,1.19,0.03,2.2,-0.1
Mali,2014,1.46,1.05,1.05,1.43,1.46,0.03,2.51,-0.25
Mali,2015,1.21,1.3,1.3,1.18,1.21,0.03,2.51,0.13
Mali,2016,1.57,1.45,1.45,1.54,1.57,0.03,3.02,-0.35
Mali,2017,1.57,1.87,1.87,1.54,1.57,0.03,3.44,-0.25
Mali,2018,1.45,2.16,2.16,1.42,1.45,0.03,3.61,-0.13
Mali,2019,1.46,2.35,2.35,1.43,1.46,0.03,3.81,0.05
Mali,2020,1.61,2.33,2.33,1.51,1.61,0.1,3.94,0.15
Mali,2021,1.54,2.4,2.4,1.4,1.54,0.14,3.94,0.16
Mali,2022,1.86,2.48,2.48,1.71,1.86,0.15,4.34,0.27
Mali,2023,1.19,4.82,4.82,1.04,1.19,0.15,6.01,-0.72
Mali,2024,1.16,4.8,4.8,0.99,1.16,0.17,5.96,-0.5
Malta,2000,0,1.92,1.92,0,0,0,1.92,0
Malta,2001,0,1.94,1.94,0,0,0,1.94,0
Malta,2002,0,2.05,2.05,0,0,0,2.05,0
Malta,2003,0,2.24,2.24,0,0,0,2.24,0
Malta,2004,0,2.22,2.22,0,0,0,2.22,0
Malta,2005,0,2.24,2.24,0,0,0,2.24,0
Malta,2006,0,2.26,2.26,0,0,0,2.26,0
Malta,2007,0,2.3,2.3,0,0,0,2.3,0
Malta,2008,0,2.31,2.31,0,0,0,2.31,0
Malta,2009,0,2.17,2.17,0,0,0,2.17,0
Malta,2010,0,2.11,2.11,0,0,0,2.11,0
Malta,2011,0,2.17,2.17,0,0,0,2.17,0
Malta,2012,0.03,2.27,2.27,0.01,0.03,0.02,2.3,0
Malta,2013,0.04,2.22,2.22,0.01,0.04,0.03,2.26,0
Malta,2014,0.08,2.17,2.17,0.01,0.08,0.07,2.25,0
Malta,2015,0.1,1.2,1.2,0.01,0.1,0.09,1.3,1.05
Malta,2016,0.14,0.72,0.72,0.01,0.14,0.13,0.86,1.53
Malta,2017,0.17,1.48,1.48,0.01,0.17,0.16,1.65,0.86
Malta,2018,0.2,1.77,1.77,0.01,0.2,0.19,1.97,0.62
Malta,2019,0.21,1.86,1.86,0.01,0.21,0.2,2.07,0.64
Malta,2020,0.25,1.9,1.9,0.01,0.25,0.24,2.15,0.42
Malta,2021,0.27,1.95,1.95,0.01,0.27,0.26,2.22,0.51
Malta,2022,0.3,2,2,0.01,0.3,0.29,2.3,0.64
Malta,2023,0.32,2.03,2.03,0.01,0.32,0.31,2.35,0.62
Malta,2024,0.34,1.85,1.85,0.01,0.34,0.33,2.19,0.97
Malta,2025,0.35,1.84,1.84,0.01,0.35,0.34,2.19,1.03
Martinique,2000,0,1.14,1.14,0,0,0,1.14,0
Martinique,2001,0,1.31,1.31,0,0,0,1.31,0
Martinique,2002,0.01,1.34,1.34,0.01,0.01,0,1.35,0
Martinique,2003,0.01,1.39,1.39,0.01,0.01,0,1.4,0
Martinique,2004,0.01,1.43,1.43,0.01,0.01,0,1.44,0
Martinique,2005,0.01,1.43,1.43,0.01,0.01,0,1.44,0
Martinique,2006,0.01,1.46,1.46,0.01,0.01,0,1.47,0
Martinique,2007,0.02,1.46,1.46,0.02,0.02,0,1.48,0
Martinique,2008,0.03,1.5,1.5,0.02,0.03,0.01,1.53,0
Martinique,2009,0.03,1.51,1.51,0.02,0.03,0.01,1.54,0
Martinique,2010,0.03,1.58,1.58,0.01,0.03,0.02,1.61,0
Martinique,2011,0.05,1.52,1.52,0.01,0.05,0.04,1.57,0
Martinique,2012,0.09,1.5,1.5,0.01,0.09,0.08,1.59,0
Martinique,2013,0.09,1.49,1.49,0.01,0.09,0.08,1.58,0
Martinique,2014,0.09,1.46,1.46,0.01,0.09,0.08,1.55,0
Martinique,2015,0.09,1.47,1.47,0.01,0.09,0.08,1.56,0
Martinique,2016,0.09,1.49,1.49,0.01,0.09,0.08,1.58,0
Martinique,2017,0.09,1.47,1.47,0.01,0.09,0.08,1.56,0
Martinique,2018,0.18,1.36,1.36,0.09,0.18,0.09,1.54,0
Martinique,2019,0.39,1.16,1.16,0.25,0.39,0.14,1.55,0
Martinique,2020,0.34,1.16,1.16,0.22,0.34,0.12,1.5,0
Martinique,2021,0.38,1.13,1.13,0.24,0.38,0.14,1.51,0
Martinique,2022,0.39,1.1,1.1,0.26,0.39,0.13,1.49,0
Martinique,2023,0.39,1.12,1.12,0.25,0.39,0.14,1.51,0
Mauritania,2000,0.03,0.39,0.39,0.03,0.03,0,0.42,0
Mauritania,2001,0.03,0.44,0.44,0.03,0.03,0,0.47,0
Mauritania,2002,0.03,0.5,0.5,0.03,0.03,0,0.53,0
Mauritania,2003,0.04,0.46,0.46,0.04,0.04,0,0.5,0.08
Mauritania,2004,0.04,0.5,0.5,0.04,0.04,0,0.54,0.07
Mauritania,2005,0.05,0.48,0.48,0.05,0.05,0,0.53,0.13
Mauritania,2006,0.05,0.57,0.57,0.05,0.05,0,0.62,0.13
Mauritania,2007,0.05,0.59,0.59,0.05,0.05,0,0.64,0.08
Mauritania,2008,0.06,0.66,0.66,0.06,0.06,0,0.72,0.1
Mauritania,2009,0.11,0.66,0.66,0.11,0.11,0,0.77,0.11
Mauritania,2010,0.12,0.73,0.73,0.12,0.12,0,0.85,0.12
Mauritania,2011,0.13,0.74,0.74,0.13,0.13,0,0.87,0.13
Mauritania,2012,0.14,0.82,0.82,0.14,0.14,0,0.96,0.14
Mauritania,2013,0.21,0.77,0.77,0.17,0.21,0.04,0.98,0.17
Mauritania,2014,0.22,0.81,0.81,0.18,0.22,0.04,1.03,0.18
Mauritania,2015,0.32,0.84,0.84,0.19,0.32,0.13,1.16,0.18
Mauritania,2016,0.29,0.87,0.87,0.13,0.29,0.16,1.16,0.22
Mauritania,2017,0.33,1.02,1.02,0.17,0.33,0.16,1.35,0.19
Mauritania,2018,0.44,1.02,1.02,0.19,0.44,0.25,1.46,0.2
Mauritania,2019,0.47,1.1,1.1,0.2,0.47,0.27,1.57,0.2
Mauritania,2020,0.47,1.16,1.16,0.21,0.47,0.26,1.63,0.22
Mauritania,2021,0.45,1.13,1.13,0.21,0.45,0.24,1.58,0.19
Mauritania,2022,0.45,1.19,1.19,0.21,0.45,0.24,1.64,0.38
Mauritania,2023,0.45,1.64,1.64,0.21,0.45,0.24,2.09,0.26
Mauritania,2024,0.47,1.6,1.6,0.21,0.47,0.26,2.07,0.3
Mauritius,2000,0.52,1.25,0.89,0.52,0.52,0,1.77,0
Mauritius,2001,0.55,1.37,0.9,0.55,0.55,0,1.92,0
Mauritius,2002,0.54,1.42,0.91,0.54,0.54,0,1.96,0
Mauritius,2003,0.57,1.52,1.02,0.57,0.57,0,2.09,0
Mauritius,2004,0.59,1.57,1.1,0.59,0.59,0,2.16,0
Mauritius,2005,0.56,1.7,1.09,0.56,0.56,0,2.26,0
Mauritius,2006,0.53,1.83,1.03,0.53,0.53,0,2.36,0
Mauritius,2007,0.55,1.91,0.92,0.55,0.55,0,2.46,0
Mauritius,2008,0.6,1.96,0.83,0.6,0.6,0,2.56,0
Mauritius,2009,0.61,1.96,0.95,0.61,0.61,0,2.57,0
Mauritius,2010,0.65,2.04,1,0.65,0.65,0,2.69,0
Mauritius,2011,0.54,2.19,1.08,0.54,0.54,0,2.73,0
Mauritius,2012,0.57,2.22,1.07,0.57,0.57,0,2.79,0
Mauritius,2013,0.58,2.28,1.07,0.58,0.58,0,2.86,0
Mauritius,2014,0.6,2.34,1.08,0.57,0.6,0.03,2.94,0
Mauritius,2015,0.68,2.31,1.13,0.65,0.68,0.03,2.99,0
Mauritius,2016,0.67,2.38,1.11,0.62,0.67,0.05,3.05,0
Mauritius,2017,0.62,2.49,1.18,0.57,0.62,0.05,3.11,0
Mauritius,2018,0.64,2.48,1.22,0.58,0.64,0.06,3.12,0
Mauritius,2019,0.7,2.53,1.36,0.56,0.7,0.14,3.23,0
Mauritius,2020,0.7,2.2,1.06,0.53,0.7,0.17,2.9,0
Mauritius,2021,0.64,2.35,1.1,0.48,0.64,0.16,2.99,0
Mauritius,2022,0.61,2.51,1.53,0.43,0.61,0.18,3.12,0
Mauritius,2023,0.57,2.7,1.6,0.41,0.57,0.16,3.27,0
Mauritius,2024,0.61,2.8,1.46,0.43,0.61,0.18,3.41,0
Mexico,2000,47.68,155.94,136.89,39.43,39.46,0.03,203.62,0.87
Mexico,2001,43.45,166.77,143.6,34.69,34.72,0.03,210.22,0.06
Mexico,2002,40.71,175.02,148.92,30.93,30.96,0.03,215.73,0.2
Mexico,2003,37.33,187.57,156.67,26.8,26.83,0.03,224.9,-0.87
Mexico,2004,41.66,193.73,169.93,32.44,32.47,0.03,235.39,-1.27
Mexico,2005,46.68,201.29,168.48,35.85,35.88,0.03,247.97,-1.67
Mexico,2006,48.87,207.38,175.64,37.94,38,0.06,256.25,-0.78
Mexico,2007,46.27,216.99,185.42,35.59,35.85,0.26,263.26,-1.17
Mexico,2008,57.19,212.1,190.76,47.12,47.39,0.27,269.29,-1.1
Mexico,2009,45.4,222.36,192.92,34.27,34.9,0.63,267.76,-0.9
Mexico,2010,52.35,223.22,190.83,45.2,46.47,1.27,275.57,-0.95
Mexico,2011,56.02,236.13,202.35,44.24,45.93,1.69,292.15,-0.7
Mexico,2012,51.83,244.56,210.33,39.3,43.06,3.76,296.39,1.06
Mexico,2013,51.92,245.2,213.46,35.83,40.12,4.29,297.12,-0.03
Mexico,2014,63.32,240.01,206.23,46.99,53.64,6.65,303.33,-0.53
Mexico,2015,59.82,250.54,216.78,39.29,48.24,8.95,310.36,-0.67
Mexico,2016,59.55,260.8,226.35,38.35,48.98,10.63,320.35,0.26
Mexico,2017,61.66,267.43,236.57,38.97,50.78,11.81,329.09,0.35
Mexico,2018,68.79,280.5,251.47,39.59,55.24,15.65,349.29,1.25
Mexico,2019,68.69,275.88,243.2,30.81,57.5,26.69,344.57,0.82
Mexico,2020,80.55,245.18,229.88,33.83,69.37,35.54,325.73,4.01
Mexico,2021,94.01,234.58,227.2,40.83,82.09,41.26,328.59,-0.96
Mexico,2022,93.98,246.17,235.79,42.26,83.13,40.87,340.15,-0.27
Mexico,2023,83.67,268.03,254.5,27.24,71.28,44.04,351.7,-1.04
Mexico,2024,87.31,267.87,255.48,29.53,75,45.47,355.18,-0.31
Mexico,2025,92.59,264.38,253.5,34.71,82.43,47.72,356.97,-0.31
Middle East,2000,8.2,474.78,445.08,8.16,8.2,0.04,482.98,NA
Middle East,2001,8.6,500.97,467.57,8.56,8.6,0.04,509.57,NA
Middle East,2002,11.79,532.12,496.5,11.75,11.79,0.04,543.91,NA
Middle East,2003,14.28,562.79,526.23,14.24,14.28,0.04,577.07,NA
Middle East,2004,17.89,589.73,552.76,17.83,17.89,0.06,607.62,NA
Middle East,2005,26.01,634.7,597.97,25.93,26.01,0.08,660.71,NA
Middle East,2006,29.48,671.77,635.5,29.34,29.48,0.14,701.25,NA
Middle East,2007,28.02,717.94,680.09,27.87,28.02,0.15,745.96,NA
Middle East,2008,14.5,761.2,725.46,14.29,14.5,0.21,775.7,NA
Middle East,2009,12.87,800.77,766.04,12.6,12.87,0.27,813.64,NA
Middle East,2010,18.91,880.91,846.32,18.64,18.91,0.27,899.82,NA
Middle East,2011,18.64,902.69,867.11,18.09,18.53,0.44,921.33,NA
Middle East,2012,23.25,940.92,901.8,21.09,21.8,0.71,964.17,NA
Middle East,2013,29.07,972.87,940.33,23.9,24.81,0.91,1001.94,NA
Middle East,2014,25.92,1050.17,1019.54,20.28,21.85,1.57,1076.09,NA
Middle East,2015,22.54,1103.75,1074.13,17,19.04,2.04,1126.29,NA
Middle East,2016,30.18,1130.05,1105.4,20.42,23.71,3.29,1160.23,NA
Middle East,2017,32.48,1208.31,1185.59,20.79,25.52,4.73,1240.79,NA
Middle East,2018,27.09,1220.85,1199.61,13.12,20.2,7.08,1247.94,NA
Middle East,2019,59.7,1229.67,1206.96,40.86,53.29,12.43,1289.37,NA
Middle East,2020,54.94,1249.72,1229.19,29.53,46.98,17.45,1304.66,NA
Middle East,2021,55.02,1302.71,1282.07,18.9,40.93,22.03,1357.73,NA
Middle East,2022,76.24,1336,1318.59,18.46,49.57,31.11,1412.24,NA
Middle East,2023,111.4,1379.49,1365.68,26.2,70.32,44.12,1490.89,NA
Middle East,2024,124.75,1429.42,1417.19,22.89,76.77,53.88,1554.17,NA
Middle East,2025,128.26,1450.21,1446.28,16.76,80.28,63.52,1578.47,NA
Moldova,2000,0.39,5.06,5.06,0.39,0.39,0,5.45,1.78
Moldova,2001,0.36,5.49,5.49,0.36,0.36,0,5.85,2.13
Moldova,2002,0.35,5.29,5.29,0.35,0.35,0,5.64,2.24
Moldova,2003,0.36,5.41,5.41,0.36,0.36,0,5.77,3.45
Moldova,2004,0.35,5.45,5.45,0.35,0.35,0,5.8,2.94
Moldova,2005,0.36,5.61,5.61,0.36,0.36,0,5.97,3.14
Moldova,2006,0.37,5.71,5.71,0.37,0.37,0,6.08,3.51
Moldova,2007,0.35,5.52,5.52,0.35,0.35,0,5.87,2.93
Moldova,2008,0.38,5.63,5.63,0.38,0.38,0,6.01,2.96
Moldova,2009,0.35,5.84,5.84,0.35,0.35,0,6.19,1.46
Moldova,2010,0.4,5.71,5.71,0.4,0.4,0,6.11,0.03
Moldova,2011,0.35,5.43,5.43,0.35,0.35,0,5.78,0.67
Moldova,2012,0.27,5.54,5.54,0.27,0.27,0,5.81,0.85
Moldova,2013,0.31,4.2,4.2,0.31,0.31,0,4.51,1.46
Moldova,2014,0.33,5.04,5.04,0.33,0.33,0,5.37,0.73
Moldova,2015,0.27,5.77,5.77,0.27,0.27,0,6.04,0.02
Moldova,2016,0.24,5.61,5.61,0.24,0.24,0,5.85,0
Moldova,2017,0.31,4.65,4.65,0.3,0.31,0.01,4.96,1.13
Moldova,2018,0.32,5.06,5.06,0.3,0.32,0.02,5.38,0.96
Moldova,2019,0.37,5.32,5.32,0.33,0.37,0.04,5.69,0.64
Moldova,2020,0.36,5.82,5.82,0.31,0.36,0.05,6.18,0.17
Moldova,2021,0.44,6.22,6.22,0.35,0.44,0.09,6.66,0.16
Moldova,2022,0.51,4.82,4.82,0.32,0.51,0.19,5.33,0.84
Moldova,2023,0.61,5.74,5.74,0.33,0.61,0.28,6.35,0.08
Moldova,2024,0.65,5.42,5.42,0.34,0.65,0.31,6.07,-0.01
Moldova,2025,0.83,2.07,2.07,0.37,0.83,0.46,2.9,2.62
Mongolia,2000,0,2.9,0.05,0,0,0,2.9,0.16
Mongolia,2001,0,2.97,0.06,0,0,0,2.97,0.18
Mongolia,2002,0,3.09,0.07,0,0,0,3.09,0.15
Mongolia,2003,0,3.11,0.07,0,0,0,3.11,0.16
Mongolia,2004,0,3.28,0.09,0,0,0,3.28,0.16
Mongolia,2005,0,3.4,0.09,0,0,0,3.4,0.16
Mongolia,2006,0,3.53,0.1,0,0,0,3.53,0.22
Mongolia,2007,0,3.71,0.16,0,0,0,3.71,0.2
Mongolia,2008,0.01,3.99,0.16,0,0.01,0.01,4,0.18
Mongolia,2009,0.03,4.01,0.15,0.02,0.03,0.01,4.04,0.14
Mongolia,2010,0.05,4.27,0.18,0.04,0.05,0.01,4.32,0.24
Mongolia,2011,0.06,4.48,0.24,0.05,0.06,0.01,4.54,0.25
Mongolia,2012,0.06,4.75,0.25,0.05,0.06,0.01,4.81,0.34
Mongolia,2013,0.12,4.9,0.27,0.06,0.12,0.06,5.02,1.18
Mongolia,2014,0.21,5.17,0.24,0.07,0.21,0.14,5.38,1.32
Mongolia,2015,0.22,5.29,0.23,0.06,0.22,0.16,5.51,1.37
Mongolia,2016,0.25,5.42,0.19,0.09,0.25,0.16,5.67,1.41
Mongolia,2017,0.25,5.78,0.28,0.08,0.25,0.17,6.03,1.55
Mongolia,2018,0.44,6.13,0.3,0.08,0.44,0.36,6.57,1.64
Mongolia,2019,0.69,6.25,0.37,0.09,0.69,0.6,6.94,1.7
Mongolia,2020,0.68,5.96,0.35,0.08,0.68,0.6,6.64,1.64
Mongolia,2021,0.83,6.61,0.34,0.08,0.83,0.75,7.44,1.8
Mongolia,2022,0.76,6.99,0.34,0.06,0.76,0.7,7.75,2.08
Mongolia,2023,0.76,7.53,0.47,0.06,0.76,0.7,8.29,2.39
Mongolia,2024,0.78,8.04,0.57,0.06,0.78,0.72,8.82,2.72
Mongolia,2025,0.81,8.88,0.57,0.06,0.81,0.75,9.69,2.72
Montenegro,2005,1.87,1,0,1.87,1.87,0,2.87,1.79
Montenegro,2006,1.75,1.2,0,1.75,1.75,0,2.95,1.87
Montenegro,2007,1.28,0.86,0,1.28,1.28,0,2.14,2.59
Montenegro,2008,1.54,1.29,0,1.54,1.54,0,2.83,1.78
Montenegro,2009,2.07,0.69,0,2.07,2.07,0,2.76,1.05
Montenegro,2010,2.75,1.27,0,2.75,2.75,0,4.02,0
Montenegro,2011,1.2,1.45,0,1.2,1.2,0,2.65,1.56
Montenegro,2012,1.48,1.37,0,1.48,1.48,0,2.85,1.21
Montenegro,2013,2.5,1.44,0,2.5,2.5,0,3.94,-0.34
Montenegro,2014,1.75,1.42,0,1.75,1.75,0,3.17,0.26
Montenegro,2015,1.49,1.51,0,1.49,1.49,0,3,0.52
Montenegro,2016,1.84,1.3,0,1.84,1.84,0,3.14,0.3
Montenegro,2017,1.12,1.36,0,1.02,1.12,0.1,2.48,1.12
Montenegro,2018,2.25,1.55,0,2.11,2.25,0.14,3.8,-0.2
Montenegro,2019,1.93,1.5,0,1.63,1.93,0.3,3.43,0.25
Montenegro,2020,1.77,1.62,0,1.45,1.77,0.32,3.39,0.08
Montenegro,2021,2.33,1.44,0,2.01,2.33,0.32,3.77,-0.17
Montenegro,2022,1.76,1.55,0,1.44,1.76,0.32,3.31,-0.13
Montenegro,2023,2.55,1.64,0,2.22,2.55,0.33,4.19,-0.87
Montenegro,2024,2.1,1.43,0,1.77,2.1,0.33,3.53,-0.16
Montenegro,2025,1.86,0.6,0,1.44,1.86,0.42,2.46,1.03
Montserrat,2000,0,0.01,0.01,0,0,0,0.01,0
Montserrat,2001,0,0.01,0.01,0,0,0,0.01,0
Montserrat,2002,0,0.01,0.01,0,0,0,0.01,0
Montserrat,2003,0,0.01,0.01,0,0,0,0.01,0
Montserrat,2004,0,0.01,0.01,0,0,0,0.01,0
Montserrat,2005,0,0.01,0.01,0,0,0,0.01,0
Montserrat,2006,0,0.01,0.01,0,0,0,0.01,0
Montserrat,2007,0,0.01,0.01,0,0,0,0.01,0
Montserrat,2008,0,0.01,0.01,0,0,0,0.01,0
Montserrat,2009,0,0.01,0.01,0,0,0,0.01,0
Montserrat,2010,0,0.01,0.01,0,0,0,0.01,0
Montserrat,2011,0,0.01,0.01,0,0,0,0.01,0
Montserrat,2012,0,0.01,0.01,0,0,0,0.01,0
Montserrat,2013,0,0.01,0.01,0,0,0,0.01,0
Montserrat,2014,0,0.01,0.01,0,0,0,0.01,0
Montserrat,2015,0,0.01,0.01,0,0,0,0.01,0
Montserrat,2016,0,0.01,0.01,0,0,0,0.01,0
Montserrat,2017,0,0.01,0.01,0,0,0,0.01,0
Montserrat,2018,0,0.01,0.01,0,0,0,0.01,0
Montserrat,2019,0,0.01,0.01,0,0,0,0.01,0
Montserrat,2020,0,0.01,0.01,0,0,0,0.01,0
Montserrat,2021,0,0.01,0.01,0,0,0,0.01,0
Montserrat,2022,0,0.01,0.01,0,0,0,0.01,0
Montserrat,2023,0,0.01,0.01,0,0,0,0.01,0
Montserrat,2024,0,0.01,0.01,0,0,0,0.01,0
Morocco,2000,0.77,12.93,3.53,0.71,0.77,0.06,13.7,2.33
Morocco,2001,1.07,14.53,2.42,0.86,1.07,0.21,15.6,1.54
Morocco,2002,1.03,14.07,2.65,0.84,1.03,0.19,15.1,1.37
Morocco,2003,1.64,14.7,3.12,1.44,1.64,0.2,16.34,1.42
Morocco,2004,1.79,15.68,3.33,1.59,1.79,0.2,17.47,1.53
Morocco,2005,1.64,17.62,5.23,1.43,1.64,0.21,19.26,0.81
Morocco,2006,1.78,18.09,5.6,1.6,1.78,0.18,19.87,2.03
Morocco,2007,1.61,18.08,6.04,1.33,1.61,0.28,19.69,3.51
Morocco,2008,1.67,18.68,7.41,1.37,1.67,0.3,20.35,4.26
Morocco,2009,3.34,17.59,7.08,2.95,3.34,0.39,20.93,4.62
Morocco,2010,4.29,18.56,8.24,3.63,4.29,0.66,22.85,3.94
Morocco,2011,2.83,21.53,10.26,2.14,2.83,0.69,24.36,4.61
Morocco,2012,2.55,23.96,12.59,1.82,2.55,0.73,26.51,4.84
Morocco,2013,4.35,22.59,10.45,2.99,4.35,1.36,26.94,5.4
Morocco,2014,3.96,24.12,8.17,2.04,3.96,1.92,28.08,6.01
Morocco,2015,4.81,25.1,7.99,2.29,4.81,2.52,29.91,4.97
Morocco,2016,5.09,25.78,8.79,1.67,5.09,3.42,30.87,5.15
Morocco,2017,5.06,26.88,9.33,1.61,5.06,3.45,31.94,5.9
Morocco,2018,6.85,27.71,6.45,2.04,6.85,4.81,34.56,3.37
Morocco,2019,7.99,32.39,5.49,1.69,7.99,6.3,40.38,-0.93
Morocco,2020,7.44,31.36,4.15,1.33,7.44,6.11,38.8,0.23
Morocco,2021,8.18,33.12,4.84,1.25,8.18,6.93,41.3,-0.16
Morocco,2022,7.53,33.88,4.88,0.72,7.53,6.81,41.41,1.4
Morocco,2023,9.22,33.24,6.09,0.56,9.22,8.66,42.46,1.85
Morocco,2024,10.35,32.05,5.87,0.85,10.35,9.5,42.4,2.54
Morocco,2025,10.28,33.87,6.35,0.96,10.28,9.32,44.15,3.73
Mozambique,2000,9.56,0.01,0.01,9.56,9.56,0,9.57,-6.49
Mozambique,2001,11.72,0.04,0.04,11.72,11.72,0,11.76,-5.57
Mozambique,2002,12.55,0.03,0.03,12.55,12.55,0,12.58,-6.38
Mozambique,2003,10.76,0.03,0.03,10.76,10.76,0,10.79,-2.28
Mozambique,2004,11.55,0.05,0.05,11.55,11.55,0,11.6,-1.13
Mozambique,2005,13.13,0.02,0.02,13.13,13.13,0,13.15,-2.41
Mozambique,2006,14.57,0.02,0.02,14.57,14.57,0,14.59,-2.99
Mozambique,2007,15.9,0.01,0.01,15.9,15.9,0,15.91,-3.78
Mozambique,2008,14.96,0.01,0.01,14.96,14.96,0,14.97,-3.01
Mozambique,2009,16.78,0.01,0.01,16.78,16.78,0,16.79,-4.36
Mozambique,2010,16.65,0.02,0.02,16.65,16.65,0,16.67,-3.54
Mozambique,2011,16.48,0.11,0.11,16.48,16.48,0,16.59,-2.93
Mozambique,2012,14.86,0.11,0.11,14.86,14.86,0,14.97,-1.23
Mozambique,2013,14.66,0.21,0.21,14.66,14.66,0,14.87,-0.65
Mozambique,2014,16.18,0.22,0.22,16.18,16.18,0,16.4,-2
Mozambique,2015,17.09,1.29,1.29,17.09,17.09,0,18.38,-3.3
Mozambique,2016,15.6,3.26,3.26,15.6,15.6,0,18.86,-3.33
Mozambique,2017,14.2,3.44,3.44,14.2,14.2,0,17.64,-1.72
Mozambique,2018,14.02,3.12,3.12,14.02,14.02,0,17.14,-1.41
Mozambique,2019,15.07,3.92,3.92,15.04,15.07,0.03,18.99,-2.49
Mozambique,2020,15.88,3.14,3.14,15.81,15.88,0.07,19.02,-3.41
Mozambique,2021,15.65,3.21,3.21,15.58,15.65,0.07,18.86,-2.96
Mozambique,2022,16.37,3.19,3.19,16.3,16.37,0.07,19.56,-3.19
Mozambique,2023,16.68,3.28,3.28,16.61,16.68,0.07,19.96,-3.46
Mozambique,2024,16.51,3.28,3.28,16.43,16.51,0.08,19.79,-3.3
Myanmar,2000,1.87,3.23,3.23,1.87,1.87,0,5.1,0
Myanmar,2001,1.8,2.87,2.87,1.8,1.8,0,4.67,0
Myanmar,2002,2.11,2.96,2.32,2.11,2.11,0,5.07,0
Myanmar,2003,2.08,3.34,2.71,2.08,2.08,0,5.42,0
Myanmar,2004,2.41,3.2,2.79,2.41,2.41,0,5.61,0
Myanmar,2005,3,3.02,2.43,3,3,0,6.02,0
Myanmar,2006,3.33,2.85,2.06,3.33,3.33,0,6.18,0
Myanmar,2007,3.62,2.78,1.92,3.62,3.62,0,6.4,0
Myanmar,2008,4.07,2.55,1.94,4.07,4.07,0,6.62,0
Myanmar,2009,5.26,1.71,1.24,5.26,5.26,0,6.97,0
Myanmar,2010,6.19,2.43,1.79,6.19,6.19,0,8.62,0
Myanmar,2011,7.52,2.91,2.16,7.52,7.52,0,10.43,0
Myanmar,2012,7.96,3.2,2.43,7.96,7.96,0,11.16,0
Myanmar,2013,9.04,3.42,2.85,9.03,9.04,0.01,12.46,0
Myanmar,2014,9.06,5.33,5.04,9.05,9.06,0.01,14.39,0
Myanmar,2015,9.64,6.56,6.28,9.61,9.64,0.03,16.2,0
Myanmar,2016,10,8.12,8.11,9.95,10,0.05,18.12,-2.38
Myanmar,2017,11.22,9.82,8.41,11.16,11.22,0.06,21.04,-1.39
Myanmar,2018,12.59,9.05,7.51,12.52,12.59,0.07,21.64,-1.43
Myanmar,2019,10.87,8.45,6.19,10.78,10.87,0.09,19.32,-1.27
Myanmar,2020,9.14,9.64,7.18,9.06,9.14,0.08,18.78,-1.24
Myanmar,2021,9.86,10.12,8,9.77,9.86,0.09,19.98,-1.32
Myanmar,2022,9.5,13.75,11.58,9.34,9.5,0.16,23.25,-0.2
Myanmar,2023,9.81,11.29,10.17,9.7,9.81,0.11,21.1,0.59
Myanmar,2024,10.39,11.32,10.12,10.27,10.39,0.12,21.71,0.21
Namibia,2000,1.4,0.04,0.03,1.4,1.4,0,1.44,0.69
Namibia,2001,1.21,0,0,1.21,1.21,0,1.21,1
Namibia,2002,1.42,0.01,0,1.42,1.42,0,1.43,0.89
Namibia,2003,1.42,0.01,0,1.42,1.42,0,1.43,0.99
Namibia,2004,1.37,0.01,0,1.37,1.37,0,1.38,1.54
Namibia,2005,1.66,0.03,0,1.66,1.66,0,1.69,1.67
Namibia,2006,1.51,0.1,0.01,1.51,1.51,0,1.61,1.91
Namibia,2007,1.54,0.03,0,1.54,1.54,0,1.57,2.01
Namibia,2008,1.39,0.18,0.01,1.39,1.39,0,1.57,2.1
Namibia,2009,1.42,0.08,0,1.41,1.42,0.01,1.5,2.06
Namibia,2010,1.26,0.05,0,1.25,1.26,0.01,1.31,2.38
Namibia,2011,1.41,0.04,0.01,1.4,1.41,0.01,1.45,2.4
Namibia,2012,1.62,0.05,0.02,1.61,1.62,0.01,1.67,2.43
Namibia,2013,1.29,0.06,0.02,1.27,1.29,0.02,1.35,2.82
Namibia,2014,1.52,0.01,0.01,1.49,1.52,0.03,1.53,2.8
Namibia,2015,1.54,0.04,0.03,1.5,1.54,0.04,1.58,2.59
Namibia,2016,1.42,0.06,0.01,1.36,1.42,0.06,1.48,2.97
Namibia,2017,1.7,0.07,0,1.59,1.7,0.11,1.77,2.81
Namibia,2018,1.39,0.02,0,1.14,1.39,0.25,1.41,3.22
Namibia,2019,1.33,0.05,0.01,0.95,1.33,0.38,1.38,3.04
Namibia,2020,1.93,0.07,0.01,1.5,1.93,0.43,2,2.19
Namibia,2021,1.47,0.04,0,0.97,1.47,0.5,1.51,2.44
Namibia,2022,1.3,0.02,0,0.78,1.3,0.52,1.32,2.75
Namibia,2023,1.85,0.04,0.01,1.32,1.85,0.53,1.89,2.29
Namibia,2024,1.6,0.04,0,1,1.6,0.6,1.64,2.4
Nauru,2000,0,0.03,0.03,0,0,0,0.03,0
Nauru,2001,0,0.03,0.03,0,0,0,0.03,0
Nauru,2002,0,0.03,0.03,0,0,0,0.03,0
Nauru,2003,0,0.03,0.03,0,0,0,0.03,0
Nauru,2004,0,0.03,0.03,0,0,0,0.03,0
Nauru,2005,0,0.03,0.03,0,0,0,0.03,0
Nauru,2006,0,0.02,0.02,0,0,0,0.02,0
Nauru,2007,0,0.02,0.02,0,0,0,0.02,0
Nauru,2008,0,0.02,0.02,0,0,0,0.02,0
Nauru,2009,0,0.02,0.02,0,0,0,0.02,0
Nauru,2010,0,0.02,0.02,0,0,0,0.02,0
Nauru,2011,0,0.02,0.02,0,0,0,0.02,0
Nauru,2012,0,0.02,0.02,0,0,0,0.02,0
Nauru,2013,0,0.02,0.02,0,0,0,0.02,0
Nauru,2014,0,0.03,0.03,0,0,0,0.03,0
Nauru,2015,0,0.03,0.03,0,0,0,0.03,0
Nauru,2016,0,0.03,0.03,0,0,0,0.03,0
Nauru,2017,0,0.03,0.03,0,0,0,0.03,0
Nauru,2018,0,0.04,0.04,0,0,0,0.04,0
Nauru,2019,0,0.04,0.04,0,0,0,0.04,0
Nauru,2020,0,0.04,0.04,0,0,0,0.04,0
Nauru,2021,0,0.04,0.04,0,0,0,0.04,0
Nauru,2022,0,0.04,0.04,0,0,0,0.04,0
Nauru,2023,0,0.04,0.04,0,0,0,0.04,0
Nauru,2024,0.01,0.04,0.04,0,0.01,0.01,0.05,0
Nepal,2000,1.62,0.03,0.03,1.62,1.62,0,1.65,0.1
Nepal,2001,1.83,0.02,0.02,1.83,1.83,0,1.85,0.09
Nepal,2002,2.1,0,0,2.1,2.1,0,2.1,-0.04
Nepal,2003,2.26,0,0,2.26,2.26,0,2.26,-0.06
Nepal,2004,2.38,0.01,0.01,2.38,2.38,0,2.39,0.13
Nepal,2005,2.49,0.02,0.02,2.49,2.49,0,2.51,0.17
Nepal,2006,2.71,0.01,0.01,2.71,2.71,0,2.72,0.25
Nepal,2007,2.76,0.01,0.01,2.76,2.76,0,2.77,0.37
Nepal,2008,2.78,0.01,0.01,2.78,2.78,0,2.79,0.31
Nepal,2009,3.07,0.01,0.01,3.07,3.07,0,3.08,0.56
Nepal,2010,3.18,0,0,3.17,3.18,0.01,3.18,0.66
Nepal,2011,3.46,0,0,3.45,3.46,0.01,3.46,0.74
Nepal,2012,3.51,0.02,0.02,3.5,3.51,0.01,3.53,0.79
Nepal,2013,3.49,0.01,0.01,3.47,3.49,0.02,3.5,1.32
Nepal,2014,3.8,0,0,3.77,3.8,0.03,3.8,1.37
Nepal,2015,3.46,0,0,3.43,3.46,0.03,3.46,1.77
Nepal,2016,4.18,0,0,4.15,4.18,0.03,4.18,2.17
Nepal,2017,4.58,0,0,4.49,4.58,0.09,4.58,2.58
Nepal,2018,4.84,0,0,4.75,4.84,0.09,4.84,2.78
Nepal,2019,6.15,0,0,6.06,6.15,0.09,6.15,1.62
Nepal,2020,6.18,0,0,6.09,6.18,0.09,6.18,2.77
Nepal,2021,9.63,0,0,9.53,9.63,0.1,9.63,1.05
Nepal,2022,10.7,0,0,10.59,10.7,0.11,10.7,0.49
Nepal,2023,10.7,0,0,10.59,10.7,0.11,10.7,-0.05
Nepal,2024,11.13,0,0,11,11.13,0.13,11.13,-0.1
Netherlands,2000,6.9,81.16,56.88,2.13,2.97,0.84,88.06,18.91
Netherlands,2001,7.29,84.85,59.37,2.47,3.31,0.84,92.14,17.28
Netherlands,2002,7.89,86.75,60.76,3.01,3.98,0.97,94.64,16.38
Netherlands,2003,7.98,87.49,60.92,2.61,3.96,1.35,95.47,16.99
Netherlands,2004,9.12,90.7,65.75,3.4,5.3,1.9,99.82,16.22
Netherlands,2005,11.46,87.07,63.57,5.35,7.46,2.11,98.53,18.29
Netherlands,2006,11.53,85.99,62.25,5.28,8.06,2.78,97.52,21.46
Netherlands,2007,11.79,91.89,66.97,4.11,7.59,3.48,103.68,17.61
Netherlands,2008,13.7,92.51,69.03,5.23,9.53,4.3,106.21,15.85
Netherlands,2009,15.08,97.27,72.99,6.21,10.83,4.62,112.35,4.89
Netherlands,2010,15.16,102.94,80.35,7.14,11.19,4.05,118.1,2.78
Netherlands,2011,16.46,96.18,74.79,7.12,12.32,5.2,112.64,9.09
Netherlands,2012,16.38,85.89,61.68,7.3,12.47,5.17,102.27,17.11
Netherlands,2013,14.99,85.57,60.96,6.06,12.1,6.04,100.56,18.24
Netherlands,2014,15.74,86.36,56.87,5.12,11.65,6.53,102.1,14.73
Netherlands,2015,17.77,91.22,51.83,5.03,13.69,8.66,108.99,8.75
Netherlands,2016,18.74,95.22,58.4,5.01,14.78,9.77,113.96,4.91
Netherlands,2017,20.83,95.21,63.83,4.66,17.43,12.77,116.04,3.51
Netherlands,2018,22.39,90.71,63.13,4.62,18.88,14.26,113.1,7.97
Netherlands,2019,26.71,93.34,75.65,5.89,22.8,16.91,120.05,0.86
Netherlands,2020,36.82,85.14,77.52,8.89,32.73,23.84,121.96,-2.66
Netherlands,2021,44.27,76.62,62.02,11.01,40.44,29.43,120.89,0.25
Netherlands,2022,52.26,67.7,52.9,9.87,48.1,38.23,119.96,-4.27
Netherlands,2023,60.83,59.13,50.42,7.71,56.84,49.13,119.96,-5.66
Netherlands,2024,65.64,56.69,49.22,6.77,62.07,55.3,122.33,-4.22
Netherlands,2025,73.09,61.87,52.32,6.9,69.1,62.2,134.96,-13.91
New Caledonia,2000,0.45,1.19,1.02,0.44,0.45,0.01,1.64,0
New Caledonia,2001,0.37,1.35,1.13,0.36,0.37,0.01,1.72,0
New Caledonia,2002,0.33,1.42,1.14,0.32,0.33,0.01,1.75,0
New Caledonia,2003,0.32,1.43,1.26,0.32,0.32,0,1.75,0
New Caledonia,2004,0.33,1.34,1.16,0.32,0.33,0.01,1.67,0
New Caledonia,2005,0.36,1.52,1.35,0.34,0.36,0.02,1.88,0
New Caledonia,2006,0.31,1.56,1.38,0.28,0.31,0.03,1.87,0
New Caledonia,2007,0.43,1.5,1.33,0.39,0.43,0.04,1.93,0
New Caledonia,2008,0.48,1.38,1.27,0.45,0.48,0.03,1.86,0
New Caledonia,2009,0.43,1.51,1.3,0.4,0.43,0.03,1.94,0
New Caledonia,2010,0.31,1.81,1.27,0.26,0.31,0.05,2.12,0
New Caledonia,2011,0.42,1.84,1.26,0.37,0.42,0.05,2.26,0
New Caledonia,2012,0.46,1.83,1.28,0.4,0.46,0.06,2.29,0
New Caledonia,2013,0.51,2,1.36,0.46,0.51,0.05,2.51,0
New Caledonia,2014,0.35,2.66,1.89,0.29,0.35,0.06,3.01,0
New Caledonia,2015,0.41,2.49,1.67,0.34,0.41,0.07,2.9,0
New Caledonia,2016,0.29,2.85,1.72,0.23,0.29,0.06,3.14,0
New Caledonia,2017,0.44,2.79,1.45,0.36,0.44,0.08,3.23,0
New Caledonia,2018,0.42,3.08,1.65,0.32,0.42,0.1,3.5,0
New Caledonia,2019,0.46,2.87,1.36,0.28,0.46,0.18,3.33,0
New Caledonia,2020,0.51,2.73,1.2,0.31,0.51,0.2,3.24,0
New Caledonia,2021,0.65,2.26,1.12,0.43,0.65,0.22,2.91,0
New Caledonia,2022,0.81,2.28,1.14,0.54,0.81,0.27,3.09,0
New Caledonia,2023,0.81,2.28,1.14,0.54,0.81,0.27,3.09,0
New Caledonia,2024,0.84,2.28,1.14,0.54,0.84,0.3,3.12,0
New Zealand,2000,27.92,10.99,9.99,27.8,27.92,0.12,38.91,0
New Zealand,2001,25,14.28,12.75,24.86,25,0.14,39.28,0
New Zealand,2002,28,12.21,10.71,27.85,28,0.15,40.21,0
New Zealand,2003,26.68,13.69,10.4,26.53,26.68,0.15,40.37,0
New Zealand,2004,30.6,11.67,7.54,30.24,30.6,0.36,42.27,0
New Zealand,2005,27.36,15.12,9.87,26.75,27.36,0.61,42.48,0
New Zealand,2006,27.88,15.16,10.27,27.26,27.88,0.62,43.04,0
New Zealand,2007,28.41,14.97,12.42,27.49,28.41,0.92,43.38,0
New Zealand,2008,27.87,15.52,11.28,26.82,27.87,1.05,43.39,0
New Zealand,2009,30.79,12.16,9.43,29.33,30.79,1.46,42.95,0
New Zealand,2010,32.4,11.91,10.49,30.78,32.4,1.62,44.31,0
New Zealand,2011,33.33,10.53,8.92,31.39,33.33,1.94,43.86,0
New Zealand,2012,31.38,12.37,9.43,29.32,31.38,2.06,43.75,0
New Zealand,2013,31.68,11.02,9.27,29.67,31.68,2.01,42.7,0
New Zealand,2014,33.95,8.97,7.63,31.74,33.95,2.21,42.92,0
New Zealand,2015,34.89,8.68,7.45,32.51,34.89,2.38,43.57,0
New Zealand,2016,36.39,6.76,6.32,34.01,36.39,2.38,43.15,0
New Zealand,2017,35.46,8.2,7.62,33.31,35.46,2.15,43.66,0
New Zealand,2018,36.47,7.26,6.28,34.32,36.47,2.15,43.73,0
New Zealand,2019,36.06,7.69,6.1,33.7,36.06,2.36,43.75,0
New Zealand,2020,35.08,8.27,6.57,32.64,35.08,2.44,43.35,0
New Zealand,2021,35.59,7.96,5.36,32.76,35.59,2.83,43.55,0
New Zealand,2022,37.6,5.65,4.93,34.43,37.6,3.17,43.25,0
New Zealand,2023,38.44,4.45,3.92,34.56,38.44,3.88,42.89,0
New Zealand,2024,37.84,6.17,4.97,33.16,37.84,4.68,44.01,0
New Zealand,2025,38.37,4.97,4.48,33.78,38.37,4.59,43.34,0
Nicaragua,2000,0.49,1.79,1.79,0.49,0.49,0,2.28,0.11
Nicaragua,2001,0.49,1.98,1.98,0.49,0.49,0,2.47,0.02
Nicaragua,2002,0.64,1.91,1.91,0.64,0.64,0,2.55,0.01
Nicaragua,2003,0.74,1.96,1.96,0.74,0.74,0,2.7,-0.01
Nicaragua,2004,0.79,2.02,2.02,0.79,0.79,0,2.81,0
Nicaragua,2005,1.02,1.84,1.84,1.02,1.02,0,2.86,0.02
Nicaragua,2006,0.94,2.19,2.19,0.94,0.94,0,3.13,0.04
Nicaragua,2007,0.92,2.28,2.28,0.92,0.92,0,3.2,0.06
Nicaragua,2008,1.19,2.17,2.17,1.19,1.19,0,3.36,0.03
Nicaragua,2009,1.06,2.39,2.39,0.95,1.06,0.11,3.45,0
Nicaragua,2010,1.34,2.31,2.31,1.18,1.34,0.16,3.65,-0.03
Nicaragua,2011,1.29,2.52,2.52,1.08,1.29,0.21,3.81,-0.03
Nicaragua,2012,1.72,2.31,2.31,1.39,1.72,0.33,4.03,0.02
Nicaragua,2013,2.18,1.99,1.99,1.62,2.18,0.56,4.17,0.04
Nicaragua,2014,2.4,2.06,2.06,1.55,2.4,0.85,4.46,-0.03
Nicaragua,2015,2.3,2.29,2.29,1.43,2.3,0.87,4.59,0.01
Nicaragua,2016,2.4,2.19,2.19,1.67,2.4,0.73,4.59,0.19
Nicaragua,2017,2.53,1.99,1.99,1.89,2.53,0.64,4.52,0.33
Nicaragua,2018,2.73,1.92,1.92,1.91,2.73,0.82,4.65,0.2
Nicaragua,2019,2.61,1.97,1.97,1.85,2.61,0.76,4.58,0.43
Nicaragua,2020,2.65,1.14,1.14,2.07,2.65,0.58,3.79,1.07
Nicaragua,2021,2.91,1.3,1.3,2.22,2.91,0.69,4.21,1
Nicaragua,2022,2.77,1.55,1.55,2.18,2.77,0.59,4.32,1.06
Nicaragua,2023,2.82,1.7,1.7,2.23,2.82,0.59,4.52,0.82
Nicaragua,2024,2.82,1.7,1.7,2.23,2.82,0.59,4.52,0.9
Niger (the),2000,0,0.21,0.07,0,0,0,0.21,0.2
Niger (the),2001,0,0.18,0.05,0,0,0,0.18,0.22
Niger (the),2002,0,0.19,0.05,0,0,0,0.19,0.21
Niger (the),2003,0,0.2,0.05,0,0,0,0.2,0.23
Niger (the),2004,0,0.2,0.05,0,0,0,0.2,0.29
Niger (the),2005,0,0.23,0.07,0,0,0,0.23,0.34
Niger (the),2006,0,0.22,0.05,0,0,0,0.22,0.35
Niger (the),2007,0,0.22,0.07,0,0,0,0.22,0.45
Niger (the),2008,0,0.22,0.05,0,0,0,0.22,0.46
Niger (the),2009,0,0.26,0.07,0,0,0,0.26,0.53
Niger (the),2010,0,0.29,0.09,0,0,0,0.29,0.55
Niger (the),2011,0,0.34,0.09,0,0,0,0.34,0.61
Niger (the),2012,0,0.39,0.14,0,0,0,0.39,0.64
Niger (the),2013,0,0.44,0.2,0,0,0,0.44,0.6
Niger (the),2014,0.01,0.44,0.19,0,0.01,0.01,0.45,0.73
Niger (the),2015,0.01,0.53,0.31,0,0.01,0.01,0.54,0.78
Niger (the),2016,0.01,0.69,0.47,0,0.01,0.01,0.7,0.78
Niger (the),2017,0.01,0.55,0.34,0,0.01,0.01,0.56,0.85
Niger (the),2018,0.01,0.52,0.33,0,0.01,0.01,0.53,0.99
Niger (the),2019,0.02,0.65,0.45,0,0.02,0.02,0.67,1.06
Niger (the),2020,0.02,0.65,0.44,0,0.02,0.02,0.67,1.11
Niger (the),2021,0.02,0.69,0.5,0,0.02,0.02,0.71,1.12
Niger (the),2022,0.02,0.77,0.59,0,0.02,0.02,0.79,1.16
Niger (the),2023,0.02,0.95,0.78,0,0.02,0.02,0.97,1.24
Niger (the),2024,0.03,0.92,0.75,0,0.03,0.03,0.95,1.2
Nigeria,2000,5.64,9.1,9.1,5.64,5.64,0,14.74,-0.02
Nigeria,2001,5.92,9.55,9.55,5.92,5.92,0,15.47,-0.03
Nigeria,2002,8.24,13.31,13.31,8.24,8.24,0,21.55,-0.03
Nigeria,2003,7.46,12.74,12.74,7.46,7.46,0,20.2,-0.04
Nigeria,2004,8.12,16.17,16.17,8.12,8.12,0,24.29,-0.02
Nigeria,2005,7.78,15.77,15.77,7.78,7.78,0,23.55,0
Nigeria,2006,6.27,16.85,16.85,6.27,6.27,0,23.12,0
Nigeria,2007,6.24,16.75,16.75,6.24,6.24,0,22.99,0
Nigeria,2008,5.73,15.39,15.39,5.73,5.73,0,21.12,0
Nigeria,2009,4.54,15.25,15.25,4.54,4.54,0,19.79,0
Nigeria,2010,6.38,19.75,19.75,6.38,6.38,0,26.13,0
Nigeria,2011,5.89,21.15,21.15,5.89,5.89,0,27.04,0
Nigeria,2012,5.69,23.05,23.05,5.67,5.69,0.02,28.74,0
Nigeria,2013,5.37,23.56,23.56,5.35,5.37,0.02,28.93,0
Nigeria,2014,5.39,26.89,26.89,5.37,5.39,0.02,32.28,0
Nigeria,2015,6.47,26.7,26.7,6.44,6.47,0.03,33.17,0
Nigeria,2016,8.21,28.33,28.33,8.18,8.21,0.03,36.54,-1.94
Nigeria,2017,7.8,24.44,24.44,7.77,7.8,0.03,32.24,-2.46
Nigeria,2018,7.77,28.94,28.94,7.73,7.77,0.04,36.71,-3
Nigeria,2019,8.51,27.95,27.95,8.46,8.51,0.05,36.46,-2.33
Nigeria,2020,7.81,30.19,30.19,7.73,7.81,0.08,38,-3.01
Nigeria,2021,8.1,31.1,31.1,8,8.1,0.1,39.2,-3.06
Nigeria,2022,9.39,28.61,28.61,9.29,9.39,0.1,38,-2.43
Nigeria,2023,9.28,31.64,31.64,9.17,9.28,0.11,40.92,-2.32
Nigeria,2024,9.39,28.17,28.17,9.26,9.39,0.13,37.56,-2.3
Nigeria,2025,13.01,28.53,28.53,12.88,13.01,0.13,41.54,-2.3
North America,2000,1543.24,2862.97,780.47,710.7,717.06,6.36,4406.21,NA
North America,2001,1466.75,2848.86,833.21,614.13,621.76,7.63,4315.61,NA
North America,2002,1551.33,2893,849.17,684.94,696.27,11.33,4444.33,NA
North America,2003,1533.73,2923.79,840.49,683.2,695.63,12.43,4457.52,NA
North America,2004,1572.77,2978.01,899.81,678.81,694.48,15.67,4550.78,NA
North America,2005,1599.34,3056.49,940.76,706,725.95,19.95,4655.83,NA
North America,2006,1630.18,3025.54,939.11,716.09,745.68,29.59,4655.72,NA
North America,2007,1627.01,3150.11,1027.18,689.66,727.76,38.1,4777.12,NA
North America,2008,1668.17,3074.84,988.24,706.56,766.61,60.05,4743.01,NA
North America,2009,1688.51,2865.59,1024.97,718.67,800.2,81.53,4554.1,NA
North America,2010,1692.44,3028.94,1095.2,690.6,795.44,104.84,4721.38,NA
North America,2011,1789.91,2937.68,1124.35,774.01,906.77,132.76,4727.59,NA
North America,2012,1759.56,2918.1,1334.71,738.69,896.03,157.34,4677.66,NA
North America,2013,1827.97,2883.79,1232.14,746.7,936.23,189.53,4711.76,NA
North America,2014,1858.17,2891.29,1240.2,728.95,954.46,225.51,4749.46,NA
North America,2015,1877.23,2868.35,1450.99,719.34,978.95,259.61,4745.58,NA
North America,2016,1962.45,2792.72,1488.55,740.24,1056.04,315.8,4755.17,NA
North America,2017,2053.68,2668.48,1399.83,781.73,1148.13,366.4,4722.16,NA
North America,2018,2074.09,2789.18,1586.67,763.99,1166.98,402.99,4863.27,NA
North America,2019,2099.78,2714.79,1699.69,750.48,1189.88,439.4,4814.57,NA
North America,2020,2146.01,2553.58,1741.15,750.13,1258.62,508.49,4699.59,NA
North America,2021,2169.03,2637.5,1704.67,712.37,1297.4,585.03,4806.53,NA
North America,2022,2269.25,2682.26,1824.26,726.49,1411.08,684.59,4951.51,NA
North America,2023,2247.99,2647.92,1949.07,675.7,1384.69,708.99,4895.91,NA
North America,2024,2333.74,2694.67,2017.37,654.51,1466.41,811.9,5028.41,NA
North America,2025,2446.24,2726.57,1963.37,661.28,1576.14,914.86,5172.81,NA
North Macedonia,2000,1.17,5.64,0.43,1.17,1.17,0,6.81,0.11
North Macedonia,2001,0.63,5.74,0.17,0.63,0.63,0,6.37,0.43
North Macedonia,2002,0.76,5.33,0.21,0.76,0.76,0,6.09,0.79
North Macedonia,2003,1.37,5.36,0.02,1.37,1.37,0,6.73,0.95
North Macedonia,2004,1.48,5.18,0.02,1.48,1.48,0,6.66,1.18
North Macedonia,2005,1.49,5.45,0.01,1.49,1.49,0,6.94,1.6
North Macedonia,2006,1.65,5.36,0.25,1.65,1.65,0,7.01,1.79
North Macedonia,2007,1.01,5.49,0.48,1.01,1.01,0,6.5,2.49
North Macedonia,2008,0.84,5.47,0.18,0.84,0.84,0,6.31,2.73
North Macedonia,2009,1.27,5.55,0.25,1.27,1.27,0,6.82,1.44
North Macedonia,2010,2.43,4.83,0.09,2.43,2.43,0,7.26,1.42
North Macedonia,2011,1.43,5.33,0.16,1.43,1.43,0,6.76,2.68
North Macedonia,2012,1.04,5.22,0.39,1.04,1.04,0,6.26,2.67
North Macedonia,2013,1.59,4.5,0.47,1.58,1.59,0.01,6.09,2.43
North Macedonia,2014,1.29,4.09,0.35,1.21,1.29,0.08,5.38,2.96
North Macedonia,2015,2.03,3.62,0.32,1.89,2.03,0.14,5.65,2.51
North Macedonia,2016,2.07,3.56,0.67,1.94,2.07,0.13,5.63,2.03
North Macedonia,2017,1.29,4.31,0.92,1.16,1.29,0.13,5.6,1.98
North Macedonia,2018,1.96,3.65,0.8,1.84,1.96,0.12,5.61,1.92
North Macedonia,2019,1.34,4.53,1.02,1.22,1.34,0.12,5.87,1.83
North Macedonia,2020,1.48,3.86,1.23,1.34,1.48,0.14,5.34,2.33
North Macedonia,2021,1.65,3.88,1.69,1.5,1.65,0.15,5.53,2.48
North Macedonia,2022,1.61,4.33,1.56,1.4,1.61,0.21,5.94,1.41
North Macedonia,2023,2.22,4.68,1.91,1.69,2.22,0.53,6.9,0.15
North Macedonia,2024,2.49,3.82,1.46,1.43,2.49,1.06,6.31,0.71
North Macedonia,2025,3.77,3.33,1.26,1.26,3.77,2.51,7.1,1.38
Norway,2000,142.11,0.41,0.37,142.08,142.11,0.03,142.52,-19.05
Norway,2001,120.74,0.58,0.54,120.71,120.74,0.03,121.32,3.57
Norway,2002,129.7,0.54,0.5,129.62,129.7,0.08,130.24,-9.71
Norway,2003,106.03,0.64,0.6,105.81,106.03,0.22,106.67,7.87
Norway,2004,109.39,0.71,0.67,109.14,109.39,0.25,110.1,11.45
Norway,2005,136.52,0.73,0.69,136.02,136.52,0.5,137.25,-12.04
Norway,2006,120.4,0.82,0.78,119.76,120.4,0.64,121.22,0.85
Norway,2007,134.94,1.17,1.13,134.05,134.94,0.89,136.11,-10.03
Norway,2008,140.35,0.84,0.8,139.44,140.35,0.91,141.19,-13.86
Norway,2009,126.48,4.49,4.45,125.51,126.48,0.97,130.97,-8.98
Norway,2010,117.96,5.18,5.14,117.09,117.96,0.87,123.14,7.55
Norway,2011,121.91,4.02,3.98,120.62,121.91,1.29,125.93,-3.08
Norway,2012,143.59,2.59,2.55,142.05,143.59,1.54,146.18,-17.82
Norway,2013,130.42,2.72,2.68,128.54,130.42,1.88,133.14,-5.01
Norway,2014,137.94,2.94,2.9,135.72,137.94,2.22,140.88,-15.58
Norway,2015,140.07,2.93,2.89,137.55,140.07,2.52,143,-14.65
Norway,2016,145.15,2.88,2.84,143.04,145.15,2.11,148.03,-16.41
Norway,2017,145.48,2.79,2.75,142.63,145.48,2.85,148.27,-15.16
Norway,2018,143.05,2.89,2.85,139.18,143.05,3.87,145.94,-10.15
Norway,2019,131.07,2.76,2.72,125.54,131.07,5.53,133.83,0.04
Norway,2020,152.03,2.29,2.25,142.04,152.03,9.99,154.32,-20.47
Norway,2021,156.06,1.07,1.03,144.19,156.06,11.87,157.13,-17.58
Norway,2022,143.45,1.97,1.93,128.48,143.45,14.97,145.42,-12.52
Norway,2023,151.28,2.35,2.32,136.96,151.28,14.32,153.63,-17.74
Norway,2024,154.92,2.19,2.19,139.79,154.92,15.13,157.11,-18.44
Norway,2025,159.23,1.61,1.61,145.12,159.23,14.11,160.84,-23.08
Oceania,2000,47.53,215.59,34.16,47.22,47.53,0.31,263.12,NA
Oceania,2001,44.29,227.31,45.68,43.8,44.29,0.49,271.6,NA
Oceania,2002,47.97,223.88,50.24,47.22,47.97,0.75,271.85,NA
Oceania,2003,47.3,227.63,50.56,46.39,47.3,0.91,274.93,NA
Oceania,2004,51.98,228.54,45.27,50.74,51.98,1.24,280.52,NA
Oceania,2005,50.32,232.25,43.85,48.31,50.32,2.01,282.57,NA
Oceania,2006,51.2,238.98,48.15,48.29,51.2,2.91,290.18,NA
Oceania,2007,51.26,244.48,56.27,47.33,51.26,3.93,295.74,NA
Oceania,2008,49.55,248.34,59.75,44.85,49.55,4.7,297.89,NA
Oceania,2009,53.41,248.6,63.64,47.17,53.41,6.24,302.01,NA
Oceania,2010,56.9,248.09,70.11,49.25,56.9,7.65,304.99,NA
Oceania,2011,66.49,243.52,69.35,56.02,66.49,10.47,310.01,NA
Oceania,2012,64.3,240.02,71.15,52.03,64.3,12.27,304.32,NA
Oceania,2013,69.9,232.73,74.89,54.7,69.9,15.2,302.63,NA
Oceania,2014,69.17,232.56,75.22,52.13,69.17,17.04,301.73,NA
Oceania,2015,73.25,235.64,71.39,52.68,73.25,20.57,308.89,NA
Oceania,2016,80.7,232.6,68.67,57.64,80.7,23.06,313.3,NA
Oceania,2017,77.16,237.18,76.09,52.65,77.16,24.51,314.34,NA
Oceania,2018,88.41,230,71.03,57.39,88.41,31.02,318.41,NA
Oceania,2019,93.98,227.57,74.63,53.47,93.98,40.51,321.55,NA
Oceania,2020,102.08,217.94,71.78,52.79,102.08,49.29,320.02,NA
Oceania,2021,115.7,206.91,65.77,54.45,115.7,61.25,322.61,NA
Oceania,2022,128,200.16,69.09,56.67,128,71.33,328.16,NA
Oceania,2023,136.68,191.5,64.22,55.38,136.68,81.3,328.18,NA
Oceania,2024,139.9,198.06,68.39,51.61,139.9,88.29,337.96,NA
Oceania,2025,152.73,189.79,65.87,51.64,152.73,101.09,342.52,NA
OECD,2000,3788.35,5831.72,2234.92,1548.35,1578.05,29.7,9620.07,NA
OECD,2001,3745.58,5863.87,2300.37,1442.28,1478.39,36.11,9609.45,NA
OECD,2002,3815.57,6010.82,2392.09,1475.47,1525.71,50.24,9826.39,NA
OECD,2003,3733.31,6204.21,2463.33,1462.97,1523.79,60.82,9937.52,NA
OECD,2004,3908.92,6268.83,2539.69,1511.27,1591.81,80.54,10177.75,NA
OECD,2005,3959.34,6443.98,2647.88,1539.49,1638.49,99,10403.32,NA
OECD,2006,4036.2,6462.56,2673.71,1571.65,1695.2,123.55,10498.76,NA
OECD,2007,3981.26,6753.07,2900.14,1550.46,1708.8,158.34,10734.33,NA
OECD,2008,4066.59,6683.72,2922.61,1613.5,1814.61,201.11,10750.31,NA
OECD,2009,4071.06,6264.43,2816.94,1608.16,1855.13,246.97,10335.49,NA
OECD,2010,4227.14,6520.42,2968.23,1666.76,1967.22,300.46,10747.56,NA
OECD,2011,4225.42,6494.7,3062.21,1718.7,2109.14,390.44,10720.12,NA
OECD,2012,4136.2,6591.49,3274.89,1744.39,2215.03,470.64,10727.69,NA
OECD,2013,4276.07,6447.63,3068.15,1785.46,2342.11,556.65,10723.7,NA
OECD,2014,4362.03,6306.45,2993.89,1778.49,2415.9,637.41,10668.48,NA
OECD,2015,4472.28,6253.69,3178.43,1786.36,2540.04,753.68,10725.97,NA
OECD,2016,4581.98,6257.17,3379.36,1816.26,2651.57,835.31,10839.15,NA
OECD,2017,4709.69,6192.26,3334.42,1818.06,2792.7,974.64,10901.95,NA
OECD,2018,4853.42,6224.57,3473.7,1856.87,2925.14,1068.27,11077.99,NA
OECD,2019,4990.36,5962.31,3570.97,1829.49,3037.62,1208.13,10952.67,NA
OECD,2020,5091.99,5566.76,3551.75,1876.34,3260.57,1384.23,10658.75,NA
OECD,2021,5229.91,5739.59,3549.68,1851.24,3357.73,1506.49,10969.5,NA
OECD,2022,5274.69,5781.85,3645.79,1781.7,3524.59,1742.89,11056.54,NA
OECD,2023,5456.37,5439.68,3616.78,1768.91,3665.5,1896.59,10896.05,NA
OECD,2024,5760.09,5398.48,3648.55,1825.75,3919.32,2093.57,11158.57,NA
OECD,2025,5927.02,5432.95,3625.65,1789.11,4085.25,2296.14,11359.97,NA
Oman,2000,0,9.11,9.11,0,0,0,9.11,0
Oman,2001,0,9.74,9.74,0,0,0,9.74,0
Oman,2002,0,10.33,10.33,0,0,0,10.33,0
Oman,2003,0,10.71,10.71,0,0,0,10.71,0
Oman,2004,0,11.5,11.5,0,0,0,11.5,0
Oman,2005,0,12.65,12.65,0,0,0,12.65,0
Oman,2006,0,13.29,13.29,0,0,0,13.29,0
Oman,2007,0,14.17,14.17,0,0,0,14.17,0
Oman,2008,0,16.05,16.05,0,0,0,16.05,0
Oman,2009,0,18.45,18.45,0,0,0,18.45,0
Oman,2010,0,19.81,19.81,0,0,0,19.81,0
Oman,2011,0,21.87,21.87,0,0,0,21.87,0
Oman,2012,0,25.02,25.02,0,0,0,25.02,0
Oman,2013,0,26.24,26.24,0,0,0,26.24,0
Oman,2014,0,29.13,29.13,0,0,0,29.13,0
Oman,2015,0,32.75,32.75,0,0,0,32.75,0
Oman,2016,0,34.23,34.23,0,0,0,34.23,0
Oman,2017,0.02,36.13,36.13,0,0.02,0.02,36.15,0
Oman,2018,0.05,37.71,37.71,0,0.05,0.05,37.76,0
Oman,2019,0.06,38.83,38.83,0,0.06,0.06,38.89,0
Oman,2020,0.1,38.1,38.1,0,0.1,0.1,38.2,0
Oman,2021,0.7,40.3,40.3,0,0.7,0.7,41,0
Oman,2022,1.9,40.5,40.5,0,1.9,1.9,42.4,0
Oman,2023,2.2,42.8,42.8,0,2.2,2.2,45,0
Oman,2024,2.4,46.7,46.7,0,2.4,2.4,49.1,0
Oman,2025,2.4,50.44,50.44,0,2.4,2.4,52.84,0
Pakistan,2000,17.57,48.92,48.68,17.19,17.19,0,66.49,0
Pakistan,2001,20.92,51.19,50.91,18.94,18.94,0,72.11,0
Pakistan,2002,24.15,51.62,51.39,22.35,22.35,0,75.77,0
Pakistan,2003,29.95,52.13,51.93,28.14,28.14,0,82.08,0.07
Pakistan,2004,28.8,57.16,56.99,26.87,26.87,0,85.96,0.11
Pakistan,2005,34.27,60.29,60.16,31.86,31.86,0,94.56,0.15
Pakistan,2006,35.56,63.97,63.83,33.01,33.01,0,99.53,0.17
Pakistan,2007,32.27,63.88,63.74,29.96,29.96,0,96.15,0.2
Pakistan,2008,30.8,62.21,62.1,29.06,29.06,0,93.01,0.23
Pakistan,2009,31.74,64.37,64.25,29.09,29.1,0.01,96.11,0.25
Pakistan,2010,35.38,59.16,59.07,32.8,32.82,0.02,94.54,0.27
Pakistan,2011,33.52,61.31,61.21,29.63,29.68,0.05,94.83,0.27
Pakistan,2012,36.38,61.72,61.66,31.03,31.11,0.08,98.1,0.38
Pakistan,2013,38.16,66.72,66.56,33.22,33.76,0.54,104.88,0.42
Pakistan,2014,40.01,67.9,67.76,34.39,35.43,1.04,107.91,0.44
Pakistan,2015,42.28,70.51,70.36,36.78,37.95,1.17,112.79,0.46
Pakistan,2016,41.29,81.61,80.99,33.84,35.85,2.01,122.9,0.5
Pakistan,2017,40.75,89.61,78.7,29.62,32.64,3.02,130.36,0.56
Pakistan,2018,42.42,86.6,70.83,29.05,33.13,4.08,129.02,0.49
Pakistan,2019,49.85,85.12,59.26,35.29,40.78,5.49,134.97,0.51
Pakistan,2020,51.28,84.29,57.59,34.21,41.2,6.99,135.57,0.5
Pakistan,2021,57.69,90.63,63.9,33.9,43.43,9.53,148.32,0.5
Pakistan,2022,70.14,81.87,58.54,35.51,47.57,12.06,152.01,0.46
Pakistan,2023,79.92,68.3,48.32,39.07,54.44,15.37,148.22,0.48
Pakistan,2024,89.19,67.88,43.61,40.86,64.59,23.73,157.07,0.48
Pakistan,2025,108.29,68.83,40.01,41.79,82.86,41.07,177.12,0.48
"Palestine, State of",2000,0,0.03,0.03,0,0,0,0.03,2.26
"Palestine, State of",2001,0,0.04,0.04,0,0,0,0.04,2.08
"Palestine, State of",2002,0,0.15,0.15,0,0,0,0.15,2.31
"Palestine, State of",2003,0,0.34,0.34,0,0,0,0.34,2.32
"Palestine, State of",2004,0,0.4,0.4,0,0,0,0.4,2.6
"Palestine, State of",2005,0,0.5,0.5,0,0,0,0.5,2.86
"Palestine, State of",2006,0,0.35,0.35,0,0,0,0.35,3.1
"Palestine, State of",2007,0,0.42,0.42,0,0,0,0.42,3.19
"Palestine, State of",2008,0,0.43,0.43,0,0,0,0.43,3.86
"Palestine, State of",2009,0,0.5,0.5,0,0,0,0.5,3.98
"Palestine, State of",2010,0,0.47,0.47,0,0,0,0.47,4.16
"Palestine, State of",2011,0,0.57,0.57,0,0,0,0.57,4.62
"Palestine, State of",2012,0,0.46,0.46,0,0,0,0.46,4.91
"Palestine, State of",2013,0,0.53,0.53,0,0,0,0.53,4.73
"Palestine, State of",2014,0,0.34,0.34,0,0,0,0.34,4.94
"Palestine, State of",2015,0.01,0.51,0.51,0,0.01,0.01,0.52,5.41
"Palestine, State of",2016,0.04,0.49,0.49,0,0.04,0.04,0.53,5.47
"Palestine, State of",2017,0.05,0.5,0.5,0,0.05,0.05,0.55,5.58
"Palestine, State of",2018,0.06,0.36,0.36,0,0.06,0.06,0.42,5.92
"Palestine, State of",2019,0.12,0.69,0.69,0,0.12,0.12,0.81,6.25
"Palestine, State of",2020,0.18,0.66,0.66,0,0.18,0.18,0.84,6.52
"Palestine, State of",2021,0.22,0.69,0.69,0,0.22,0.22,0.91,6.68
"Palestine, State of",2022,0.34,0.68,0.68,0,0.34,0.34,1.02,6.7
"Palestine, State of",2023,0.34,0.51,0.51,0,0.34,0.34,0.85,7.07
"Palestine, State of",2024,0.39,0.6,0.6,0,0.39,0.39,0.99,7
Panama,2000,3.44,1.45,1.45,3.44,3.44,0,4.89,0.12
Panama,2001,2.52,2.6,2.6,2.52,2.52,0,5.12,-0.08
Panama,2002,3.42,1.87,1.87,3.42,3.42,0,5.29,-0.01
Panama,2003,2.84,2.73,2.73,2.84,2.84,0,5.57,-0.18
Panama,2004,3.8,1.96,1.96,3.8,3.8,0,5.76,-0.13
Panama,2005,3.74,2.08,2.08,3.74,3.74,0,5.82,-0.05
Panama,2006,3.6,2.38,2.38,3.6,3.6,0,5.98,-0.05
Panama,2007,3.73,2.73,2.73,3.73,3.73,0,6.46,-0.12
Panama,2008,3.99,2.44,2.44,3.99,3.99,0,6.43,0.07
Panama,2009,3.92,2.99,2.99,3.92,3.92,0,6.91,-0.03
Panama,2010,4.21,3.17,3.17,4.21,4.21,0,7.38,0.03
Panama,2011,4.12,3.7,3.25,4.12,4.12,0,7.82,0.06
Panama,2012,5.42,3.19,2.52,5.42,5.42,0,8.61,-0.04
Panama,2013,5.18,3.77,3.09,5.18,5.18,0,8.95,0
Panama,2014,5.19,4.11,3.42,5.06,5.19,0.13,9.3,0.09
Panama,2015,6.73,3.57,2.86,6.29,6.73,0.44,10.3,-0.12
Panama,2016,7.25,3.63,2.97,6.55,7.25,0.7,10.88,-0.37
Panama,2017,7.93,3.11,2.94,7.28,7.93,0.65,11.04,-0.31
Panama,2018,8.71,2.49,2.01,7.89,8.71,0.82,11.2,-0.31
Panama,2019,6.14,5.5,4.43,5.13,6.14,1.01,11.64,-0.35
Panama,2020,8.28,2.66,2.05,7.38,8.28,0.9,10.94,-0.45
Panama,2021,9.49,2.62,2.12,8.37,9.49,1.12,12.11,-0.44
Panama,2022,9.46,2.79,2.29,8.18,9.46,1.28,12.25,-0.32
Panama,2023,7.95,5.16,4.7,6.19,7.95,1.76,13.11,-0.14
Panama,2024,9.13,4.3,3.8,7.18,9.13,1.95,13.43,-0.14
Papua New Guinea,2000,0.92,1.25,1.25,0.92,0.92,0,2.17,0
Papua New Guinea,2001,0.92,1.76,1.76,0.92,0.92,0,2.68,0
Papua New Guinea,2002,0.92,1.95,1.95,0.92,0.92,0,2.87,0
Papua New Guinea,2003,0.97,2.25,2.25,0.97,0.97,0,3.22,0
Papua New Guinea,2004,0.94,2.57,2.57,0.94,0.94,0,3.51,0
Papua New Guinea,2005,1.18,2.44,2.44,1.18,1.18,0,3.62,0
Papua New Guinea,2006,1.15,2.25,2.25,1.15,1.15,0,3.4,0
Papua New Guinea,2007,1.25,2.1,2.1,1.25,1.25,0,3.35,0
Papua New Guinea,2008,1.25,2.16,2.16,1.25,1.25,0,3.41,0
Papua New Guinea,2009,1.25,2.12,2.12,1.25,1.25,0,3.37,0
Papua New Guinea,2010,1.25,2.26,2.26,1.25,1.25,0,3.51,0
Papua New Guinea,2011,1.36,2.27,2.27,1.36,1.36,0,3.63,0
Papua New Guinea,2012,1.37,2.36,2.36,1.37,1.37,0,3.73,0
Papua New Guinea,2013,1.41,2.6,2.6,1.41,1.41,0,4.01,0
Papua New Guinea,2014,1.43,2.85,2.85,1.43,1.43,0,4.28,0
Papua New Guinea,2015,1.42,3.11,3.11,1.42,1.42,0,4.53,0
Papua New Guinea,2016,1.42,3.35,3.35,1.42,1.42,0,4.77,0
Papua New Guinea,2017,1.21,3.14,3.14,1.21,1.21,0,4.35,0
Papua New Guinea,2018,1,3.36,3.36,1,1,0,4.36,0
Papua New Guinea,2019,1.13,3.15,3.15,1.13,1.13,0,4.28,0
Papua New Guinea,2020,1.12,2.98,2.98,1.12,1.12,0,4.1,0
Papua New Guinea,2021,1.12,3.41,3.41,1.12,1.12,0,4.53,0
Papua New Guinea,2022,0.97,3.62,3.62,0.96,0.97,0.01,4.59,0
Papua New Guinea,2023,1.12,3.61,3.61,1.11,1.12,0.01,4.73,0
Papua New Guinea,2024,1.12,3.61,3.61,1.11,1.12,0.01,4.73,0
Paraguay,2000,53.49,0,0,53.49,53.49,0,53.49,-47.36
Paraguay,2001,45.32,0,0,45.32,45.32,0,45.32,-39.14
Paraguay,2002,48.21,0,0,48.21,48.21,0,48.21,-41.78
Paraguay,2003,51.77,0,0,51.77,51.77,0,51.77,-45.18
Paraguay,2004,51.93,0,0,51.93,51.93,0,51.93,-45.01
Paraguay,2005,51.17,0,0,51.17,51.17,0,51.17,-43.79
Paraguay,2006,53.77,0,0,53.77,53.77,0,53.77,-45.71
Paraguay,2007,53.71,0,0,53.71,53.71,0,53.71,-45.11
Paraguay,2008,55.46,0,0,55.46,55.46,0,55.46,-46.29
Paraguay,2009,54.94,0,0,54.94,54.94,0,54.94,-45.04
Paraguay,2010,54.06,0,0,54.06,54.06,0,54.06,-43.38
Paraguay,2011,57.62,0,0,57.62,57.62,0,57.62,-46.12
Paraguay,2012,60.23,0,0,60.23,60.23,0,60.23,-47.66
Paraguay,2013,60.51,0,0,60.51,60.51,0,60.51,-47.36
Paraguay,2014,55.42,0.01,0.01,55.42,55.42,0,55.43,-41.4
Paraguay,2015,55.89,0,0,55.89,55.89,0,55.89,-41.13
Paraguay,2016,63.94,0,0,63.94,63.94,0,63.94,-48.42
Paraguay,2017,59.82,0,0,59.82,59.82,0,59.82,-43.63
Paraguay,2018,59.34,0,0,59.34,59.34,0,59.34,-42.21
Paraguay,2019,49.59,0,0,49.59,49.59,0,49.59,-31.75
Paraguay,2020,46.63,0,0,46.63,46.63,0,46.63,-28
Paraguay,2021,40.84,0,0,40.84,40.84,0,40.84,-21.72
Paraguay,2022,44.11,0,0,44.11,44.11,0,44.11,-23.95
Paraguay,2023,53.04,0,0,53.04,53.04,0,53.04,-30.39
Paraguay,2024,42.41,0,0,42.41,42.41,0,42.41,-16
Paraguay,2025,45.35,0,0,45.35,45.35,0,45.35,-15.7
Peru,2000,16.33,3.59,3.24,16.33,16.33,0,19.92,0
Peru,2001,17.77,3,2.69,17.77,17.77,0,20.77,0
Peru,2002,18.23,3.76,2.98,18.23,18.23,0,21.99,0
Peru,2003,18.73,4.2,3.43,18.73,18.73,0,22.93,0
Peru,2004,17.67,6.58,5.66,17.67,17.67,0,24.25,0
Peru,2005,18.43,7.07,6.27,18.43,18.43,0,25.5,0
Peru,2006,20.05,7.31,6.49,20.05,20.05,0,27.36,0
Peru,2007,19.97,9.96,9.11,19.97,19.97,0,29.93,0
Peru,2008,19.5,12.93,12.05,19.5,19.5,0,32.43,0
Peru,2009,19.95,12.97,12.19,19.95,19.95,0,32.92,-0.06
Peru,2010,20.71,15.18,14.33,20.71,20.71,0,35.89,-0.11
Peru,2011,22.27,16.96,16.34,22.27,22.27,0,39.23,0.01
Peru,2012,22.08,17.88,16.59,22.02,22.08,0.06,39.96,0
Peru,2013,23.47,20.04,18.82,23.27,23.47,0.2,43.51,0
Peru,2014,23.95,21.78,21.45,23.49,23.95,0.46,45.73,-0.01
Peru,2015,25.45,22.82,22.41,24.62,25.45,0.83,48.27,-0.05
Peru,2016,26.02,25.61,24.62,24.72,26.02,1.3,51.63,-0.02
Peru,2017,30.89,21.82,21.06,29.53,30.89,1.36,52.71,0.02
Peru,2018,33.39,21.23,21.1,31.14,33.39,2.25,54.62,0.02
Peru,2019,34.43,22.44,22.28,32,34.43,2.43,56.87,0.06
Peru,2020,33.64,19.35,19.21,31.04,33.64,2.6,52.99,0.04
Peru,2021,35.09,21.9,21.76,32.47,35.09,2.62,56.99,0.04
Peru,2022,33.09,26.81,26.64,30.32,33.09,2.77,59.9,0.04
Peru,2023,33.1,27.77,27.73,30.33,33.1,2.77,60.87,0.03
Peru,2024,35.64,23.65,23.65,32.6,35.64,3.04,59.29,0.03
Peru,2025,38.47,21.97,21.96,34.53,38.47,3.94,60.44,0.03
Philippines (the),2000,19.43,25.87,9.21,19.43,19.43,0,45.3,0
Philippines (the),2001,17.54,29.51,10.72,17.54,17.54,0,47.05,0
Philippines (the),2002,17.27,31.19,15.06,17.27,17.27,0,48.46,0
Philippines (the),2003,17.69,35.25,20.31,17.69,17.69,0,52.94,0
Philippines (the),2004,18.87,37.07,20.88,18.87,18.87,0,55.94,0
Philippines (the),2005,18.31,38.26,23,18.29,18.31,0.02,56.57,0
Philippines (the),2006,20.46,36.32,21.03,20.41,20.46,0.05,56.78,0
Philippines (the),2007,18.84,40.78,23.94,18.78,18.84,0.06,59.62,0
Philippines (the),2008,20.62,40.2,24.45,20.56,20.62,0.06,60.82,0
Philippines (the),2009,20.17,41.75,25.27,20.11,20.17,0.06,61.92,0
Philippines (the),2010,17.81,49.92,26.62,17.75,17.81,0.06,67.73,0
Philippines (the),2011,19.82,49.33,23.99,19.73,19.82,0.09,69.15,0
Philippines (the),2012,20.74,52.15,23.89,20.66,20.74,0.08,72.89,0
Philippines (the),2013,19.87,55.36,23.28,19.8,19.87,0.07,75.23,0
Philippines (the),2014,19.78,57.45,24.4,19.61,19.78,0.17,77.23,0
Philippines (the),2015,20.94,61.46,24.77,20.05,20.94,0.89,82.4,0
Philippines (the),2016,21.98,68.81,25.51,19.9,21.98,2.08,90.79,0
Philippines (the),2017,23.17,71.19,24.34,20.88,23.17,2.29,94.36,0
Philippines (the),2018,23.31,76.43,24.5,20.91,23.31,2.4,99.74,0
Philippines (the),2019,22.04,83.99,26.1,19.75,22.04,2.29,106.03,0
Philippines (the),2020,21.6,80.15,21.97,19.2,21.6,2.4,101.75,0
Philippines (the),2021,23.41,82.35,20.3,20.66,23.41,2.75,105.76,0
Philippines (the),2022,24.72,86.83,20.4,21.84,24.72,2.88,111.55,0
Philippines (the),2023,25.01,91.72,17.97,21.84,25.01,3.17,116.73,0
Philippines (the),2024,25.42,98.75,19.39,21.84,25.42,3.58,124.17,0
Philippines (the),2025,28.7,94.42,22.19,24.24,28.7,4.46,123.12,0
Poland,2000,2.33,140.85,4.96,2.33,2.33,0,143.18,-6.37
Poland,2001,2.78,140.94,5.97,2.77,2.78,0.01,143.72,-6.73
Poland,2002,2.77,139.72,6.78,2.71,2.77,0.06,142.49,-7.07
Poland,2003,2.25,147.76,7.1,2.13,2.25,0.12,150.01,-10.16
Poland,2004,3.2,149.34,8.22,3.06,3.2,0.14,152.54,-9.29
Poland,2005,3.85,151.44,9.56,3.71,3.85,0.14,155.29,-11.19
Poland,2006,4.29,156.41,9.4,4.03,4.29,0.26,160.7,-10.99
Poland,2007,5.43,153.09,9.08,4.91,5.43,0.52,158.52,-5.35
Poland,2008,6.61,147.89,9,5.77,6.61,0.84,154.5,-0.67
Poland,2009,8.69,142.17,8.79,7.61,8.69,1.08,150.86,-2.19
Poland,2010,10.88,145.89,9.38,9.22,10.88,1.66,156.77,-1.35
Poland,2011,13.13,149.74,9.98,9.93,13.13,3.2,162.87,-5.24
Poland,2012,16.88,144.6,10.03,12.13,16.88,4.75,161.48,-2.84
Poland,2013,17.06,146.72,9,11.06,17.06,6,163.78,-4.52
Poland,2014,19.85,138.5,8.98,12.16,19.85,7.69,158.35,2.17
Poland,2015,22.69,141.61,11.09,11.77,22.69,10.92,164.3,-0.33
Poland,2016,22.81,143.19,12.87,10.1,22.81,12.71,166,2
Poland,2017,24.13,145.78,14.62,9.05,24.13,15.08,169.91,2.29
Poland,2018,21.62,147.81,17.25,8.52,21.62,13.1,169.43,5.69
Poland,2019,25.46,137.76,19.62,9.64,25.46,15.82,163.22,10.62
Poland,2020,28.23,128.92,21.52,10.47,28.23,17.76,157.15,13.27
Poland,2021,30.56,148.23,20.66,10.4,30.56,20.16,178.79,0.89
Poland,2022,37.69,140.91,16.18,9.6,37.69,28.09,178.6,-1.68
Poland,2023,45.86,119.66,20.81,10.57,45.86,35.29,165.52,3.74
Poland,2024,53.61,118.51,25.01,10.06,53.61,43.55,172.12,1.97
Poland,2025,53.94,118.64,31.24,10.41,53.94,43.53,172.58,1.04
Portugal,2000,12.87,30.34,15.74,12.7,12.87,0.17,43.21,0.93
Portugal,2001,15.74,30.32,16.71,15.48,15.74,0.26,46.06,0.24
Portugal,2002,9.73,35.82,20.61,9.37,9.73,0.36,45.55,1.9
Portugal,2003,17.7,28.69,14.16,17.2,17.7,0.5,46.39,2.79
Portugal,2004,12.31,32.37,17.51,11.49,12.31,0.82,44.68,6.48
Portugal,2005,8.25,37.76,22.53,6.48,8.25,1.77,46.01,6.82
Portugal,2006,15.72,32.68,17.72,12.79,15.72,2.93,48.4,5.44
Portugal,2007,16.21,30.5,18.1,12.15,16.21,4.06,46.71,7.49
Portugal,2008,14.64,30.7,19.5,8.84,14.64,5.8,45.34,9.43
Portugal,2009,18.29,31.09,18.19,10.55,18.29,7.74,49.38,4.78
Portugal,2010,28.35,25.13,18.03,18.96,28.35,9.39,53.48,2.62
Portugal,2011,24.11,27.67,17.82,14.67,24.11,9.44,51.78,2.81
Portugal,2012,19.37,26.07,12.98,8.72,19.37,10.65,45.44,7.89
Portugal,2013,29.47,20.88,9.04,16.98,29.47,12.49,50.35,2.78
Portugal,2014,31.57,20.23,8.28,18.83,31.57,12.74,51.8,0.9
Portugal,2015,24.36,26.78,12.05,11.96,24.36,12.4,51.14,2.27
Portugal,2016,32.3,26.75,14.12,18.96,32.3,13.34,59.05,-5.09
Portugal,2017,22.58,35.01,20.34,9.34,22.58,13.24,57.59,-2.68
Portugal,2018,29.41,28.94,16.93,15.78,29.41,13.63,58.35,-2.66
Portugal,2019,27.41,24.19,18.66,12.4,27.41,15.01,51.6,3.4
Portugal,2020,30.11,21.28,18.92,16.09,30.11,14.02,51.39,1.46
Portugal,2021,31.54,17.68,16.88,16.09,31.54,15.45,49.22,4.75
Portugal,2022,27.61,18.72,18.72,10.84,27.61,16.77,46.33,9.25
Portugal,2023,34.36,11.78,11.78,16.05,34.36,18.31,46.14,10.23
Portugal,2024,40.27,7,7,18.84,40.27,21.43,47.27,10.47
Portugal,2025,41.37,9.77,9.77,18.83,41.37,22.54,51.14,9.29
Puerto Rico,2000,0.15,21.7,21.29,0.15,0.15,0,21.85,0
Puerto Rico,2001,0.13,22.18,21.79,0.13,0.13,0,22.31,0
Puerto Rico,2002,0.11,23.05,22.06,0.11,0.11,0,23.16,0
Puerto Rico,2003,0.1,23.82,20.9,0.1,0.1,0,23.92,0
Puerto Rico,2004,0.14,24.01,20.89,0.14,0.14,0,24.15,0
Puerto Rico,2005,0.14,24.82,21.76,0.14,0.14,0,24.96,0
Puerto Rico,2006,0.14,24.83,21.25,0.14,0.14,0,24.97,0
Puerto Rico,2007,0.16,24.52,20.92,0.16,0.16,0,24.68,0
Puerto Rico,2008,0.16,23.09,19.51,0.16,0.16,0,23.25,0
Puerto Rico,2009,0.17,22.87,19.48,0.17,0.17,0,23.04,0
Puerto Rico,2010,0.16,23.09,19.9,0.16,0.16,0,23.25,0
Puerto Rico,2011,0.15,22.11,18.6,0.15,0.15,0,22.26,0
Puerto Rico,2012,0.12,22.18,18.93,0.09,0.12,0.03,22.3,0
Puerto Rico,2013,0.29,21.19,17.76,0.08,0.29,0.21,21.48,0
Puerto Rico,2014,0.35,20.71,17.04,0.08,0.35,0.27,21.06,0
Puerto Rico,2015,0.38,20.52,17.26,0.05,0.38,0.33,20.9,0
Puerto Rico,2016,0.39,20.25,16.77,0.08,0.39,0.31,20.64,0
Puerto Rico,2017,0.37,16.01,13.69,0.06,0.37,0.31,16.38,0
Puerto Rico,2018,0.47,17.22,14.71,0.05,0.47,0.42,17.69,0
Puerto Rico,2019,0.73,18.42,14.9,0.07,0.73,0.66,19.15,0
Puerto Rico,2020,0.76,18.31,15.25,0.06,0.76,0.7,19.07,0
Puerto Rico,2021,0.9,18.46,15.28,0.06,0.9,0.84,19.36,0
Puerto Rico,2022,1.07,18.83,15.59,0.06,1.07,1.01,19.9,0
Puerto Rico,2023,1.07,18.83,15.59,0.06,1.07,1.01,19.9,0
Puerto Rico,2024,1.2,18.8,15.6,0.06,1.2,1.14,20,0
Puerto Rico,2025,1.2,18.38,15.32,0.02,1.2,1.18,19.58,0
Qatar,2000,0,9.13,9.13,0,0,0,9.13,0
Qatar,2001,0,9.95,9.95,0,0,0,9.95,0
Qatar,2002,0,10.94,10.94,0,0,0,10.94,0
Qatar,2003,0,12.01,12.01,0,0,0,12.01,0
Qatar,2004,0,13.23,13.23,0,0,0,13.23,0
Qatar,2005,0,14.4,14.4,0,0,0,14.4,0
Qatar,2006,0,17.08,17.08,0,0,0,17.08,0
Qatar,2007,0,19.46,19.46,0,0,0,19.46,0
Qatar,2008,0,21.62,21.62,0,0,0,21.62,0
Qatar,2009,0,24.16,24.16,0,0,0,24.16,0
Qatar,2010,0,28.14,28.14,0,0,0,28.14,0
Qatar,2011,0,30.73,30.73,0,0,0,30.73,0
Qatar,2012,0.01,34.79,34.79,0.01,0.01,0,34.8,0
Qatar,2013,0.08,34.67,34.67,0.08,0.08,0,34.75,0
Qatar,2014,0.11,38.69,38.69,0.1,0.11,0.01,38.8,0
Qatar,2015,0.13,41.5,41.5,0.12,0.13,0.01,41.63,0
Qatar,2016,0.13,42.31,42.31,0.12,0.13,0.01,42.44,0
Qatar,2017,0.14,45.56,45.56,0.13,0.14,0.01,45.7,0
Qatar,2018,0.15,47.91,47.91,0.14,0.15,0.01,48.06,0
Qatar,2019,0.13,49.87,49.87,0.12,0.13,0.01,50,0
Qatar,2020,0.14,49.26,49.26,0.13,0.14,0.01,49.4,0
Qatar,2021,0.15,51.64,51.64,0.14,0.15,0.01,51.79,0
Qatar,2022,0.72,54.03,54.03,0.13,0.72,0.59,54.75,0
Qatar,2023,2.01,54.37,54.37,0.13,2.01,1.88,56.38,0
Qatar,2024,2.28,54.4,54.4,0.13,2.28,2.15,56.68,0
Qatar,2025,2.28,53.9,53.9,0.13,2.28,2.15,56.18,0
Reunion,2000,0.82,0.94,0.33,0.82,0.82,0,1.76,0
Reunion,2001,0.75,1.1,0.45,0.75,0.75,0,1.85,0
Reunion,2002,0.83,1.1,0.47,0.83,0.83,0,1.93,0
Reunion,2003,0.86,1.22,0.57,0.86,0.86,0,2.08,0
Reunion,2004,0.87,1.32,0.76,0.87,0.87,0,2.19,0
Reunion,2005,0.77,1.5,0.6,0.77,0.77,0,2.27,0
Reunion,2006,0.85,1.51,0.53,0.85,0.85,0,2.36,0
Reunion,2007,0.91,1.55,0.3,0.9,0.91,0.01,2.46,0
Reunion,2008,0.91,1.63,0.34,0.9,0.91,0.01,2.54,0
Reunion,2009,0.85,1.77,0.52,0.81,0.85,0.04,2.62,0
Reunion,2010,0.92,1.78,0.47,0.82,0.92,0.1,2.7,0
Reunion,2011,0.83,1.92,0.61,0.68,0.83,0.15,2.75,0
Reunion,2012,0.98,1.84,0.49,0.77,0.98,0.21,2.82,0
Reunion,2013,1.07,1.75,0.48,0.83,1.07,0.24,2.82,0
Reunion,2014,0.95,1.91,0.7,0.69,0.95,0.26,2.86,0
Reunion,2015,1.05,1.85,0.68,0.79,1.05,0.26,2.9,0
Reunion,2016,1,1.94,0.8,0.72,1,0.28,2.94,0
Reunion,2017,0.96,2.02,0.88,0.69,0.96,0.27,2.98,0
Reunion,2018,1.07,1.88,0.82,0.81,1.07,0.26,2.95,0
Reunion,2019,0.95,2.1,1.01,0.68,0.95,0.27,3.05,0
Reunion,2020,0.93,2.86,0.95,0.66,0.93,0.27,3.79,0
Reunion,2021,0.87,2.22,1.29,0.6,0.87,0.27,3.09,0
Reunion,2022,1.15,1.91,1.33,0.88,1.15,0.27,3.06,0
Reunion,2023,1.74,1.33,0.93,1.43,1.74,0.31,3.07,0
Romania,2000,20.24,31.32,12.4,14.78,14.78,0,51.56,-0.7
Romania,2001,20.37,33.18,13.48,14.92,14.92,0,53.55,-1.31
Romania,2002,21.56,32.86,12.55,16.05,16.05,0,54.42,-2.85
Romania,2003,18.17,36.67,13.33,13.26,13.26,0,54.84,-2.08
Romania,2004,22.06,34.41,12.93,16.51,16.51,0,56.47,-1.18
Romania,2005,25.77,33.56,11.65,20.22,20.22,0,59.33,-2.9
Romania,2006,23.99,38.57,13.42,18.36,18.36,0,62.56,-4.27
Romania,2007,23.72,37.84,12.74,16.01,16.01,0,61.56,-2.09
Romania,2008,28.45,36.41,10.59,17.22,17.22,0,64.86,-4.25
Romania,2009,27.3,30.29,8.55,15.54,15.55,0.01,57.59,-2.3
Romania,2010,31.92,28.5,7.82,19.99,20.3,0.31,60.42,-2.27
Romania,2011,28.07,33.73,8.95,14.93,16.32,1.39,61.8,-1.91
Romania,2012,26.4,32.14,9.24,12.28,14.93,2.65,58.54,0.25
Romania,2013,31.77,26.42,9.48,15.21,20.15,4.94,58.19,-2.02
Romania,2014,38.8,26.12,8.36,19.3,27.12,7.82,64.92,-7.13
Romania,2015,37.83,27.83,9.7,17.15,26.19,9.04,65.66,-6.73
Romania,2016,38.26,25.96,10.08,18.56,26.97,8.41,64.22,-5.02
Romania,2017,35.8,27.74,10.96,15.02,24.29,9.27,63.54,-2.89
Romania,2018,37.57,26.5,10.85,18.1,26.19,8.09,64.07,-2.54
Romania,2019,35.91,22.85,9.24,16.08,24.63,8.55,58.76,1.52
Romania,2020,36.08,19.13,9.77,15.93,24.61,8.68,55.21,2.79
Romania,2021,37.62,20.94,10.25,18.06,26.34,8.28,58.56,2.2
Romania,2022,34.71,20.03,9.66,14.63,23.62,8.99,54.74,1.22
Romania,2023,39.55,17.4,9.34,18.58,28.36,9.78,56.95,-3.02
Romania,2024,35.43,17.29,9.33,14.67,24.52,9.85,52.72,2.96
Romania,2025,33.61,16.17,8.61,12.57,23.41,10.84,49.78,3.82
Russian Federation (the),2000,294.87,582.89,407.27,164.16,164.16,0,877.76,-14.06
Russian Federation (the),2001,310.94,580.33,411.56,174.01,174.01,0,891.27,-15.86
Russian Federation (the),2002,303.98,587.3,416.94,162.34,162.35,0.01,891.28,-12.94
Russian Federation (the),2003,306.39,609.9,437.66,156.04,156.05,0.01,916.29,-13.38
Russian Federation (the),2004,320.85,611.06,450.21,176.13,176.14,0.01,931.91,-7.62
Russian Federation (the),2005,322.52,631.59,465.85,173.06,173.07,0.01,954.11,-12.38
Russian Federation (the),2006,330.25,661.87,484.1,173.8,173.81,0.01,992.12,-15.81
Russian Federation (the),2007,337.59,681.11,510.39,177.52,177.53,0.01,1018.7,-12.8
Russian Federation (the),2008,328.36,711.64,515,165.27,165.28,0.01,1040,-17.63
Russian Federation (the),2009,338.28,654.82,490.43,174.7,174.7,0,993.1,-14.86
Russian Federation (the),2010,337.43,700.59,534.49,167.02,167.02,0,1038.02,-17.45
Russian Federation (the),2011,336.56,718.3,553.29,163.61,163.62,0.01,1054.86,-22.55
Russian Federation (the),2012,341.49,727.78,558.62,163.95,163.96,0.01,1069.27,-16.48
Russian Federation (the),2013,354.15,704.93,543.06,181.63,181.64,0.01,1059.08,-13.68
Russian Federation (the),2014,354.97,709.23,550.53,173.95,174.21,0.26,1064.2,-8.05
Russian Federation (the),2015,364.43,703.12,544.57,168.47,168.96,0.49,1067.55,-11.66
Russian Federation (the),2016,382.29,708.68,537.23,185.06,185.68,0.62,1090.97,-14.5
Russian Federation (the),2017,389.5,701.67,527.66,185.68,186.36,0.68,1091.17,-10.6
Russian Federation (the),2018,396.58,712.61,536,191.14,192,0.86,1109.19,-12.6
Russian Federation (the),2019,405.21,712.95,525.4,194.92,196.22,1.3,1118.16,-18.43
Russian Federation (the),2020,432.16,653.26,478.3,213.25,216.25,3,1085.42,-10.74
Russian Federation (the),2021,442.63,714.44,527.3,215.35,220.24,4.89,1157.07,-21.34
Russian Federation (the),2022,428.81,738.13,546.17,198.51,205.11,6.6,1166.94,-16.4
Russian Federation (the),2023,426.48,751.77,547.71,201.72,209.1,7.38,1178.25,-16.53
Russian Federation (the),2024,434.57,774.74,559.57,211.37,218.86,7.49,1209.31,-16.4
Russian Federation (the),2025,425.63,767.16,547.64,200.5,206.98,6.48,1192.79,-16.69
Rwanda,2000,0.1,0.06,0.06,0.1,0.1,0,0.16,0.09
Rwanda,2001,0.09,0.06,0.06,0.09,0.09,0,0.15,0.12
Rwanda,2002,0.1,0.07,0.07,0.1,0.1,0,0.17,0.13
Rwanda,2003,0.12,0.06,0.06,0.12,0.12,0,0.18,0.12
Rwanda,2004,0.08,0.06,0.06,0.08,0.08,0,0.14,0.11
Rwanda,2005,0.1,0.09,0.09,0.1,0.1,0,0.19,0.09
Rwanda,2006,0.13,0.14,0.14,0.13,0.13,0,0.27,0.06
Rwanda,2007,0.12,0.13,0.13,0.12,0.12,0,0.25,0.08
Rwanda,2008,0.16,0.13,0.13,0.16,0.16,0,0.29,0.08
Rwanda,2009,0.16,0.15,0.15,0.16,0.16,0,0.31,0.06
Rwanda,2010,0.11,0.17,0.17,0.11,0.11,0,0.28,0.08
Rwanda,2011,0.15,0.2,0.2,0.15,0.15,0,0.35,0.07
Rwanda,2012,0.18,0.21,0.21,0.18,0.18,0,0.39,0.09
Rwanda,2013,0.15,0.22,0.22,0.15,0.15,0,0.37,0.09
Rwanda,2014,0.2,0.21,0.21,0.2,0.2,0,0.41,0.09
Rwanda,2015,0.29,0.22,0.22,0.28,0.29,0.01,0.51,0.08
Rwanda,2016,0.32,0.32,0.31,0.3,0.32,0.02,0.64,0.07
Rwanda,2017,0.3,0.35,0.33,0.28,0.3,0.02,0.65,0.07
Rwanda,2018,0.34,0.48,0.45,0.31,0.34,0.03,0.82,0.09
Rwanda,2019,0.43,0.42,0.4,0.4,0.43,0.03,0.85,0.03
Rwanda,2020,0.56,0.33,0.3,0.53,0.56,0.03,0.89,0.02
Rwanda,2021,0.59,0.41,0.37,0.55,0.59,0.04,1,0.02
Rwanda,2022,0.6,0.44,0.39,0.56,0.6,0.04,1.04,0.02
Rwanda,2023,0.54,0.56,0.39,0.5,0.54,0.04,1.1,0.1
Rwanda,2024,0.56,0.57,0.4,0.52,0.56,0.04,1.13,0.09
"Saint Helena, Ascension and Tristan da Cunha",2000,0,0.01,0.01,0,0,0,0.01,0
"Saint Helena, Ascension and Tristan da Cunha",2001,0,0.01,0.01,0,0,0,0.01,0
"Saint Helena, Ascension and Tristan da Cunha",2002,0,0.01,0.01,0,0,0,0.01,0
"Saint Helena, Ascension and Tristan da Cunha",2003,0,0.01,0.01,0,0,0,0.01,0
"Saint Helena, Ascension and Tristan da Cunha",2004,0,0.01,0.01,0,0,0,0.01,0
"Saint Helena, Ascension and Tristan da Cunha",2005,0,0.01,0.01,0,0,0,0.01,0
"Saint Helena, Ascension and Tristan da Cunha",2006,0,0.01,0.01,0,0,0,0.01,0
"Saint Helena, Ascension and Tristan da Cunha",2007,0,0.01,0.01,0,0,0,0.01,0
"Saint Helena, Ascension and Tristan da Cunha",2008,0,0.01,0.01,0,0,0,0.01,0
"Saint Helena, Ascension and Tristan da Cunha",2009,0,0.01,0.01,0,0,0,0.01,0
"Saint Helena, Ascension and Tristan da Cunha",2010,0,0.01,0.01,0,0,0,0.01,0
"Saint Helena, Ascension and Tristan da Cunha",2011,0,0.01,0.01,0,0,0,0.01,0
"Saint Helena, Ascension and Tristan da Cunha",2012,0,0.01,0.01,0,0,0,0.01,0
"Saint Helena, Ascension and Tristan da Cunha",2013,0,0.01,0.01,0,0,0,0.01,0
"Saint Helena, Ascension and Tristan da Cunha",2014,0,0.01,0.01,0,0,0,0.01,0
"Saint Helena, Ascension and Tristan da Cunha",2015,0,0.01,0.01,0,0,0,0.01,0
"Saint Helena, Ascension and Tristan da Cunha",2016,0,0.01,0.01,0,0,0,0.01,0
"Saint Helena, Ascension and Tristan da Cunha",2017,0,0.01,0.01,0,0,0,0.01,0
"Saint Helena, Ascension and Tristan da Cunha",2018,0,0.01,0.01,0,0,0,0.01,0
"Saint Helena, Ascension and Tristan da Cunha",2019,0,0.01,0.01,0,0,0,0.01,0
"Saint Helena, Ascension and Tristan da Cunha",2020,0,0.01,0.01,0,0,0,0.01,0
"Saint Helena, Ascension and Tristan da Cunha",2021,0,0.01,0.01,0,0,0,0.01,0
"Saint Helena, Ascension and Tristan da Cunha",2022,0,0.01,0.01,0,0,0,0.01,0
"Saint Helena, Ascension and Tristan da Cunha",2023,0,0.01,0.01,0,0,0,0.01,0
Saint Kitts and Nevis,2000,0,0.15,0.15,0,0,0,0.15,0
Saint Kitts and Nevis,2001,0,0.16,0.16,0,0,0,0.16,0
Saint Kitts and Nevis,2002,0,0.18,0.18,0,0,0,0.18,0
Saint Kitts and Nevis,2003,0,0.18,0.18,0,0,0,0.18,0
Saint Kitts and Nevis,2004,0,0.18,0.18,0,0,0,0.18,0
Saint Kitts and Nevis,2005,0,0.19,0.19,0,0,0,0.19,0
Saint Kitts and Nevis,2006,0,0.19,0.19,0,0,0,0.19,0
Saint Kitts and Nevis,2007,0,0.21,0.21,0,0,0,0.21,0
Saint Kitts and Nevis,2008,0,0.2,0.2,0,0,0,0.2,0
Saint Kitts and Nevis,2009,0,0.22,0.22,0,0,0,0.22,0
Saint Kitts and Nevis,2010,0,0.21,0.21,0,0,0,0.21,0
Saint Kitts and Nevis,2011,0,0.22,0.22,0,0,0,0.22,0
Saint Kitts and Nevis,2012,0.01,0.21,0.21,0,0.01,0.01,0.22,0
Saint Kitts and Nevis,2013,0.01,0.21,0.21,0,0.01,0.01,0.22,0
Saint Kitts and Nevis,2014,0.01,0.21,0.21,0,0.01,0.01,0.22,0
Saint Kitts and Nevis,2015,0.01,0.21,0.21,0,0.01,0.01,0.22,0
Saint Kitts and Nevis,2016,0.01,0.22,0.22,0,0.01,0.01,0.23,0
Saint Kitts and Nevis,2017,0,0.22,0.22,0,0,0,0.22,0
Saint Kitts and Nevis,2018,0.01,0.22,0.22,0,0.01,0.01,0.23,0
Saint Kitts and Nevis,2019,0.01,0.22,0.22,0,0.01,0.01,0.23,0
Saint Kitts and Nevis,2020,0.01,0.21,0.21,0,0.01,0.01,0.22,0
Saint Kitts and Nevis,2021,0.01,0.21,0.21,0,0.01,0.01,0.22,0
Saint Kitts and Nevis,2022,0.01,0.21,0.21,0,0.01,0.01,0.22,0
Saint Kitts and Nevis,2023,0.01,0.21,0.21,0,0.01,0.01,0.22,0
Saint Kitts and Nevis,2024,0.02,0.21,0.21,0,0.02,0.02,0.23,0
Saint Lucia,2000,0,0.28,0.28,0,0,0,0.28,0
Saint Lucia,2001,0,0.29,0.29,0,0,0,0.29,0
Saint Lucia,2002,0,0.29,0.29,0,0,0,0.29,0
Saint Lucia,2003,0,0.3,0.3,0,0,0,0.3,0
Saint Lucia,2004,0,0.31,0.31,0,0,0,0.31,0
Saint Lucia,2005,0,0.32,0.32,0,0,0,0.32,0
Saint Lucia,2006,0,0.33,0.33,0,0,0,0.33,0
Saint Lucia,2007,0,0.35,0.35,0,0,0,0.35,0
Saint Lucia,2008,0,0.35,0.35,0,0,0,0.35,0
Saint Lucia,2009,0,0.36,0.36,0,0,0,0.36,0
Saint Lucia,2010,0,0.38,0.38,0,0,0,0.38,0
Saint Lucia,2011,0,0.39,0.39,0,0,0,0.39,0
Saint Lucia,2012,0,0.38,0.38,0,0,0,0.38,0
Saint Lucia,2013,0,0.38,0.38,0,0,0,0.38,0
Saint Lucia,2014,0,0.38,0.38,0,0,0,0.38,0
Saint Lucia,2015,0,0.38,0.38,0,0,0,0.38,0
Saint Lucia,2016,0,0.39,0.39,0,0,0,0.39,0
Saint Lucia,2017,0,0.4,0.4,0,0,0,0.4,0
Saint Lucia,2018,0.01,0.4,0.4,0,0.01,0.01,0.41,0
Saint Lucia,2019,0.01,0.41,0.41,0,0.01,0.01,0.42,0
Saint Lucia,2020,0.01,0.37,0.37,0,0.01,0.01,0.38,0
Saint Lucia,2021,0.01,0.39,0.39,0,0.01,0.01,0.4,0
Saint Lucia,2022,0.01,0.39,0.39,0,0.01,0.01,0.4,0
Saint Lucia,2023,0.01,0.39,0.39,0,0.01,0.01,0.4,0
Saint Lucia,2024,0.01,0.39,0.39,0,0.01,0.01,0.4,0
Saint Pierre and Miquelon,2000,0,0.04,0.04,0,0,0,0.04,0
Saint Pierre and Miquelon,2001,0,0.04,0.04,0,0,0,0.04,0
Saint Pierre and Miquelon,2002,0,0.04,0.04,0,0,0,0.04,0
Saint Pierre and Miquelon,2003,0,0.04,0.04,0,0,0,0.04,0
Saint Pierre and Miquelon,2004,0,0.04,0.04,0,0,0,0.04,0
Saint Pierre and Miquelon,2005,0,0.04,0.04,0,0,0,0.04,0
Saint Pierre and Miquelon,2006,0,0.04,0.04,0,0,0,0.04,0
Saint Pierre and Miquelon,2007,0,0.04,0.04,0,0,0,0.04,0
Saint Pierre and Miquelon,2008,0,0.04,0.04,0,0,0,0.04,0
Saint Pierre and Miquelon,2009,0,0.04,0.04,0,0,0,0.04,0
Saint Pierre and Miquelon,2010,0,0.04,0.04,0,0,0,0.04,0
Saint Pierre and Miquelon,2011,0,0.04,0.04,0,0,0,0.04,0
Saint Pierre and Miquelon,2012,0,0.04,0.04,0,0,0,0.04,0
Saint Pierre and Miquelon,2013,0,0.05,0.05,0,0,0,0.05,0
Saint Pierre and Miquelon,2014,0,0.05,0.05,0,0,0,0.05,0
Saint Pierre and Miquelon,2015,0,0.05,0.05,0,0,0,0.05,0
Saint Pierre and Miquelon,2016,0,0.05,0.05,0,0,0,0.05,0
Saint Pierre and Miquelon,2017,0,0.05,0.05,0,0,0,0.05,0
Saint Pierre and Miquelon,2018,0,0.05,0.05,0,0,0,0.05,0
Saint Pierre and Miquelon,2019,0,0.05,0.05,0,0,0,0.05,0
Saint Pierre and Miquelon,2020,0,0.05,0.05,0,0,0,0.05,0
Saint Pierre and Miquelon,2021,0,0.05,0.05,0,0,0,0.05,0
Saint Pierre and Miquelon,2022,0,0.05,0.05,0,0,0,0.05,0
Saint Pierre and Miquelon,2023,0,0.05,0.05,0,0,0,0.05,0
Saint Vincent and the Grenadines,2000,0.03,0.07,0.07,0.03,0.03,0,0.1,0
Saint Vincent and the Grenadines,2001,0.02,0.08,0.08,0.02,0.02,0,0.1,0
Saint Vincent and the Grenadines,2002,0.02,0.08,0.08,0.02,0.02,0,0.1,0
Saint Vincent and the Grenadines,2003,0.02,0.09,0.09,0.02,0.02,0,0.11,0
Saint Vincent and the Grenadines,2004,0.03,0.09,0.09,0.03,0.03,0,0.12,0
Saint Vincent and the Grenadines,2005,0.03,0.11,0.11,0.03,0.03,0,0.14,0
Saint Vincent and the Grenadines,2006,0.02,0.11,0.11,0.02,0.02,0,0.13,0
Saint Vincent and the Grenadines,2007,0.02,0.12,0.12,0.02,0.02,0,0.14,0
Saint Vincent and the Grenadines,2008,0.02,0.12,0.12,0.02,0.02,0,0.14,0
Saint Vincent and the Grenadines,2009,0.02,0.12,0.12,0.02,0.02,0,0.14,0
Saint Vincent and the Grenadines,2010,0.03,0.12,0.12,0.03,0.03,0,0.15,0
Saint Vincent and the Grenadines,2011,0.03,0.11,0.11,0.03,0.03,0,0.14,0
Saint Vincent and the Grenadines,2012,0.03,0.12,0.12,0.03,0.03,0,0.15,0
Saint Vincent and the Grenadines,2013,0.02,0.12,0.12,0.02,0.02,0,0.14,0
Saint Vincent and the Grenadines,2014,0.01,0.13,0.13,0.01,0.01,0,0.14,0
Saint Vincent and the Grenadines,2015,0.02,0.13,0.13,0.02,0.02,0,0.15,0
Saint Vincent and the Grenadines,2016,0.02,0.14,0.14,0.02,0.02,0,0.16,0
Saint Vincent and the Grenadines,2017,0.02,0.13,0.13,0.02,0.02,0,0.15,0
Saint Vincent and the Grenadines,2018,0.02,0.13,0.13,0.02,0.02,0,0.15,0
Saint Vincent and the Grenadines,2019,0.02,0.13,0.13,0.02,0.02,0,0.15,0
Saint Vincent and the Grenadines,2020,0.02,0.13,0.13,0.02,0.02,0,0.15,0
Saint Vincent and the Grenadines,2021,0.02,0.12,0.12,0.02,0.02,0,0.14,0
Saint Vincent and the Grenadines,2022,0.02,0.13,0.13,0.02,0.02,0,0.15,0
Saint Vincent and the Grenadines,2023,0.02,0.13,0.13,0.02,0.02,0,0.15,0
Saint Vincent and the Grenadines,2024,0.02,0.13,0.13,0.02,0.02,0,0.15,0
Samoa,2000,0.04,0.04,0.04,0.04,0.04,0,0.08,0
Samoa,2001,0.05,0.05,0.05,0.05,0.05,0,0.1,0
Samoa,2002,0.06,0.05,0.05,0.06,0.06,0,0.11,0
Samoa,2003,0.05,0.05,0.05,0.05,0.05,0,0.1,0
Samoa,2004,0.05,0.06,0.06,0.05,0.05,0,0.11,0
Samoa,2005,0.05,0.06,0.06,0.05,0.05,0,0.11,0
Samoa,2006,0.05,0.07,0.07,0.05,0.05,0,0.12,0
Samoa,2007,0.05,0.07,0.07,0.05,0.05,0,0.12,0
Samoa,2008,0.05,0.06,0.06,0.05,0.05,0,0.11,0
Samoa,2009,0.05,0.08,0.08,0.05,0.05,0,0.13,0
Samoa,2010,0.05,0.07,0.07,0.05,0.05,0,0.12,0
Samoa,2011,0.05,0.08,0.08,0.05,0.05,0,0.13,0
Samoa,2012,0.04,0.07,0.07,0.04,0.04,0,0.11,0
Samoa,2013,0.03,0.09,0.09,0.03,0.03,0,0.12,0
Samoa,2014,0.03,0.1,0.1,0.03,0.03,0,0.13,0
Samoa,2015,0.04,0.09,0.09,0.03,0.04,0.01,0.13,0
Samoa,2016,0.05,0.1,0.1,0.03,0.05,0.02,0.15,0
Samoa,2017,0.05,0.11,0.11,0.03,0.05,0.02,0.16,0
Samoa,2018,0.06,0.09,0.09,0.04,0.06,0.02,0.15,0
Samoa,2019,0.07,0.1,0.1,0.05,0.07,0.02,0.17,0
Samoa,2020,0.07,0.11,0.11,0.05,0.07,0.02,0.18,0
Samoa,2021,0.08,0.09,0.09,0.06,0.08,0.02,0.17,0
Samoa,2022,0.07,0.09,0.09,0.05,0.07,0.02,0.16,0
Samoa,2023,0.06,0.09,0.09,0.04,0.06,0.02,0.15,0
Samoa,2024,0.07,0.09,0.09,0.04,0.07,0.03,0.16,0
Sao Tome and Principe,2000,0.01,0.02,0.02,0.01,0.01,0,0.03,0
Sao Tome and Principe,2001,0,0.02,0.02,0,0,0,0.02,0
Sao Tome and Principe,2002,0.01,0.03,0.03,0.01,0.01,0,0.04,0
Sao Tome and Principe,2003,0.01,0.03,0.03,0.01,0.01,0,0.04,0
Sao Tome and Principe,2004,0.01,0.03,0.03,0.01,0.01,0,0.04,0
Sao Tome and Principe,2005,0,0.04,0.04,0,0,0,0.04,0
Sao Tome and Principe,2006,0.01,0.04,0.04,0.01,0.01,0,0.05,0
Sao Tome and Principe,2007,0.01,0.04,0.04,0.01,0.01,0,0.05,0
Sao Tome and Principe,2008,0.01,0.04,0.04,0.01,0.01,0,0.05,0
Sao Tome and Principe,2009,0.01,0.05,0.05,0.01,0.01,0,0.06,0
Sao Tome and Principe,2010,0,0.05,0.05,0,0,0,0.05,0
Sao Tome and Principe,2011,0.01,0.06,0.06,0.01,0.01,0,0.07,0
Sao Tome and Principe,2012,0.01,0.07,0.07,0.01,0.01,0,0.08,0
Sao Tome and Principe,2013,0.01,0.06,0.06,0.01,0.01,0,0.07,0
Sao Tome and Principe,2014,0.01,0.07,0.07,0.01,0.01,0,0.08,0
Sao Tome and Principe,2015,0.01,0.09,0.09,0.01,0.01,0,0.1,0
Sao Tome and Principe,2016,0.01,0.1,0.1,0.01,0.01,0,0.11,0
Sao Tome and Principe,2017,0,0.1,0.1,0,0,0,0.1,0
Sao Tome and Principe,2018,0,0.1,0.1,0,0,0,0.1,0
Sao Tome and Principe,2019,0.01,0.1,0.1,0.01,0.01,0,0.11,0
Sao Tome and Principe,2020,0.01,0.1,0.1,0.01,0.01,0,0.11,0
Sao Tome and Principe,2021,0.01,0.1,0.1,0.01,0.01,0,0.11,0
Sao Tome and Principe,2022,0.01,0.08,0.08,0.01,0.01,0,0.09,0
Sao Tome and Principe,2023,0.01,0.08,0.08,0.01,0.01,0,0.09,0
Saudi Arabia,2000,0,138.69,138.69,0,0,0,138.69,0
Saudi Arabia,2001,0,146.09,146.09,0,0,0,146.09,0
Saudi Arabia,2002,0,154.91,154.91,0,0,0,154.91,0
Saudi Arabia,2003,0,166.58,166.58,0,0,0,166.58,0
Saudi Arabia,2004,0,173.41,173.41,0,0,0,173.41,0
Saudi Arabia,2005,0,191.05,191.05,0,0,0,191.05,0
Saudi Arabia,2006,0,196.31,196.31,0,0,0,196.31,0
Saudi Arabia,2007,0,204.43,204.43,0,0,0,204.43,0
Saudi Arabia,2008,0,204.2,204.2,0,0,0,204.2,0
Saudi Arabia,2009,0,217.31,217.31,0,0,0,217.31,0
Saudi Arabia,2010,0,248.77,248.77,0,0,0,248.77,0
Saudi Arabia,2011,0.01,259.14,259.14,0,0.01,0.01,259.15,-0.07
Saudi Arabia,2012,0.03,281.6,281.6,0,0.03,0.03,281.63,-0.05
Saudi Arabia,2013,0.04,294.68,294.68,0,0.04,0.04,294.72,-0.05
Saudi Arabia,2014,0.05,328.15,328.15,0,0.05,0.05,328.2,-0.05
Saudi Arabia,2015,0.05,350.59,350.59,0,0.05,0.05,350.64,-0.05
Saudi Arabia,2016,0.05,357.61,357.61,0,0.05,0.05,357.66,-0.72
Saudi Arabia,2017,0.07,394.92,394.92,0,0.07,0.07,394.99,-0.03
Saudi Arabia,2018,0.16,374.61,374.61,0,0.16,0.16,374.77,-0.03
Saudi Arabia,2019,0.22,378.33,378.33,0,0.22,0.22,378.55,0.3
Saudi Arabia,2020,0.92,379.98,379.98,0,0.92,0.92,380.9,-0.37
Saudi Arabia,2021,1,391.95,391.95,0,1,1,392.95,-0.04
Saudi Arabia,2022,2.01,407.83,407.83,0,2.01,2.01,409.84,-0.04
Saudi Arabia,2023,4.72,424.53,424.53,0,4.72,4.72,429.25,-0.04
Saudi Arabia,2024,9.82,444.82,444.82,0,9.82,9.82,454.64,-0.05
Senegal,2000,0.05,1.44,1.44,0.05,0.05,0,1.49,0
Senegal,2001,0.06,1.73,1.73,0.06,0.06,0,1.79,0
Senegal,2002,0.26,1.82,1.82,0.26,0.26,0,2.08,0
Senegal,2003,0.38,1.95,1.95,0.38,0.38,0,2.33,0
Senegal,2004,0.33,2.06,2.06,0.33,0.33,0,2.39,0
Senegal,2005,0.31,2.34,2.34,0.31,0.31,0,2.65,0
Senegal,2006,0.28,2.36,2.36,0.28,0.28,0,2.64,0
Senegal,2007,0.22,2.58,2.58,0.22,0.22,0,2.8,0
Senegal,2008,0.27,2.69,2.69,0.27,0.27,0,2.96,0
Senegal,2009,0.29,2.76,2.76,0.29,0.29,0,3.05,0.24
Senegal,2010,0.32,2.91,2.91,0.32,0.32,0,3.23,0.25
Senegal,2011,0.33,2.96,2.96,0.33,0.33,0,3.29,0.26
Senegal,2012,0.34,3.28,3.28,0.34,0.34,0,3.62,0.29
Senegal,2013,0.37,3.44,3.44,0.37,0.37,0,3.81,0.31
Senegal,2014,0.38,3.8,3.78,0.38,0.38,0,4.18,0.32
Senegal,2015,0.4,4.04,3.84,0.4,0.4,0,4.44,0.33
Senegal,2016,0.43,4.35,3.96,0.42,0.43,0.01,4.78,0.36
Senegal,2017,0.53,4.19,3.88,0.44,0.53,0.09,4.72,0.33
Senegal,2018,0.7,4.24,3.75,0.45,0.7,0.25,4.94,0.32
Senegal,2019,0.78,5.04,4.28,0.43,0.78,0.35,5.82,0.32
Senegal,2020,1.02,5.04,4.89,0.42,1.02,0.6,6.06,0.36
Senegal,2021,1.35,5.31,4.91,0.41,1.35,0.94,6.66,0.31
Senegal,2022,1.41,5.75,5.28,0.42,1.41,0.99,7.16,0.49
Senegal,2023,1.39,6.81,6.72,0.42,1.39,0.97,8.2,0.54
Senegal,2024,1.51,6.12,6.02,0.42,1.51,1.09,7.63,0.5
Serbia,2000,9.82,22.13,0.7,9.82,9.82,0,31.95,3.01
Serbia,2001,9.89,22.68,0.82,9.89,9.89,0,32.57,4.04
Serbia,2002,9.93,23.31,0.75,9.93,9.93,0,33.24,4.48
Serbia,2003,8.74,25.52,0.81,8.74,8.74,0,34.26,2.79
Serbia,2004,10.62,26.57,0.83,10.62,10.62,0,37.19,-0.27
Serbia,2005,11.41,24.45,1.07,11.41,11.41,0,35.86,-1.94
Serbia,2006,10.35,25.52,0.5,10.35,10.35,0,35.87,-0.81
Serbia,2007,9.46,26.51,0.94,9.46,9.46,0,35.97,-0.09
Serbia,2008,9.56,27.26,0.58,9.56,9.56,0,36.82,0.07
Serbia,2009,10.54,27.17,0.32,10.54,10.54,0,37.71,-1.43
Serbia,2010,11.89,25.53,0.51,11.89,11.89,0,37.42,-0.3
Serbia,2011,8.67,29.35,0.64,8.67,8.67,0,38.02,-0.28
Serbia,2012,9.3,26.89,0.57,9.3,9.3,0,36.19,0.39
Serbia,2013,10.22,29.01,0.34,10.22,10.22,0,39.23,-2.54
Serbia,2014,11.03,22.41,0.28,11.02,11.03,0.01,33.44,1.56
Serbia,2015,10.11,27.48,0.32,10.1,10.11,0.01,37.59,-0.92
Serbia,2016,10.86,27.75,0.51,10.82,10.86,0.04,38.61,-1.92
Serbia,2017,9.29,27.15,0.69,9.23,9.29,0.06,36.44,0.83
Serbia,2018,10.9,25.77,0.75,10.74,10.9,0.16,36.67,0.12
Serbia,2019,10.51,26.35,0.77,9.6,10.51,0.91,36.86,0.08
Serbia,2020,10.16,27.02,0.56,9.17,10.16,0.99,37.18,-0.61
Serbia,2021,12.55,24.91,1.14,11.46,12.55,1.09,37.46,0.65
Serbia,2022,9.82,25.02,1.53,8.85,9.82,0.97,34.84,2.75
Serbia,2023,13.75,25.58,2.04,12.63,13.75,1.12,39.33,-2.19
Serbia,2024,11.85,25.11,1.85,10.44,11.85,1.41,36.96,0.52
Serbia,2025,10.2,26.47,2.62,8.57,10.2,1.63,36.67,1.32
Seychelles,2000,0,0.2,0.2,0,0,0,0.2,0
Seychelles,2001,0,0.2,0.2,0,0,0,0.2,0
Seychelles,2002,0,0.23,0.23,0,0,0,0.23,0
Seychelles,2003,0,0.23,0.23,0,0,0,0.23,0
Seychelles,2004,0,0.23,0.23,0,0,0,0.23,0
Seychelles,2005,0,0.3,0.3,0,0,0,0.3,0
Seychelles,2006,0,0.32,0.32,0,0,0,0.32,0
Seychelles,2007,0,0.34,0.34,0,0,0,0.34,0
Seychelles,2008,0,0.34,0.34,0,0,0,0.34,0
Seychelles,2009,0,0.35,0.35,0,0,0,0.35,0
Seychelles,2010,0,0.38,0.38,0,0,0,0.38,0
Seychelles,2011,0,0.4,0.4,0,0,0,0.4,0
Seychelles,2012,0,0.41,0.41,0,0,0,0.41,0
Seychelles,2013,0.01,0.43,0.43,0,0.01,0.01,0.44,0
Seychelles,2014,0.01,0.44,0.44,0,0.01,0.01,0.45,0
Seychelles,2015,0.01,0.45,0.45,0,0.01,0.01,0.46,0
Seychelles,2016,0.01,0.49,0.49,0,0.01,0.01,0.5,0
Seychelles,2017,0.01,0.5,0.5,0,0.01,0.01,0.51,0
Seychelles,2018,0.01,0.51,0.51,0,0.01,0.01,0.52,0
Seychelles,2019,0.04,0.53,0.53,0,0.04,0.04,0.57,0
Seychelles,2020,0.07,0.52,0.52,0,0.07,0.07,0.59,0
Seychelles,2021,0.08,0.52,0.52,0,0.08,0.08,0.6,0
Seychelles,2022,0.09,0.53,0.53,0,0.09,0.09,0.62,0
Seychelles,2023,0.09,0.53,0.53,0,0.09,0.09,0.62,0
Seychelles,2024,0.1,0.53,0.53,0,0.1,0.1,0.63,0
Sierra Leone,2000,0.01,0.08,0.08,0.01,0.01,0,0.09,0
Sierra Leone,2001,0.01,0.12,0.12,0.01,0.01,0,0.13,0
Sierra Leone,2002,0.02,0.14,0.14,0.02,0.02,0,0.16,0
Sierra Leone,2003,0.02,0.13,0.13,0.02,0.02,0,0.15,0
Sierra Leone,2004,0.02,0.1,0.1,0.02,0.02,0,0.12,0
Sierra Leone,2005,0.02,0.06,0.06,0.02,0.02,0,0.08,0
Sierra Leone,2006,0,0.05,0.05,0,0,0,0.05,0
Sierra Leone,2007,0.02,0.04,0.04,0.02,0.02,0,0.06,0
Sierra Leone,2008,0.02,0.04,0.04,0.02,0.02,0,0.06,0
Sierra Leone,2009,0.02,0.04,0.04,0.02,0.02,0,0.06,0
Sierra Leone,2010,0.12,0.02,0.02,0.12,0.12,0,0.14,0
Sierra Leone,2011,0.15,0.02,0.02,0.15,0.15,0,0.17,0
Sierra Leone,2012,0.12,0.06,0.06,0.12,0.12,0,0.18,0
Sierra Leone,2013,0.1,0.06,0.06,0.1,0.1,0,0.16,0
Sierra Leone,2014,0.12,0.03,0.03,0.12,0.12,0,0.15,0
Sierra Leone,2015,0.12,0.04,0.04,0.12,0.12,0,0.16,0
Sierra Leone,2016,0.13,0.08,0.08,0.13,0.13,0,0.21,0
Sierra Leone,2017,0.14,0.09,0.09,0.13,0.14,0.01,0.23,0
Sierra Leone,2018,0.18,0.09,0.09,0.17,0.18,0.01,0.27,0
Sierra Leone,2019,0.19,0.01,0.01,0.18,0.19,0.01,0.2,0
Sierra Leone,2020,0.19,0.01,0.01,0.18,0.19,0.01,0.2,0
Sierra Leone,2021,0.19,0.01,0.01,0.18,0.19,0.01,0.2,0
Sierra Leone,2022,0.19,0.01,0.01,0.18,0.19,0.01,0.2,0
Sierra Leone,2023,0.2,0.01,0.01,0.18,0.2,0.02,0.21,0
Sierra Leone,2024,0.2,0.01,0.01,0.18,0.2,0.02,0.21,0
Singapore,2000,0.49,31.18,31.18,0.49,0.49,0,31.67,0
Singapore,2001,0.69,32.37,32.37,0.69,0.69,0,33.06,0
Singapore,2002,0.77,33.89,33.89,0.77,0.77,0,34.66,0
Singapore,2003,0.99,34.33,34.33,0.99,0.99,0,35.32,0
Singapore,2004,0.96,35.86,35.86,0.96,0.96,0,36.82,0
Singapore,2005,0.96,37.26,37.26,0.96,0.96,0,38.22,0
Singapore,2006,0.95,38.54,38.54,0.95,0.95,0,39.49,0
Singapore,2007,0.99,40.14,40.14,0.99,0.99,0,41.13,0
Singapore,2008,1.04,40.63,40.63,1.04,1.04,0,41.67,0
Singapore,2009,1.05,40.75,40.75,1.05,1.05,0,41.8,0
Singapore,2010,1.18,44.18,44.18,1.18,1.18,0,45.36,0
Singapore,2011,1.2,44.8,44.8,1.2,1.2,0,46,0
Singapore,2012,1.27,45.67,45.67,1.27,1.27,0,46.94,0
Singapore,2013,1.69,46.28,46.28,1.69,1.69,0,47.97,0
Singapore,2014,1.38,47.92,47.38,1.38,1.38,0,49.3,0
Singapore,2015,1.46,48.82,48.22,1.46,1.46,0,50.28,0
Singapore,2016,1.5,50.09,49.47,1.41,1.5,0.09,51.59,0
Singapore,2017,1.51,50.77,50.09,1.39,1.51,0.12,52.28,0
Singapore,2018,1.49,51.48,50.79,1.35,1.49,0.14,52.97,0
Singapore,2019,1.51,52.63,51.98,1.32,1.51,0.19,54.14,0
Singapore,2020,1.49,51.58,51.05,1.19,1.49,0.3,53.07,0
Singapore,2021,1.62,54.17,53.5,1.22,1.62,0.4,55.79,0
Singapore,2022,2.33,54.59,54.02,1.66,2.33,0.67,56.92,0.18
Singapore,2023,2.6,54.72,54.15,1.66,2.6,0.94,57.32,0.08
Singapore,2024,2.94,56.67,56.1,1.66,2.94,1.28,59.61,0.02
Singapore,2025,3.3,56.85,56.28,1.66,3.3,1.64,60.15,0.29
Slovakia,2000,21.1,9.68,4.1,4.61,4.61,0,30.78,-2.7
Slovakia,2001,22.18,9.64,3.82,5.08,5.08,0,31.82,-3.68
Slovakia,2002,23.37,8.81,3.66,5.42,5.42,0,32.18,-4.16
Slovakia,2003,21.44,9.54,3.58,3.58,3.58,0,30.98,-2.26
Slovakia,2004,21.16,9.3,3.62,4.12,4.13,0.01,30.46,-1.86
Slovakia,2005,22.41,8.93,3.39,4.67,4.68,0.01,31.34,-3.27
Slovakia,2006,22.82,8.43,3.12,4.8,4.81,0.01,31.25,-2.33
Slovakia,2007,20.26,7.59,2.79,4.92,4.93,0.01,27.85,1.73
Slovakia,2008,21.27,7.43,2.76,4.56,4.57,0.01,28.7,0.52
Slovakia,2009,19,6.93,3.07,4.91,4.92,0.01,25.93,1.31
Slovakia,2010,20.52,6.94,3.38,5.92,5.95,0.03,27.46,1.04
Slovakia,2011,20.41,7.87,4.32,4.6,5,0.4,28.28,0.73
Slovakia,2012,20.96,7.34,3.93,5.04,5.47,0.43,28.3,0.39
Slovakia,2013,22.08,6.42,3.35,5.76,6.36,0.6,28.5,0.09
Slovakia,2014,21.74,5.39,2.52,5.63,6.24,0.61,27.13,1.1
Slovakia,2015,21.2,5.42,2.59,5.53,6.05,0.52,26.62,2.39
Slovakia,2016,21.4,5.4,2.6,6.09,6.63,0.54,26.8,2.65
Slovakia,2017,21.62,5.8,2.81,6.02,6.54,0.52,27.42,3.03
Slovakia,2018,20.65,6.01,3,5.22,5.81,0.59,26.66,3.68
Slovakia,2019,21.93,6.28,3.94,6.05,6.65,0.6,28.21,1.7
Slovakia,2020,22.29,6.22,4.36,6.19,6.85,0.66,28.51,0.32
Slovakia,2021,22.5,7.2,5.5,6.1,6.77,0.67,29.7,0.77
Slovakia,2022,21.74,4.8,3.18,5.17,5.82,0.65,26.54,1.41
Slovakia,2023,25.04,4.49,3.27,6.1,6.71,0.61,29.53,-3.42
Slovakia,2024,25.33,4.19,3.67,6.41,7.1,0.69,29.52,-2.95
Slovakia,2025,24.77,4.32,4.01,4.75,5.45,0.7,29.09,-2.35
Slovenia,2000,8.66,4.95,0.34,3.9,3.9,0,13.61,-1.32
Slovenia,2001,9.13,5.35,0.43,3.87,3.87,0,14.48,-1.77
Slovenia,2002,8.94,5.66,0.36,3.41,3.41,0,14.6,-1.13
Slovenia,2003,8.29,5.54,0.43,3.08,3.08,0,13.83,0.16
Slovenia,2004,9.67,5.6,0.41,4.21,4.21,0,15.27,-0.76
Slovenia,2005,9.45,5.66,0.39,3.57,3.57,0,15.11,-0.32
Slovenia,2006,9.25,5.86,0.43,3.7,3.7,0,15.11,0.04
Slovenia,2007,9.08,5.96,0.48,3.38,3.38,0,15.04,0.23
Slovenia,2008,10.58,5.83,0.5,4.31,4.31,0,16.41,-1.6
Slovenia,2009,10.64,5.75,0.62,4.9,4.9,0,16.39,-3.06
Slovenia,2010,10.41,5.85,0.56,4.74,4.75,0.01,16.26,-2.12
Slovenia,2011,10.1,5.82,0.51,3.81,3.88,0.07,15.92,-1.37
Slovenia,2012,9.86,5.69,0.55,4.17,4.33,0.16,15.55,-1.04
Slovenia,2013,10.41,5.39,0.52,4.89,5.11,0.22,15.8,-1.29
Slovenia,2014,12.97,4.18,0.42,6.34,6.6,0.26,17.15,-2.74
Slovenia,2015,10,4.8,0.42,4.07,4.35,0.28,14.8,-0.05
Slovenia,2016,10.78,5.45,0.44,4.78,5.06,0.28,16.23,-1.18
Slovenia,2017,10.73,5.32,0.5,4.15,4.44,0.29,16.05,-0.52
Slovenia,2018,11,5.12,0.5,4.96,5.22,0.26,16.12,-0.5
Slovenia,2019,10.86,5.03,0.55,4.73,5.04,0.31,15.89,-0.32
Slovenia,2020,11.93,4.96,0.6,5.2,5.58,0.38,16.89,-2
Slovenia,2021,11.15,4.44,0.59,4.98,5.44,0.46,15.59,-0.27
Slovenia,2022,9.68,3.68,0.55,3.41,4.07,0.66,13.36,1.45
Slovenia,2023,11.9,3.65,0.51,5.31,6.3,0.99,15.55,-1.51
Slovenia,2024,12.71,4,0.5,5.59,6.87,1.28,16.71,-2.41
Slovenia,2025,11.73,3.15,0.97,4.35,5.9,1.55,14.88,-0.49
Solomon Islands,2000,0,0.06,0.06,0,0,0,0.06,0
Solomon Islands,2001,0,0.06,0.06,0,0,0,0.06,0
Solomon Islands,2002,0,0.06,0.06,0,0,0,0.06,0
Solomon Islands,2003,0,0.06,0.06,0,0,0,0.06,0
Solomon Islands,2004,0,0.06,0.06,0,0,0,0.06,0
Solomon Islands,2005,0,0.07,0.07,0,0,0,0.07,0
Solomon Islands,2006,0,0.07,0.07,0,0,0,0.07,0
Solomon Islands,2007,0,0.08,0.08,0,0,0,0.08,0
Solomon Islands,2008,0,0.08,0.08,0,0,0,0.08,0
Solomon Islands,2009,0,0.08,0.08,0,0,0,0.08,0
Solomon Islands,2010,0,0.08,0.08,0,0,0,0.08,0
Solomon Islands,2011,0,0.08,0.08,0,0,0,0.08,0
Solomon Islands,2012,0,0.08,0.08,0,0,0,0.08,0
Solomon Islands,2013,0,0.08,0.08,0,0,0,0.08,0
Solomon Islands,2014,0,0.09,0.09,0,0,0,0.09,0
Solomon Islands,2015,0,0.09,0.09,0,0,0,0.09,0
Solomon Islands,2016,0,0.1,0.1,0,0,0,0.1,0
Solomon Islands,2017,0,0.1,0.1,0,0,0,0.1,0
Solomon Islands,2018,0,0.1,0.1,0,0,0,0.1,0
Solomon Islands,2019,0,0.1,0.1,0,0,0,0.1,0
Solomon Islands,2020,0,0.1,0.1,0,0,0,0.1,0
Solomon Islands,2021,0,0.1,0.1,0,0,0,0.1,0
Solomon Islands,2022,0.01,0.1,0.1,0,0.01,0.01,0.11,0
Solomon Islands,2023,0.01,0.1,0.1,0,0.01,0.01,0.11,0
Solomon Islands,2024,0.01,0.1,0.1,0,0.01,0.01,0.11,0
Somalia,2000,0,0.25,0.25,0,0,0,0.25,0
Somalia,2001,0,0.26,0.26,0,0,0,0.26,0
Somalia,2002,0,0.27,0.27,0,0,0,0.27,0
Somalia,2003,0,0.28,0.28,0,0,0,0.28,0
Somalia,2004,0,0.28,0.28,0,0,0,0.28,0
Somalia,2005,0,0.29,0.29,0,0,0,0.29,0
Somalia,2006,0,0.3,0.3,0,0,0,0.3,0
Somalia,2007,0,0.31,0.31,0,0,0,0.31,0
Somalia,2008,0,0.32,0.32,0,0,0,0.32,0
Somalia,2009,0,0.33,0.33,0,0,0,0.33,0
Somalia,2010,0,0.33,0.33,0,0,0,0.33,0
Somalia,2011,0,0.33,0.33,0,0,0,0.33,0
Somalia,2012,0,0.34,0.34,0,0,0,0.34,0
Somalia,2013,0,0.35,0.35,0,0,0,0.35,0
Somalia,2014,0,0.35,0.35,0,0,0,0.35,0
Somalia,2015,0,0.35,0.35,0,0,0,0.35,0
Somalia,2016,0.01,0.35,0.35,0,0.01,0.01,0.36,0
Somalia,2017,0.02,0.35,0.35,0,0.02,0.02,0.37,0
Somalia,2018,0.02,0.35,0.35,0,0.02,0.02,0.37,0
Somalia,2019,0.02,0.35,0.35,0,0.02,0.02,0.37,0
Somalia,2020,0.03,0.34,0.34,0,0.03,0.03,0.37,0
Somalia,2021,0.04,0.34,0.34,0,0.04,0.04,0.38,0
Somalia,2022,0.08,0.34,0.34,0,0.08,0.08,0.42,0
Somalia,2023,0.08,0.34,0.34,0,0.08,0.08,0.42,0
Somalia,2024,0.09,0.34,0.34,0,0.09,0.09,0.43,0
South Africa,2000,14.59,196.07,0,1.58,1.58,0,210.66,12.33
South Africa,2001,12.86,197.23,0,2.14,2.14,0,210.09,2.2
South Africa,2002,14.55,206.03,0,2.54,2.56,0.02,220.58,2.25
South Africa,2003,13.93,220.31,0,1.24,1.27,0.03,234.24,-2.07
South Africa,2004,14.73,229.88,0,1.33,1.36,0.03,244.61,-3.44
South Africa,2005,13.08,231.85,0.09,1.76,1.79,0.03,244.93,-2.34
South Africa,2006,13.37,240.44,0.02,3.31,3.34,0.03,253.81,-2.96
South Africa,2007,14.65,248.84,1.26,3.3,3.33,0.03,263.49,-3.15
South Africa,2008,14.76,243.53,0.23,1.72,1.76,0.04,258.29,-3.6
South Africa,2009,14.76,234.8,0.06,1.9,1.95,0.05,249.56,-1.76
South Africa,2010,15.12,244.47,1.02,1.54,1.59,0.05,259.59,-2.47
South Africa,2011,16.43,246.05,1.61,3.47,3.53,0.06,262.48,-3.07
South Africa,2012,14.48,243.39,3.71,1.44,1.51,0.07,257.87,-5.03
South Africa,2013,15.78,240.17,6.68,1.58,1.67,0.09,255.95,-4.5
South Africa,2014,18.1,236.67,6.9,2.16,4.31,2.15,254.77,-2.66
South Africa,2015,18.76,231.29,3.99,1.05,6.52,5.47,250.05,-1.55
South Africa,2016,23.2,229.61,0.03,0.95,8.17,7.22,252.81,-5.99
South Africa,2017,26.32,228.82,0.12,1.17,12.13,10.96,255.14,-6.63
South Africa,2018,24.06,232.24,1.23,1.53,12.48,10.95,256.3,-4.7
South Africa,2019,26.45,226.62,1.36,1.17,13.2,12.03,253.07,-5.17
South Africa,2020,25.17,215.57,1.49,1.88,15.27,13.39,240.74,-3.82
South Africa,2021,31.27,214.19,3.27,2.43,18.92,16.49,245.46,-3.57
South Africa,2022,33.72,205.45,3.68,3.46,23.62,20.16,239.17,-1.51
South Africa,2023,36.98,195.97,3.68,2.47,28.88,26.41,232.95,-0.55
South Africa,2024,38.77,208.75,1.94,1.57,30.97,29.4,247.52,-1.3
South Africa,2025,43.31,199.45,1.95,2.3,33.1,30.8,242.76,-5.92
South Korea,2000,113.08,177.37,62.49,4.09,4.12,0.03,290.45,0
South Korea,2001,114.57,195.31,67.95,2.42,2.44,0.02,309.88,0
South Korea,2002,122.53,209.48,71.99,3.41,3.43,0.02,332.01,0
South Korea,2003,134.78,212.99,73.86,5.08,5.11,0.03,347.77,0
South Korea,2004,135.37,232.65,89.24,4.6,4.66,0.06,368.02,0
South Korea,2005,150.85,238.62,88.26,3.93,4.07,0.14,389.47,0
South Korea,2006,152.73,250.26,96.27,3.71,3.98,0.27,402.99,0
South Korea,2007,147.4,278.01,107.12,4.01,4.46,0.45,425.41,0
South Korea,2008,155.4,287.21,96.26,3.72,4.44,0.72,442.61,0
South Korea,2009,152.38,300.07,90.72,3.35,4.61,1.26,452.45,0
South Korea,2010,154.29,340.74,122.33,4.1,5.69,1.59,495.03,0
South Korea,2011,162.12,356.04,130.96,5.62,7.4,1.78,518.16,0
South Korea,2012,158.5,372.71,149.28,6.13,8.17,2.04,531.21,0
South Korea,2013,149.01,388.15,164.4,7.41,10.23,2.82,537.16,0
South Korea,2014,169.3,371.08,145.01,9.05,12.89,3.84,540.38,0
South Korea,2015,179.96,367.84,135.16,9.63,15.2,5.57,547.8,0
South Korea,2016,180.12,380.86,147.95,10.93,18.13,7.2,560.98,0
South Korea,2017,170.76,405.65,144.86,12.42,22.33,9.91,576.41,0
South Korea,2018,161.31,431.6,173.93,15.17,27.8,12.63,592.91,0
South Korea,2019,178.92,407.88,162.84,16.14,33.01,16.87,586.8,0
South Korea,2020,200.58,376.53,168.56,17.91,40.4,22.49,577.11,0
South Korea,2021,206.11,401.65,188.33,20.2,48.1,27.9,607.76,0
South Korea,2022,231.54,391.05,181.83,21.39,55.49,34.1,622.59,0
South Korea,2023,239.56,377.93,176.59,22.44,59.07,36.63,617.49,0
South Korea,2024,249.47,375.91,185.13,24.64,60.72,36.08,625.38,0
South Korea,2025,249.6,375.06,180.53,23.49,64.93,41.44,624.66,0
South Sudan,2012,0,0.44,0.44,0,0,0,0.44,0
South Sudan,2013,0,0.47,0.47,0,0,0,0.47,0
South Sudan,2014,0,0.48,0.48,0,0,0,0.48,0
South Sudan,2015,0,0.58,0.58,0,0,0,0.58,0
South Sudan,2016,0,0.52,0.52,0,0,0,0.52,0
South Sudan,2017,0,0.54,0.54,0,0,0,0.54,0
South Sudan,2018,0,0.54,0.54,0,0,0,0.54,0
South Sudan,2019,0,0.55,0.55,0,0,0,0.55,0
South Sudan,2020,0.01,0.55,0.55,0,0.01,0.01,0.56,0
South Sudan,2021,0.01,0.56,0.56,0,0.01,0.01,0.57,0
South Sudan,2022,0.01,0.5,0.5,0,0.01,0.01,0.51,0
South Sudan,2023,0.01,0.55,0.55,0,0.01,0.01,0.56,0
South Sudan,2024,0.01,0.55,0.55,0,0.01,0.01,0.56,0
Spain,2000,96.7,124.22,45.13,29.75,34.49,4.74,220.92,4.44
Spain,2001,113.01,120.06,49.79,42.52,49.3,6.78,233.07,3.45
Spain,2002,96.19,143.72,62.54,23.81,33.17,9.36,239.91,5.33
Spain,2003,117.63,139.67,64.94,43.66,55.75,12.09,257.3,1.26
Spain,2004,113.74,162.87,83.77,34.41,50.13,15.72,276.61,-3.03
Spain,2005,99.81,189.65,110.59,21.04,42.27,21.23,289.46,-1.34
Spain,2006,112.28,183.31,116.57,28.73,52.15,23.42,295.59,-3.28
Spain,2007,113.4,188.46,115.66,30.21,58.3,28.09,301.86,-5.75
Spain,2008,121.12,188.67,139.96,26.62,62.15,35.53,309.79,-11.04
Spain,2009,126.84,163.88,127.97,29.9,74.08,44.18,290.72,-8.1
Spain,2010,159.76,138.04,112.71,46.31,97.77,51.46,297.8,-8.33
Spain,2011,145.25,146.29,102.31,35.21,87.53,52.32,291.54,-6.09
Spain,2012,148.44,145.51,90.44,25.53,86.97,61.44,293.95,-11.2
Spain,2013,168.14,113.32,73.38,42.67,111.41,68.74,281.46,-6.75
Spain,2014,167.57,106.87,63.06,44.58,110.26,65.68,274.44,-3.41
Spain,2015,154.28,122.89,71.52,33.9,97.08,63.18,277.17,-0.13
Spain,2016,163.26,107.44,71.01,42.09,104.63,62.54,270.7,7.67
Spain,2017,145.97,126.41,81.28,24.4,87.93,63.53,272.38,9.17
Spain,2018,159.64,111.76,74.42,40.24,103.87,63.63,271.4,11.1
Spain,2019,159.34,111.18,98.32,30.24,100.99,70.75,270.52,6.86
Spain,2020,172.09,87.38,81.86,36.68,113.79,77.11,259.47,3.28
Spain,2021,182.31,88.44,83.58,36.59,125.75,89.16,270.75,0.85
Spain,2022,181.5,105.65,97.79,24.41,122.91,98.5,287.15,-19.8
Spain,2023,200.65,78.46,74.84,30.91,143.78,112.87,279.11,-13.96
Spain,2024,215.61,65.33,62.75,40.59,161.08,120.49,280.94,-10.23
Spain,2025,214.96,73.01,72.09,39.18,160.86,121.68,287.97,-12.79
Sri Lanka,2000,3.21,3.57,3.57,3.21,3.21,0,6.78,0
Sri Lanka,2001,3.12,3.55,3.55,3.12,3.12,0,6.67,0
Sri Lanka,2002,2.7,4.24,4.24,2.7,2.7,0,6.94,0
Sri Lanka,2003,3.32,4.31,4.31,3.32,3.32,0,7.63,0
Sri Lanka,2004,2.97,5.12,5.12,2.97,2.97,0,8.09,0
Sri Lanka,2005,3.47,5.35,5.35,3.46,3.47,0.01,8.82,0
Sri Lanka,2006,4.65,4.79,4.79,4.64,4.65,0.01,9.44,0
Sri Lanka,2007,3.97,5.91,5.91,3.96,3.97,0.01,9.88,0
Sri Lanka,2008,4.16,5.76,5.76,4.15,4.16,0.01,9.92,0
Sri Lanka,2009,3.92,5.97,5.97,3.91,3.92,0.01,9.89,0
Sri Lanka,2010,5.73,4.99,4.99,5.67,5.73,0.06,10.72,0
Sri Lanka,2011,4.76,6.79,5.75,4.66,4.76,0.1,11.55,0
Sri Lanka,2012,3.47,8.33,6.93,3.32,3.47,0.15,11.8,0
Sri Lanka,2013,7.21,4.77,3.3,6.96,7.21,0.25,11.98,0
Sri Lanka,2014,4.9,7.55,4.35,4.6,4.9,0.3,12.45,0
Sri Lanka,2015,6.44,6.77,2.31,6.06,6.44,0.38,13.21,0
Sri Lanka,2016,4.72,9.59,4.52,4.32,4.72,0.4,14.31,0
Sri Lanka,2017,4.62,10.27,5.15,4.1,4.62,0.52,14.89,0
Sri Lanka,2018,7.05,9.02,3.72,6.5,7.05,0.55,16.07,0
Sri Lanka,2019,5.63,11.04,5.12,4.94,5.63,0.69,16.67,0
Sri Lanka,2020,5.87,10.63,4.27,5.08,5.87,0.79,16.5,0
Sri Lanka,2021,8.65,8.86,2.75,7.36,8.65,1.29,17.51,0
Sri Lanka,2022,8.43,8.32,2.59,6.85,8.43,1.58,16.75,0
Sri Lanka,2023,7.96,8.43,3.28,6.14,7.96,1.82,16.39,0
Sri Lanka,2024,9.49,7.57,2.01,7.25,9.49,2.24,17.06,0
Sri Lanka,2025,10.82,6.43,1.81,6.86,10.82,3.96,17.25,0
Sudan (the),2000,1.27,1.27,1.27,1.27,1.27,0,2.54,0
Sudan (the),2001,1.36,1.32,1.32,1.36,1.36,0,2.68,0
Sudan (the),2002,1.39,1.61,1.61,1.39,1.39,0,3,0
Sudan (the),2003,1.28,2.19,2.19,1.28,1.28,0,3.47,0
Sudan (the),2004,1.24,2.36,2.36,1.24,1.24,0,3.6,0
Sudan (the),2005,1.39,2.57,2.57,1.39,1.39,0,3.96,0
Sudan (the),2006,1.5,3.15,3.15,1.5,1.5,0,4.65,0
Sudan (the),2007,1.59,3.57,3.57,1.59,1.59,0,5.16,0
Sudan (the),2008,1.6,4.04,4.04,1.6,1.6,0,5.64,0
Sudan (the),2009,3.35,3.26,3.26,3.35,3.35,0,6.61,0
Sudan (the),2010,6.28,1.3,1.3,6.28,6.28,0,7.58,0
Sudan (the),2011,6.52,1.99,1.99,6.52,6.52,0,8.51,0
Sudan (the),2012,6.68,2.82,2.82,6.67,6.68,0.01,9.5,0.07
Sudan (the),2013,8.38,1.97,1.97,8.37,8.38,0.01,10.35,0.32
Sudan (the),2014,8.95,2.46,2.46,8.94,8.95,0.01,11.41,0.44
Sudan (the),2015,8.46,4.63,4.63,8.45,8.46,0.01,13.09,0.13
Sudan (the),2016,8.19,6.38,6.38,8.17,8.19,0.02,14.57,0.44
Sudan (the),2017,9.5,6.2,6.2,9.48,9.5,0.02,15.7,0.89
Sudan (the),2018,9.8,6.6,6.6,9.78,9.8,0.02,16.4,0.8
Sudan (the),2019,10.34,5.88,5.88,10.32,10.34,0.02,16.22,0.21
Sudan (the),2020,11.15,6.05,6.05,11.12,11.15,0.03,17.2,0.73
Sudan (the),2021,11.09,6.61,6.61,11.06,11.09,0.03,17.7,0.93
Sudan (the),2022,12.04,4.74,4.74,11.91,12.04,0.13,16.78,0.88
Sudan (the),2023,11.75,2.76,2.76,11.61,11.75,0.14,14.51,0.65
Sudan (the),2024,11.77,3,3,11.61,11.77,0.16,14.77,0.8
Suriname,2000,0.71,0.25,0.25,0.71,0.71,0,0.96,0
Suriname,2001,0.73,0.31,0.31,0.73,0.73,0,1.04,0
Suriname,2002,0.74,0.49,0.49,0.74,0.74,0,1.23,0
Suriname,2003,0.75,0.55,0.55,0.75,0.75,0,1.3,0
Suriname,2004,0.76,0.67,0.67,0.76,0.76,0,1.43,0
Suriname,2005,0.82,0.87,0.87,0.82,0.82,0,1.69,0
Suriname,2006,0.86,0.71,0.71,0.86,0.86,0,1.57,0
Suriname,2007,0.86,0.64,0.64,0.86,0.86,0,1.5,0
Suriname,2008,0.86,0.65,0.65,0.86,0.86,0,1.51,0
Suriname,2009,0.86,0.67,0.67,0.86,0.86,0,1.53,0
Suriname,2010,1.2,0.76,0.76,1.2,1.2,0,1.96,0
Suriname,2011,1.03,0.5,0.5,1.03,1.03,0,1.53,0
Suriname,2012,0.82,0.85,0.85,0.82,0.82,0,1.67,0
Suriname,2013,0.83,0.93,0.93,0.83,0.83,0,1.76,0
Suriname,2014,0.55,1.27,1.27,0.55,0.55,0,1.82,0
Suriname,2015,0.49,1.37,1.37,0.48,0.49,0.01,1.86,0
Suriname,2016,0.8,1.02,1.02,0.79,0.8,0.01,1.82,0
Suriname,2017,0.94,0.87,0.87,0.93,0.94,0.01,1.81,0
Suriname,2018,1.01,0.89,0.89,1,1.01,0.01,1.9,0
Suriname,2019,0.97,1.07,1.07,0.96,0.97,0.01,2.04,0
Suriname,2020,0.99,1.06,1.06,0.98,0.99,0.01,2.05,0
Suriname,2021,1.01,1.08,1.08,1,1.01,0.01,2.09,0
Suriname,2022,0.94,1.17,1.17,0.93,0.94,0.01,2.11,0
Suriname,2023,0.92,0.81,0.81,0.91,0.92,0.01,1.73,0
Suriname,2024,0.92,0.82,0.82,0.91,0.92,0.01,1.74,0
Sweden,2000,140.46,4.77,3.13,82.68,83.14,0.46,145.23,4.68
Sweden,2001,155.43,6.17,4.29,82.84,83.32,0.48,161.6,-7.29
Sweden,2002,139.26,7.44,5.07,70.54,71.15,0.61,146.7,5.36
Sweden,2003,126.15,9.24,6.39,58.05,58.73,0.68,135.39,12.83
Sweden,2004,145.67,5.89,4.88,67.32,68.18,0.86,151.56,-2.1
Sweden,2005,153.6,4.76,4.11,80.29,81.22,0.93,158.36,-7.39
Sweden,2006,138.04,5.24,4.36,70.08,71.06,0.98,143.28,6.04
Sweden,2007,144.4,4.42,3.77,76,77.43,1.43,148.82,1.32
Sweden,2008,145.3,4.6,4.09,79.41,81.41,2,149.9,-1.96
Sweden,2009,131.98,4.62,4.11,77.31,79.81,2.5,136.6,4.69
Sweden,2010,139.92,8.53,7.51,78.59,82.09,3.5,148.45,2.08
Sweden,2011,144.56,5.72,5.06,77.97,84.09,6.12,150.28,-7.23
Sweden,2012,162.35,4.09,3.61,91.12,98.31,7.19,166.44,-19.57
Sweden,2013,149.15,3.88,3.23,72.81,82.69,9.88,153.03,-10
Sweden,2014,150.63,2.93,2.56,74.46,85.75,11.29,153.56,-15.62
Sweden,2015,158.85,3.15,2.76,86.08,102.5,16.42,162,-22.6
Sweden,2016,152.23,3.66,3.4,73.51,89.13,15.62,155.89,-11.73
Sweden,2017,160.76,3.47,3.15,77.22,95.06,17.84,164.23,-18.99
Sweden,2018,159.7,3.66,3.32,74.12,91.15,17.03,163.36,-17.22
Sweden,2019,165.07,3.35,3.14,78.41,98.94,20.53,168.42,-26.16
Sweden,2020,161.34,2.44,2.44,83.57,112.14,28.57,163.78,-25
Sweden,2021,168.72,3.06,3.06,86.97,115.75,28.78,171.78,-25.57
Sweden,2022,170.17,2.88,2.88,83,118.23,35.23,173.05,-33.22
Sweden,2023,163.72,2.33,2.33,77.89,115.25,37.36,166.05,-28.49
Sweden,2024,170.07,2.08,2.08,74.79,119.4,44.61,172.15,-33.44
Sweden,2025,168.2,2.08,2.08,78.2,121.53,43.33,170.28,-33.58
Switzerland,2000,64.13,1.99,1.99,37.67,37.68,0.01,66.12,-7.07
Switzerland,2001,69.01,2.04,2.04,42.19,42.2,0.01,71.05,-10.44
Switzerland,2002,63.33,2.08,2.08,36.09,36.1,0.01,65.41,-4.51
Switzerland,2003,63.21,2.13,2.13,35.7,35.72,0.02,65.34,-3.11
Switzerland,2004,61.72,2.15,2.15,34.73,34.76,0.03,63.87,-0.7
Switzerland,2005,55.63,2.17,2.17,32.26,32.29,0.03,57.8,6.35
Switzerland,2006,59.95,2.18,2.18,32.1,32.13,0.03,62.13,2.7
Switzerland,2007,64.4,2.03,2.03,36.43,36.48,0.05,66.43,-2.06
Switzerland,2008,65.03,2.01,2.01,37.27,37.33,0.06,67.04,-1.13
Switzerland,2009,64.72,1.95,1.95,36.96,37.03,0.07,66.67,-2.16
Switzerland,2010,63.81,2.24,2.24,37.34,37.47,0.13,66.05,0.52
Switzerland,2011,60.73,2.15,2.15,33.78,34.02,0.24,62.88,2.59
Switzerland,2012,65.97,2.16,2.16,40.14,40.53,0.39,68.13,-2.2
Switzerland,2013,66.66,2.03,2.03,40.08,40.67,0.59,68.69,-2.4
Switzerland,2014,68.23,1.85,1.85,39.73,40.67,0.94,70.08,-5.49
Switzerland,2015,64.21,1.86,1.86,39.89,41.12,1.23,66.07,-1.03
Switzerland,2016,58.96,2.14,2.14,36.37,37.81,1.44,61.1,3.92
Switzerland,2017,58.14,2.01,2.01,35.95,37.76,1.81,60.15,5.55
Switzerland,2018,64.39,1.9,1.9,36.81,38.88,2.07,66.29,-1.59
Switzerland,2019,68.67,1.9,1.9,39.92,42.25,2.33,70.57,-6.26
Switzerland,2020,66.63,1.87,1.87,39.86,42.61,2.75,68.5,-5.56
Switzerland,2021,61.37,1.72,1.72,39.03,42.01,2.98,63.09,2.41
Switzerland,2022,60.14,1.58,1.58,31.98,35.99,4.01,61.72,3.14
Switzerland,2023,68.64,1.43,1.43,39.47,44.26,4.79,70.07,-6.39
Switzerland,2024,76.88,1.49,1.49,47.02,52.86,5.84,78.37,-14.4
Switzerland,2025,63.52,1.5,1.5,36.07,44.1,8.03,65.02,0.06
Syrian Arab Republic (the),2000,3.26,21.99,21.99,3.26,3.26,0,25.25,0
Syrian Arab Republic (the),2001,3.44,23.3,23.3,3.44,3.44,0,26.74,0
Syrian Arab Republic (the),2002,2.48,25.59,25.59,2.48,2.48,0,28.07,0
Syrian Arab Republic (the),2003,2.79,27.61,27.61,2.79,2.79,0,30.4,-0.25
Syrian Arab Republic (the),2004,4.21,27.96,27.96,4.21,4.21,0,32.17,-0.55
Syrian Arab Republic (the),2005,4.35,31.73,31.73,4.35,4.35,0,36.08,-0.67
Syrian Arab Republic (the),2006,3.97,33.51,33.51,3.97,3.97,0,37.48,-0.78
Syrian Arab Republic (the),2007,3.51,35.16,35.16,3.51,3.51,0,38.67,0.41
Syrian Arab Republic (the),2008,2.9,38.16,38.16,2.9,2.9,0,41.06,-0.04
Syrian Arab Republic (the),2009,1.9,41.44,41.44,1.9,1.9,0,43.34,-0.07
Syrian Arab Republic (the),2010,2.62,43.82,43.82,2.62,2.62,0,46.44,-0.35
Syrian Arab Republic (the),2011,3.03,38.81,38.81,3.03,3.03,0,41.84,-0.29
Syrian Arab Republic (the),2012,2.99,29.28,29.28,2.99,2.99,0,32.27,0
Syrian Arab Republic (the),2013,3.03,22.14,22.14,3.03,3.03,0,25.17,-0.53
Syrian Arab Republic (the),2014,2.37,18.88,18.88,2.37,2.37,0,21.25,-0.14
Syrian Arab Republic (the),2015,0.44,17.57,17.57,0.44,0.44,0,18.01,-0.26
Syrian Arab Republic (the),2016,0.96,17.21,17.21,0.96,0.96,0,18.17,-0.07
Syrian Arab Republic (the),2017,0.78,17.66,17.66,0.78,0.78,0,18.44,-0.54
Syrian Arab Republic (the),2018,0.78,21.54,21.54,0.78,0.78,0,22.32,-0.54
Syrian Arab Republic (the),2019,0.78,21.54,21.54,0.78,0.78,0,22.32,-0.35
Syrian Arab Republic (the),2020,0.8,20.23,20.23,0.78,0.8,0.02,21.03,-0.32
Syrian Arab Republic (the),2021,0.84,20.87,20.87,0.78,0.84,0.06,21.71,-0.35
Syrian Arab Republic (the),2022,0.88,19.2,19.2,0.78,0.88,0.1,20.08,-0.36
Syrian Arab Republic (the),2023,0.88,24.14,24.14,0.78,0.88,0.1,25.02,-0.64
Syrian Arab Republic (the),2024,0.88,24,24,0.78,0.88,0.1,24.88,-0.6
Taiwan,2000,44.11,140.73,50.52,5.61,5.61,0,184.84,0
Taiwan,2001,41.91,146.62,48.15,6.41,6.42,0.01,188.53,0
Taiwan,2002,43.95,154.89,48.81,4.38,4.4,0.02,198.84,0
Taiwan,2003,43.71,165.35,49.34,4.8,4.82,0.02,209.06,0
Taiwan,2004,44.58,173.83,55.19,5.06,5.09,0.03,218.41,0
Taiwan,2005,45.98,181.52,57.82,5.92,6.01,0.09,227.5,0
Taiwan,2006,46.09,189.45,61.73,5.94,6.22,0.28,235.54,0
Taiwan,2007,47.28,195.83,63.65,6.3,6.74,0.44,243.11,0
Taiwan,2008,47.55,190.76,65.26,6.13,6.72,0.59,238.31,0
Taiwan,2009,47.87,182.18,58.23,5.5,6.3,0.8,230.05,0
Taiwan,2010,48.7,198.35,73.08,6.02,7.07,1.05,247.05,0
Taiwan,2011,49.5,202.65,75.36,5.83,7.38,1.55,252.15,0
Taiwan,2012,49.49,200.88,75.62,7.5,9.07,1.57,250.37,0
Taiwan,2013,50.87,201.46,77.04,7.27,9.23,1.96,252.33,0
Taiwan,2014,50.66,209.31,82.98,6.24,8.27,2.03,259.97,0
Taiwan,2015,45.26,212.88,93.06,6.41,8.79,2.38,258.14,0
Taiwan,2016,42.7,221.42,97.4,8.47,11.04,2.57,264.12,0
Taiwan,2017,33.15,237.11,106.4,7.31,10.7,3.39,270.26,0
Taiwan,2018,38.54,236.99,102.81,6.45,10.86,4.41,275.53,0
Taiwan,2019,45.76,228.42,99.18,7.53,13.44,5.91,274.18,0
Taiwan,2020,44.84,235.15,106.54,5.02,13.4,8.38,279.99,0
Taiwan,2021,43.51,247.52,116.03,5.48,15.72,10.24,291.03,0
Taiwan,2022,45.84,242.35,118.84,7.83,22.09,14.26,288.19,0
Taiwan,2023,42.92,239.36,117.76,5.97,25.12,19.15,282.28,0
Taiwan,2024,43.69,244.87,129.25,6.28,31.51,25.23,288.56,0
Taiwan,2025,39.03,249.85,145.3,7.64,35.78,28.14,288.88,0
Tajikistan,2000,14.02,0.22,0.22,14.02,14.02,0,14.24,1.33
Tajikistan,2001,14.21,0.18,0.18,14.21,14.21,0,14.39,1.35
Tajikistan,2002,15.16,0.14,0.14,15.16,15.16,0,15.3,0.79
Tajikistan,2003,16.34,0.17,0.17,16.34,16.34,0,16.51,0.01
Tajikistan,2004,16.34,0.15,0.15,16.34,16.34,0,16.49,0.36
Tajikistan,2005,16.97,0.12,0.12,16.97,16.97,0,17.09,0.25
Tajikistan,2006,16.7,0.23,0.23,16.7,16.7,0,16.93,0.61
Tajikistan,2007,17.11,0.38,0.38,17.11,17.11,0,17.49,0.1
Tajikistan,2008,15.8,0.35,0.35,15.8,15.8,0,16.15,0.88
Tajikistan,2009,15.9,0.22,0.22,15.9,15.9,0,16.12,0.06
Tajikistan,2010,16.4,0.04,0.04,16.4,16.4,0,16.44,0.15
Tajikistan,2011,16.2,0.04,0.04,16.2,16.2,0,16.24,-0.03
Tajikistan,2012,16.9,0.07,0.07,16.9,16.9,0,16.97,-0.66
Tajikistan,2013,17.07,0.04,0,17.07,17.07,0,17.11,-0.94
Tajikistan,2014,16,0.16,0,16,16,0,16.16,-1.29
Tajikistan,2015,17,0.16,0,17,17,0,17.16,-1.34
Tajikistan,2016,16.63,0.61,0,16.63,16.63,0,17.24,-1.33
Tajikistan,2017,17.13,0.98,0,17.13,17.13,0,18.11,-1.31
Tajikistan,2018,18.39,1.35,0,18.39,18.39,0,19.74,-2.39
Tajikistan,2019,19.17,1.79,0.31,19.17,19.17,0,20.96,-2.89
Tajikistan,2020,18.11,1.99,0.33,18.11,18.11,0,20.1,-1.49
Tajikistan,2021,18.66,2.06,0.31,18.66,18.66,0,20.72,-2.42
Tajikistan,2022,19.92,1.57,0.29,19.92,19.92,0,21.49,-2.55
Tajikistan,2023,20,1.23,0.22,20,20,0,21.23,-2.52
Tajikistan,2024,21,1.2,0.2,21,21,0,22.2,-2.6
Tajikistan,2025,22.55,1.39,0.27,22.55,22.55,0,23.94,-5.2
"Tanzania, the United Republic of",2000,2.16,0.34,0.27,2.16,2.16,0,2.5,0.05
"Tanzania, the United Republic of",2001,2.68,0.15,0.06,2.68,2.68,0,2.83,0.05
"Tanzania, the United Republic of",2002,2.76,0.13,0.03,2.76,2.76,0,2.89,0.05
"Tanzania, the United Republic of",2003,2.6,0.11,0.04,2.6,2.6,0,2.71,0.05
"Tanzania, the United Republic of",2004,2.06,0.55,0.46,2.06,2.06,0,2.61,0.05
"Tanzania, the United Republic of",2005,1.83,1.83,1.79,1.83,1.83,0,3.66,0.05
"Tanzania, the United Republic of",2006,1.5,2.01,1.99,1.5,1.5,0,3.51,0.06
"Tanzania, the United Republic of",2007,2.58,1.66,1.62,2.58,2.58,0,4.24,0.06
"Tanzania, the United Republic of",2008,2.71,1.74,1.72,2.71,2.71,0,4.45,0.05
"Tanzania, the United Republic of",2009,2.7,2.1,2.1,2.7,2.7,0,4.8,0.06
"Tanzania, the United Republic of",2010,2.78,2.55,2.55,2.77,2.78,0.01,5.33,0.06
"Tanzania, the United Republic of",2011,2.07,3.1,3.1,2.06,2.07,0.01,5.17,0.05
"Tanzania, the United Republic of",2012,1.84,3.83,3.83,1.83,1.84,0.01,5.67,0.06
"Tanzania, the United Republic of",2013,1.8,4.19,4.19,1.79,1.8,0.01,5.99,0.06
"Tanzania, the United Republic of",2014,2.67,3.59,3.59,2.65,2.67,0.02,6.26,0.06
"Tanzania, the United Republic of",2015,2.19,4.34,4.34,2.17,2.19,0.02,6.53,0.07
"Tanzania, the United Republic of",2016,2.47,4.35,4.35,2.44,2.47,0.03,6.82,0.1
"Tanzania, the United Republic of",2017,2.46,4.61,4.61,2.42,2.46,0.04,7.07,0.11
"Tanzania, the United Republic of",2018,2.32,4.99,4.99,2.29,2.32,0.03,7.31,0.12
"Tanzania, the United Republic of",2019,2.58,5.19,5.19,2.55,2.58,0.03,7.77,0.11
"Tanzania, the United Republic of",2020,3.24,4.59,4.59,3.21,3.24,0.03,7.83,0.11
"Tanzania, the United Republic of",2021,3.19,5.46,5.46,3.16,3.19,0.03,8.65,0.14
"Tanzania, the United Republic of",2022,2.92,6.7,6.7,2.89,2.92,0.03,9.62,0.15
"Tanzania, the United Republic of",2023,2.8,7.77,7.77,2.77,2.8,0.03,10.57,0.19
"Tanzania, the United Republic of",2024,2.91,5.93,5.93,2.87,2.91,0.04,8.84,0.19
Thailand,2000,6.42,89.1,70.9,6.42,6.42,0,95.52,2.82
Thailand,2001,6.79,94.2,73.9,6.79,6.79,0,100.99,2.71
Thailand,2002,8.12,100.32,81.03,8.12,8.12,0,108.44,2.62
Thailand,2003,8.44,107.5,88.2,8.44,8.44,0,115.94,2.27
Thailand,2004,7.74,116.39,95.99,7.74,7.74,0,124.13,3.12
Thailand,2005,7.53,122.9,102.29,7.53,7.53,0,130.43,3.87
Thailand,2006,9.98,126.8,102.33,9.94,9.98,0.04,136.78,4.57
Thailand,2007,10.42,132.11,101.23,10.38,10.42,0.04,142.53,3.74
Thailand,2008,9.13,136.31,105.47,9.09,9.13,0.04,145.44,1.82
Thailand,2009,9.26,136.64,106.83,9.22,9.26,0.04,145.9,1.15
Thailand,2010,8.77,148.8,119.04,8.71,8.77,0.06,157.57,5.94
Thailand,2011,12,141.3,109.59,11.91,12,0.09,153.3,9.44
Thailand,2012,13.65,155.31,120.73,13.13,13.65,0.52,168.96,8.62
Thailand,2013,12.65,155.99,120.64,11.04,12.65,1.61,168.64,11.29
Thailand,2014,14.21,159.55,121.98,11.88,14.21,2.33,173.76,10.19
Thailand,2015,13.81,164.02,129.44,11.1,13.81,2.71,177.83,12.15
Thailand,2016,16.07,163.75,126.64,12.14,16.07,3.93,179.82,18.39
Thailand,2017,19.63,157.1,121.37,13.98,19.63,5.65,176.73,23.32
Thailand,2018,25.52,152.24,116.44,19.34,25.52,6.18,177.76,25.58
Thailand,2019,27.72,158.79,122.96,18.9,27.72,8.82,186.51,22.66
Thailand,2020,25.08,151.4,114.58,16.83,25.08,8.25,176.48,26.93
Thailand,2021,26.47,149.89,113.83,17.95,26.47,8.52,176.36,31.39
Thailand,2022,28.48,151.89,116.37,20.46,28.48,8.02,180.37,33.41
Thailand,2023,29.76,160.72,130.29,20.88,29.76,8.88,190.48,30.55
Thailand,2024,29.61,169.91,136.65,20.8,29.61,8.81,199.52,32.41
Thailand,2025,31.2,157.04,123.48,17.81,31.2,13.39,188.24,36.86
Timor-Leste,2003,0,0.06,0.06,0,0,0,0.06,0
Timor-Leste,2004,0,0.07,0.07,0,0,0,0.07,0
Timor-Leste,2005,0,0.07,0.07,0,0,0,0.07,0
Timor-Leste,2006,0,0.07,0.07,0,0,0,0.07,0
Timor-Leste,2007,0,0.09,0.09,0,0,0,0.09,0
Timor-Leste,2008,0,0.11,0.11,0,0,0,0.11,0
Timor-Leste,2009,0,0.13,0.13,0,0,0,0.13,0
Timor-Leste,2010,0,0.14,0.14,0,0,0,0.14,0
Timor-Leste,2011,0,0.14,0.14,0,0,0,0.14,0
Timor-Leste,2012,0,0.13,0.13,0,0,0,0.13,0
Timor-Leste,2013,0,0.29,0.29,0,0,0,0.29,0
Timor-Leste,2014,0,0.35,0.35,0,0,0,0.35,0
Timor-Leste,2015,0,0.35,0.35,0,0,0,0.35,0
Timor-Leste,2016,0,0.41,0.41,0,0,0,0.41,0
Timor-Leste,2017,0,0.43,0.43,0,0,0,0.43,0
Timor-Leste,2018,0,0.45,0.45,0,0,0,0.45,0
Timor-Leste,2019,0,0.52,0.52,0,0,0,0.52,0
Timor-Leste,2020,0,0.5,0.5,0,0,0,0.5,0
Timor-Leste,2021,0,0.51,0.51,0,0,0,0.51,0
Timor-Leste,2022,0,0.51,0.51,0,0,0,0.51,0
Timor-Leste,2023,0,0.51,0.51,0,0,0,0.51,0
Timor-Leste,2024,0,0.51,0.51,0,0,0,0.51,0
Togo,2000,0.1,0.08,0.08,0.1,0.1,0,0.18,0.38
Togo,2001,0.05,0.08,0.08,0.05,0.05,0,0.13,0.42
Togo,2002,0.09,0.07,0.07,0.09,0.09,0,0.16,0.43
Togo,2003,0.12,0.06,0.06,0.12,0.12,0,0.18,0.46
Togo,2004,0.08,0.11,0.11,0.08,0.08,0,0.19,0.49
Togo,2005,0.07,0.12,0.12,0.07,0.07,0,0.19,0.51
Togo,2006,0.09,0.13,0.13,0.09,0.09,0,0.22,0.5
Togo,2007,0.1,0.09,0.09,0.1,0.1,0,0.19,0.51
Togo,2008,0.09,0.04,0.04,0.09,0.09,0,0.13,0.67
Togo,2009,0.11,0.04,0.04,0.11,0.11,0,0.15,0.73
Togo,2010,0.09,0.13,0.13,0.09,0.09,0,0.22,0.71
Togo,2011,0.1,0.11,0.11,0.1,0.1,0,0.21,0.85
Togo,2012,0.09,0.23,0.23,0.09,0.09,0,0.32,0.96
Togo,2013,0.04,0.28,0.28,0.04,0.04,0,0.32,0.66
Togo,2014,0.12,0.23,0.23,0.12,0.12,0,0.35,1.47
Togo,2015,0.06,0.38,0.38,0.06,0.06,0,0.44,0.57
Togo,2016,0.2,0.74,0.74,0.2,0.2,0,0.94,0.75
Togo,2017,0.21,0.6,0.6,0.21,0.21,0,0.81,0.74
Togo,2018,0.21,0.39,0.39,0.2,0.21,0.01,0.6,0.88
Togo,2019,0.13,0.48,0.48,0.12,0.13,0.01,0.61,0.84
Togo,2020,0.09,0.52,0.52,0.08,0.09,0.01,0.61,0.81
Togo,2021,0.16,0.55,0.55,0.09,0.16,0.07,0.71,0.8
Togo,2022,0.18,0.72,0.72,0.08,0.18,0.1,0.9,1.13
Togo,2023,0.19,0.52,0.52,0.08,0.19,0.11,0.71,1.54
Togo,2024,0.21,0.5,0.5,0.08,0.21,0.13,0.71,1.5
Tonga,2000,0,0.04,0.04,0,0,0,0.04,0
Tonga,2001,0,0.04,0.04,0,0,0,0.04,0
Tonga,2002,0,0.04,0.04,0,0,0,0.04,0
Tonga,2003,0,0.04,0.04,0,0,0,0.04,0
Tonga,2004,0,0.05,0.05,0,0,0,0.05,0
Tonga,2005,0,0.05,0.05,0,0,0,0.05,0
Tonga,2006,0,0.05,0.05,0,0,0,0.05,0
Tonga,2007,0,0.05,0.05,0,0,0,0.05,0
Tonga,2008,0,0.05,0.05,0,0,0,0.05,0
Tonga,2009,0,0.05,0.05,0,0,0,0.05,0
Tonga,2010,0,0.05,0.05,0,0,0,0.05,0
Tonga,2011,0,0.05,0.05,0,0,0,0.05,0
Tonga,2012,0,0.05,0.05,0,0,0,0.05,0
Tonga,2013,0,0.05,0.05,0,0,0,0.05,0
Tonga,2014,0,0.05,0.05,0,0,0,0.05,0
Tonga,2015,0,0.05,0.05,0,0,0,0.05,0
Tonga,2016,0,0.06,0.06,0,0,0,0.06,0
Tonga,2017,0.01,0.06,0.06,0,0.01,0.01,0.07,0
Tonga,2018,0.01,0.06,0.06,0,0.01,0.01,0.07,0
Tonga,2019,0.01,0.06,0.06,0,0.01,0.01,0.07,0
Tonga,2020,0.01,0.06,0.06,0,0.01,0.01,0.07,0
Tonga,2021,0.01,0.06,0.06,0,0.01,0.01,0.07,0
Tonga,2022,0.01,0.07,0.07,0,0.01,0.01,0.08,0
Tonga,2023,0.01,0.06,0.06,0,0.01,0.01,0.07,0
Tonga,2024,0.01,0.06,0.06,0,0.01,0.01,0.07,0
Trinidad and Tobago,2000,0.02,5.44,5.44,0.02,0.02,0,5.46,0
Trinidad and Tobago,2001,0.03,5.61,5.61,0.03,0.03,0,5.64,0
Trinidad and Tobago,2002,0.03,5.61,5.61,0.03,0.03,0,5.64,0
Trinidad and Tobago,2003,0.01,6.43,6.43,0.01,0.01,0,6.44,0
Trinidad and Tobago,2004,0.02,6.41,6.41,0.02,0.02,0,6.43,0
Trinidad and Tobago,2005,0.02,7.03,7.03,0.02,0.02,0,7.05,0
Trinidad and Tobago,2006,0.03,7.14,7.14,0.03,0.03,0,7.17,0
Trinidad and Tobago,2007,0.02,7.66,7.66,0.02,0.02,0,7.68,0
Trinidad and Tobago,2008,0.02,7.71,7.71,0.02,0.02,0,7.73,0
Trinidad and Tobago,2009,0.02,7.82,7.82,0.02,0.02,0,7.84,0
Trinidad and Tobago,2010,0,8.48,8.48,0,0,0,8.48,0
Trinidad and Tobago,2011,0,8.76,8.76,0,0,0,8.76,0
Trinidad and Tobago,2012,0,9.12,9.12,0,0,0,9.12,0
Trinidad and Tobago,2013,0,9.5,9.5,0,0,0,9.5,0
Trinidad and Tobago,2014,0,9.41,9.41,0,0,0,9.41,0
Trinidad and Tobago,2015,0.01,9.56,9.56,0,0.01,0.01,9.57,0
Trinidad and Tobago,2016,0.01,9.41,9.41,0,0.01,0.01,9.42,0
Trinidad and Tobago,2017,0.01,9.31,9.31,0,0.01,0.01,9.32,0
Trinidad and Tobago,2018,0.01,9.22,9.22,0,0.01,0.01,9.23,0
Trinidad and Tobago,2019,0.01,9.19,9.19,0,0.01,0.01,9.2,0
Trinidad and Tobago,2020,0.01,9.22,9.22,0,0.01,0.01,9.23,0
Trinidad and Tobago,2021,0.01,9.26,9.26,0,0.01,0.01,9.27,0
Trinidad and Tobago,2022,0.01,9.49,9.49,0,0.01,0.01,9.5,0
Trinidad and Tobago,2023,0.01,9.51,9.51,0,0.01,0.01,9.52,0
Trinidad and Tobago,2024,0.01,9.54,9.54,0,0.01,0.01,9.55,0
Tunisia,2000,0.08,10.51,10.51,0.06,0.08,0.02,10.59,0
Tunisia,2001,0.07,11.31,11.31,0.05,0.07,0.02,11.38,0.01
Tunisia,2002,0.09,11.75,11.75,0.06,0.09,0.03,11.84,-0.06
Tunisia,2003,0.19,11.09,11.09,0.16,0.19,0.03,11.28,-0.02
Tunisia,2004,0.19,11.74,11.74,0.15,0.19,0.04,11.93,-0.03
Tunisia,2005,0.18,12.48,12.48,0.14,0.18,0.04,12.66,0
Tunisia,2006,0.13,12.94,12.94,0.09,0.13,0.04,13.07,0.01
Tunisia,2007,0.09,13.65,13.65,0.05,0.09,0.04,13.74,-0.01
Tunisia,2008,0.07,14.3,14.3,0.03,0.07,0.04,14.37,-0.01
Tunisia,2009,0.18,15.08,15.08,0.08,0.18,0.1,15.26,0.04
Tunisia,2010,0.19,15.7,15.7,0.05,0.19,0.14,15.89,0.02
Tunisia,2011,0.16,16.14,16.14,0.05,0.16,0.11,16.3,-0.03
Tunisia,2012,0.31,17.53,17.53,0.11,0.31,0.2,17.84,-0.04
Tunisia,2013,0.43,17.71,17.71,0.06,0.43,0.37,18.14,-0.06
Tunisia,2014,0.59,18.38,18.38,0.05,0.59,0.54,18.97,-0.09
Tunisia,2015,0.58,18.9,18.9,0.07,0.58,0.51,19.48,-0.1
Tunisia,2016,0.63,19,19,0.05,0.63,0.58,19.63,-0.12
Tunisia,2017,0.6,19.98,19.98,0.02,0.6,0.58,20.58,-0.03
Tunisia,2018,0.55,20.37,20.37,0.02,0.55,0.53,20.92,-0.1
Tunisia,2019,0.69,21.33,21.33,0.07,0.69,0.62,22.02,-0.16
Tunisia,2020,0.67,20.71,20.71,0.05,0.67,0.62,21.38,-0.6
Tunisia,2021,0.68,21.22,21.22,0.03,0.68,0.65,21.9,1.03
Tunisia,2022,0.65,20.76,20.76,0.01,0.65,0.64,21.41,2.57
Tunisia,2023,0.84,20.44,20.44,0.01,0.84,0.83,21.28,2.5
Tunisia,2024,0.94,20.43,20.43,0.01,0.94,0.93,21.37,2.59
Tunisia,2025,0.9,21.41,21.41,0.01,0.9,0.89,22.31,2.59
Turkey,2000,31.16,93.22,55.03,31.13,31.16,0.03,124.38,3.35
Turkey,2001,24.34,97.9,59.48,24.28,24.34,0.06,122.24,4.15
Turkey,2002,33.96,94.5,62.35,33.91,33.96,0.05,128.46,3.15
Turkey,2003,35.56,103.98,71.73,35.5,35.56,0.06,139.54,0.57
Turkey,2004,46.31,103.44,68.99,46.25,46.31,0.06,149.75,-0.68
Turkey,2005,39.74,121.89,78.69,39.68,39.74,0.06,161.63,-1.16
Turkey,2006,44.52,131.73,85.08,44.39,44.52,0.13,176.25,-1.66
Turkey,2007,36.46,155.06,101.63,36.1,36.46,0.36,191.52,-1.56
Turkey,2008,34.42,163.95,106.23,33.57,34.42,0.85,198.37,-0.33
Turkey,2009,38.15,156.66,100.97,36.65,38.15,1.5,194.81,-0.73
Turkey,2010,55.72,155.46,100.41,52.8,55.72,2.92,211.18,-0.77
Turkey,2011,58.09,171.3,105.08,53.37,58.09,4.72,229.39,0.91
Turkey,2012,65.21,174.28,106.27,59.35,65.21,5.86,239.49,2.87
Turkey,2013,69.22,170.93,107.15,61.66,69.22,7.56,240.15,6.2
Turkey,2014,52.62,199.33,123.07,44.08,52.62,8.54,251.95,5.26
Turkey,2015,83.65,178.12,101.96,71.81,83.65,11.84,261.77,3.94
Turkey,2016,90.24,184.16,91.89,73.68,90.24,16.56,274.4,4.88
Turkey,2017,87.24,210.05,112.57,66.45,87.24,20.79,297.29,-0.58
Turkey,2018,96.82,203.33,91.53,69.16,96.82,27.66,300.15,-0.63
Turkey,2019,131.47,168.71,55.85,100.27,131.47,31.2,300.18,-0.58
Turkey,2020,127.33,174.67,68.41,91.52,127.33,35.81,302,-0.59
Turkey,2021,116.07,211.81,107.69,71.77,116.07,44.3,327.88,-1.85
Turkey,2022,134.35,186.21,72.59,84.5,134.35,49.85,320.56,2.73
Turkey,2023,134.34,185.45,67.42,82.06,134.34,52.28,319.79,4.02
Turkey,2024,155.65,185.58,64.26,93.45,155.65,62.2,341.23,-0.99
Turkey,2025,153.07,200.79,79.39,76.4,153.07,76.67,353.86,-2.09
Turkmenistan,2000,0,9.85,9.85,0,0,0,9.85,-0.8
Turkmenistan,2001,0,10.61,10.61,0,0,0,10.61,-0.98
Turkmenistan,2002,0,10.7,10.7,0,0,0,10.7,-1.06
Turkmenistan,2003,0,10.8,10.8,0,0,0,10.8,-1.07
Turkmenistan,2004,0,11.92,11.92,0,0,0,11.92,-1.17
Turkmenistan,2005,0,12.82,12.82,0,0,0,12.82,-1.26
Turkmenistan,2006,0,13.65,13.65,0,0,0,13.65,-1.34
Turkmenistan,2007,0,14.88,14.88,0,0,0,14.88,-1.46
Turkmenistan,2008,0,15.04,15.04,0,0,0,15.04,-1.48
Turkmenistan,2009,0,15.98,15.98,0,0,0,15.98,-1.57
Turkmenistan,2010,0,16.66,16.66,0,0,0,16.66,-2.41
Turkmenistan,2011,0,17.22,17.22,0,0,0,17.22,-2.55
Turkmenistan,2012,0,17.75,17.75,0,0,0,17.75,-2.72
Turkmenistan,2013,0,18.87,18.87,0,0,0,18.87,-2.85
Turkmenistan,2014,0,20.4,20.4,0,0,0,20.4,-3.21
Turkmenistan,2015,0,22.53,22.53,0,0,0,22.53,-3.2
Turkmenistan,2016,0,22.53,22.53,0,0,0,22.53,-3.2
Turkmenistan,2017,0,23.89,23.89,0,0,0,23.89,-3.2
Turkmenistan,2018,0,25.36,25.36,0,0,0,25.36,-3.2
Turkmenistan,2019,0,22.5,22.5,0,0,0,22.5,-3.2
Turkmenistan,2020,0,25.76,25.76,0,0,0,25.76,-3.2
Turkmenistan,2021,0.01,28.39,28.39,0.01,0.01,0,28.4,-3.2
Turkmenistan,2022,0.01,32.59,32.59,0.01,0.01,0,32.6,-9
Turkmenistan,2023,0.01,32.59,32.59,0.01,0.01,0,32.6,-9
Turkmenistan,2024,0.01,33,33,0.01,0.01,0,33.01,-9
Turks and Caicos Islands (the),2000,0,0.08,0.08,0,0,0,0.08,0
Turks and Caicos Islands (the),2001,0,0.08,0.08,0,0,0,0.08,0
Turks and Caicos Islands (the),2002,0,0.1,0.1,0,0,0,0.1,0
Turks and Caicos Islands (the),2003,0,0.11,0.11,0,0,0,0.11,0
Turks and Caicos Islands (the),2004,0,0.12,0.12,0,0,0,0.12,0
Turks and Caicos Islands (the),2005,0,0.13,0.13,0,0,0,0.13,0
Turks and Caicos Islands (the),2006,0,0.16,0.16,0,0,0,0.16,0
Turks and Caicos Islands (the),2007,0,0.18,0.18,0,0,0,0.18,0
Turks and Caicos Islands (the),2008,0,0.19,0.19,0,0,0,0.19,0
Turks and Caicos Islands (the),2009,0,0.2,0.2,0,0,0,0.2,0
Turks and Caicos Islands (the),2010,0,0.21,0.21,0,0,0,0.21,0
Turks and Caicos Islands (the),2011,0,0.21,0.21,0,0,0,0.21,0
Turks and Caicos Islands (the),2012,0,0.21,0.21,0,0,0,0.21,0
Turks and Caicos Islands (the),2013,0,0.21,0.21,0,0,0,0.21,0
Turks and Caicos Islands (the),2014,0,0.23,0.23,0,0,0,0.23,0
Turks and Caicos Islands (the),2015,0,0.23,0.23,0,0,0,0.23,0
Turks and Caicos Islands (the),2016,0,0.25,0.25,0,0,0,0.25,0
Turks and Caicos Islands (the),2017,0,0.29,0.29,0,0,0,0.29,0
Turks and Caicos Islands (the),2018,0,0.26,0.26,0,0,0,0.26,0
Turks and Caicos Islands (the),2019,0,0.26,0.26,0,0,0,0.26,0
Turks and Caicos Islands (the),2020,0,0.25,0.25,0,0,0,0.25,0
Turks and Caicos Islands (the),2021,0,0.26,0.26,0,0,0,0.26,0
Turks and Caicos Islands (the),2022,0,0.26,0.26,0,0,0,0.26,0
Turks and Caicos Islands (the),2023,0,0.26,0.26,0,0,0,0.26,0
Turks and Caicos Islands (the),2024,0.01,0.26,0.26,0,0.01,0.01,0.27,0
Uganda,2000,1.58,0.01,0.01,1.58,1.58,0,1.59,-0.16
Uganda,2001,1.58,0.01,0.01,1.58,1.58,0,1.59,-0.16
Uganda,2002,1.71,0.01,0.01,1.71,1.71,0,1.72,-0.26
Uganda,2003,1.79,0.01,0.01,1.79,1.79,0,1.8,-0.21
Uganda,2004,1.94,0,0,1.94,1.94,0,1.94,-0.19
Uganda,2005,1.89,0.07,0.07,1.89,1.89,0,1.96,-0.06
Uganda,2006,1.22,0.38,0.38,1.21,1.22,0.01,1.6,0
Uganda,2007,1.46,0.54,0.54,1.45,1.46,0.01,2,-0.01
Uganda,2008,1.73,0.6,0.6,1.71,1.73,0.02,2.33,-0.02
Uganda,2009,1.54,0.88,0.88,1.52,1.54,0.02,2.42,-0.05
Uganda,2010,1.63,1.11,1.11,1.61,1.63,0.02,2.74,-0.04
Uganda,2011,1.63,1.03,1.03,1.61,1.63,0.02,2.66,-0.05
Uganda,2012,2.61,0.29,0.29,2.58,2.61,0.03,2.9,-0.06
Uganda,2013,3.07,0,0,3.04,3.07,0.03,3.07,-0.06
Uganda,2014,3.14,0.09,0.09,3.11,3.14,0.03,3.23,-0.13
Uganda,2015,3.47,0.08,0.08,3.44,3.47,0.03,3.55,-0.07
Uganda,2016,3.7,0.07,0.07,3.66,3.7,0.04,3.77,-0.12
Uganda,2017,3.71,0.07,0.07,3.65,3.71,0.06,3.78,-0.29
Uganda,2018,3.99,0.31,0.31,3.92,3.99,0.07,4.3,-0.2
Uganda,2019,4.44,0.14,0.14,4.31,4.44,0.13,4.58,-0.28
Uganda,2020,4.48,0.12,0.12,4.34,4.48,0.14,4.6,-0.2
Uganda,2021,5.14,0.13,0.13,5.01,5.14,0.13,5.27,-0.37
Uganda,2022,5.6,0.15,0.15,5.45,5.6,0.15,5.75,-0.41
Uganda,2023,5.6,0.17,0.17,5.45,5.6,0.15,5.77,-0.44
Uganda,2024,5.64,0.17,0.17,5.47,5.64,0.17,5.81,-0.44
Ukraine,2000,88.62,83.22,31.31,11.27,11.28,0.01,171.84,-3.85
Ukraine,2001,88.22,85.08,31.59,12.03,12.05,0.02,173.3,-3.06
Ukraine,2002,87.64,86.39,31.46,9.63,9.65,0.02,174.03,-3.12
Ukraine,2003,90.68,89.9,35.04,9.24,9.27,0.03,180.58,-4.94
Ukraine,2004,98.8,83.64,38.22,11.75,11.78,0.03,182.44,-5.33
Ukraine,2005,101.16,85.23,34.89,12.36,12.4,0.04,186.39,-8.35
Ukraine,2006,103.15,90.46,25.29,12.89,12.93,0.04,193.61,-10.44
Ukraine,2007,103.01,93.24,23.2,10.42,10.47,0.05,196.25,-9.17
Ukraine,2008,101.66,90.92,20.29,11.77,11.82,0.05,192.58,-6.73
Ukraine,2009,95.04,78.57,13.38,12.08,12.12,0.04,173.61,-4.27
Ukraine,2010,102.54,86.28,16.52,13.34,13.39,0.05,188.82,-4.06
Ukraine,2011,101.44,93.51,19.01,11.07,11.19,0.12,194.95,-6.29
Ukraine,2012,101.37,97.51,17.09,10.61,11.23,0.62,198.88,-11.47
Ukraine,2013,98.32,96.05,15.04,13.9,15.11,1.21,194.37,-9.89
Ukraine,2014,98.56,84.26,13.77,8.61,10.17,1.56,182.82,-8.43
Ukraine,2015,94.73,68.95,12.42,5.54,7.1,1.56,163.68,-1.35
Ukraine,2016,90.21,74.37,13.08,7.82,9.26,1.44,164.58,-3.75
Ukraine,2017,96.44,59.6,10.27,9.16,10.86,1.7,156.04,-5.18
Ukraine,2018,97.43,62.43,13.37,10.73,13.03,2.3,159.86,-6.07
Ukraine,2019,94.87,59.27,13.74,6.92,11.87,4.95,154.14,-4.04
Ukraine,2020,93.15,54.64,14.44,8.32,16.95,8.63,147.79,-2.42
Ukraine,2021,107.88,48.56,11.07,11.35,21.67,10.32,156.44,-2.04
Ukraine,2022,80.48,31.03,7.71,11.8,18.3,6.5,111.51,0.1
United Arab Emirates,2000,0,39.94,39.94,0,0,0,39.94,0
United Arab Emirates,2001,0,43.17,43.17,0,0,0,43.17,0
United Arab Emirates,2002,0,46.85,46.85,0,0,0,46.85,0
United Arab Emirates,2003,0,49.45,49.45,0,0,0,49.45,0
United Arab Emirates,2004,0,52.41,52.41,0,0,0,52.41,0
United Arab Emirates,2005,0,60.7,60.7,0,0,0,60.7,0
United Arab Emirates,2006,0,62.44,62.44,0,0,0,62.44,0
United Arab Emirates,2007,0,78.76,78.76,0,0,0,78.76,0
United Arab Emirates,2008,0,80.46,80.46,0,0,0,80.46,0
United Arab Emirates,2009,0.01,85.69,85.69,0,0.01,0.01,85.7,0
United Arab Emirates,2010,0.02,93.93,93.93,0,0.02,0.02,93.95,0
United Arab Emirates,2011,0.02,99.11,99.11,0,0.02,0.02,99.13,-0.02
United Arab Emirates,2012,0.02,106.19,106.19,0,0.02,0.02,106.21,-0.03
United Arab Emirates,2013,0.09,109.9,109.9,0,0.09,0.09,109.99,-0.02
United Arab Emirates,2014,0.31,116.23,116.23,0,0.31,0.31,116.54,-0.03
United Arab Emirates,2015,0.3,127.08,127.08,0,0.3,0.3,127.38,-0.01
United Arab Emirates,2016,0.32,129.29,129.29,0,0.32,0.32,129.61,0.63
United Arab Emirates,2017,0.75,133.82,133.82,0,0.75,0.75,134.57,-0.1
United Arab Emirates,2018,1.2,134.81,134.81,0,1.2,1.2,136.01,-0.03
United Arab Emirates,2019,3.66,134.79,134.79,0,3.66,3.66,138.45,-0.01
United Arab Emirates,2020,6.81,130.5,129.77,0,5.18,5.18,137.31,-0.03
United Arab Emirates,2021,16.8,132.25,129.24,0,6.25,6.25,149.05,0.21
United Arab Emirates,2022,27.85,127.57,127.57,0.01,7.75,7.74,155.42,-0.11
United Arab Emirates,2023,49.11,118.42,118.42,0.21,14.67,14.46,167.53,-0.1
United Arab Emirates,2024,56.25,121.01,121.01,0.21,15.62,15.41,177.26,-0.24
United Kingdom,2000,94.97,282.09,162.14,8.97,9.91,0.94,377.06,14.17
United Kingdom,2001,99.63,285.14,153.68,8.58,9.54,0.96,384.77,10.4
United Kingdom,2002,98.97,288.27,163.99,9.87,11.12,1.25,387.24,8.41
United Kingdom,2003,99.38,298.83,160.37,9.4,10.69,1.29,398.21,2.16
United Kingdom,2004,94.14,299.78,167.99,12.2,14.14,1.94,393.92,7.49
United Kingdom,2005,98.55,299.8,165.16,14.02,16.93,2.91,398.35,8.32
United Kingdom,2006,93.55,303.72,154.87,13.87,18.1,4.23,397.27,7.52
United Kingdom,2007,82.71,314.1,178.16,14.4,19.68,5.28,396.81,5.21
United Kingdom,2008,74.43,314.53,190.15,14.79,21.94,7.15,388.96,11.02
United Kingdom,2009,94.34,282.42,179.38,15.94,25.24,9.3,376.76,2.86
United Kingdom,2010,88.32,293.74,186.15,15.85,26.18,10.33,382.06,2.66
United Kingdom,2011,104.18,263.79,155.35,19,35.2,16.2,367.97,6.22
United Kingdom,2012,111.65,252.22,109.43,20.05,41.24,21.19,363.87,11.86
United Kingdom,2013,123.82,234.46,104.2,22.8,53.21,30.41,358.28,14.43
United Kingdom,2014,128.26,209.82,109.58,28.51,64.51,36,338.08,20.52
United Kingdom,2015,153.7,185.17,109.29,35.56,83.36,47.8,338.87,21.11
United Kingdom,2016,154.74,184.44,153.77,35.44,83.01,47.57,339.18,17.75
United Kingdom,2017,169.23,168.99,146.46,37.78,98.89,61.11,338.22,14.76
United Kingdom,2018,175.2,158.56,141.73,40.56,110.14,69.58,333.76,19.11
United Kingdom,2019,175.92,151.27,144.35,43.48,119.74,76.26,327.19,21.17
United Kingdom,2020,183.87,126.43,120.73,45.46,133.63,88.17,310.3,18.25
United Kingdom,2021,168.59,139.31,132.52,45.43,122.49,77.06,307.9,24.74
United Kingdom,2022,182.46,142.12,136.18,41.51,135.06,93.55,324.58,-4.3
United Kingdom,2023,176.27,116.26,112.48,39.64,135.67,96.03,292.53,23.3
United Kingdom,2024,184.51,99.65,97.75,45.85,143.92,98.07,284.16,33.19
United Kingdom,2025,188.3,104.01,103.68,46.76,151.92,105.16,292.31,29.07
United States of America,2000,1104.82,2697.28,731.01,344.85,350.93,6.08,3802.1,33.76
United States of America,2001,1048.89,2678.68,774.72,272.78,280.06,7.28,3727.57,22.03
United States of America,2002,1116.4,2727.83,794.7,325.44,336.34,10.9,3844.23,20.98
United States of America,2003,1112.91,2756.03,782.29,337.46,349.18,11.72,3868.94,6.42
United States of America,2004,1133.67,2818.28,839.98,330.42,345.14,14.72,3951.95,11.31
United States of America,2005,1135.03,2899.96,887.09,334.68,353.04,18.36,4034.99,24.78
United States of America,2006,1168.38,2878.56,888.05,354.06,381.16,27.1,4046.94,18.42
United States of America,2007,1154.33,2988.24,971.78,312.85,347.91,35.06,4142.57,31.25
United States of America,2008,1183.32,2924.21,938.41,320.89,377.11,56.22,4107.53,32.82
United States of America,2009,1214.41,2725.41,969.51,340.78,415.56,74.78,3939.82,34.05
United States of America,2010,1231.45,2882.49,1035.2,328.62,424.48,95.86,4113.94,25.98
United States of America,2011,1299.94,2788.93,1055.5,387.74,509.74,122,4088.87,37.25
United States of America,2012,1261.65,2779.02,1264.98,347.17,492.32,145.15,4040.67,47.26
United States of America,2013,1309.4,2746.21,1165.1,343.5,520.38,176.88,4055.61,57.88
United States of America,2014,1344,2752.01,1170.3,336.26,546.83,210.57,4096.01,53.21
United States of America,2015,1353.67,2730.32,1377.92,326.74,556.49,229.75,4083.99,66.67
United States of America,2016,1430.6,2656.96,1417.81,343.05,624.91,281.86,4087.56,66.5
United States of America,2017,1512.14,2540.17,1334.33,375.61,707.19,331.58,4052.31,56.31
United States of America,2018,1540.25,2661.3,1511.81,367.14,733.17,366.03,4201.55,44.46
United States of America,2019,1570.17,2588.21,1623.25,357.99,760.76,402.77,4158.38,39.04
United States of America,2020,1611.28,2431.9,1658.51,352.74,821.4,468.66,4043.18,47.31
United States of America,2021,1641.23,2512.39,1614.39,318.96,861.58,542.62,4153.62,39.31
United States of America,2022,1729.68,2557.21,1725.7,318.77,958.14,639.37,4286.89,41.21
United States of America,2023,1739.61,2514.3,1839.19,304.66,964.74,660.08,4253.91,18.9
United States of America,2024,1838.49,2552.53,1900.37,300.98,1056.63,755.65,4391.02,13.81
United States of America,2025,1943.58,2576.21,1839.06,305.59,1158.8,853.21,4519.79,16.02
Uruguay,2000,7.09,0.5,0.5,7.09,7.09,0,7.59,0.39
Uruguay,2001,9.23,0.02,0.02,9.23,9.23,0,9.25,-1.25
Uruguay,2002,9.57,0.03,0.03,9.57,9.57,0,9.6,-1.73
Uruguay,2003,8.57,0.01,0.01,8.57,8.57,0,8.58,-0.7
Uruguay,2004,4.82,1.08,1.08,4.82,4.82,0,5.9,2.33
Uruguay,2005,6.72,0.96,0.96,6.72,6.72,0,7.68,0.74
Uruguay,2006,3.6,1.97,1.97,3.6,3.6,0,5.57,2.87
Uruguay,2007,8.16,1.22,1.22,8.16,8.16,0,9.38,-0.19
Uruguay,2008,5.37,3.4,3.4,5.37,5.37,0,8.77,0.93
Uruguay,2009,5.91,2.76,2.76,5.87,5.91,0.04,8.67,1.23
Uruguay,2010,9.58,1.16,1.16,9.51,9.58,0.07,10.74,-0.32
Uruguay,2011,7.72,2.62,2.62,7.61,7.72,0.11,10.34,0.46
Uruguay,2012,6.85,3.75,3.75,6.74,6.85,0.11,10.6,0.55
Uruguay,2013,9.81,1.85,1.85,9.67,9.81,0.14,11.66,-0.21
Uruguay,2014,12.3,0.68,0.68,11.57,12.3,0.73,12.98,-1.27
Uruguay,2015,12.8,0.94,0.94,10.68,12.8,2.12,13.74,-1.32
Uruguay,2016,13.43,0.44,0.44,10.29,13.43,3.14,13.87,-0.75
Uruguay,2017,14.13,0.22,0.22,10.09,14.13,4.04,14.35,-1.46
Uruguay,2018,14.25,0.36,0.36,9.11,14.25,5.14,14.61,-1.18
Uruguay,2019,15.79,0.28,0.28,10.62,15.79,5.17,16.07,-3.01
Uruguay,2020,12.76,0.81,0.81,6.82,12.76,5.94,13.57,-0.63
Uruguay,2021,13.53,2.46,2.46,8.06,13.53,5.47,15.99,-2.79
Uruguay,2022,13.49,1.37,1.37,8.21,13.49,5.28,14.86,-1.36
Uruguay,2023,11.85,0.97,0.97,6.6,11.85,5.25,12.82,1.15
Uruguay,2024,13.22,0.15,0.15,7.5,13.22,5.72,13.37,1.15
Uruguay,2025,11.68,0.26,0.26,6.22,11.68,5.46,11.94,2.81
Uzbekistan,2000,3.53,43.33,41.42,3.53,3.53,0,46.86,1.28
Uzbekistan,2001,4.36,43.6,41.64,4.36,4.36,0,47.96,0.49
Uzbekistan,2002,6.02,43.38,41.36,6.02,6.02,0,49.4,-0.08
Uzbekistan,2003,8.17,40.57,38.58,8.17,8.17,0,48.74,-0.01
Uzbekistan,2004,6.1,43.6,41.57,6.1,6.1,0,49.7,-0.25
Uzbekistan,2005,8.93,38.74,36.79,8.93,8.93,0,47.67,-0.28
Uzbekistan,2006,4.65,44.67,42.65,4.65,4.65,0,49.32,-0.42
Uzbekistan,2007,4.67,44.35,42.35,4.67,4.67,0,49.02,0.99
Uzbekistan,2008,4.49,45.73,43.68,4.49,4.49,0,50.22,0.1
Uzbekistan,2009,6.48,43.62,41.57,6.48,6.48,0,50.1,-0.05
Uzbekistan,2010,8.19,43.78,41.66,8.19,8.19,0,51.97,-1.17
Uzbekistan,2011,5.7,47.1,44.95,5.7,5.7,0,52.8,-0.73
Uzbekistan,2012,6.65,46.35,44.19,6.65,6.65,0,53,-0.67
Uzbekistan,2013,5.7,48.91,46.68,5.7,5.7,0,54.61,-0.88
Uzbekistan,2014,6.07,49.68,47.38,6.07,6.07,0,55.75,-0.78
Uzbekistan,2015,6.82,50.59,48.65,6.82,6.82,0,57.41,-1.29
Uzbekistan,2016,6.86,51.85,49.86,6.86,6.86,0,58.71,-1.5
Uzbekistan,2017,7.94,52.9,50.81,7.93,7.94,0.01,60.84,-0.64
Uzbekistan,2018,5.91,57.24,54.89,5.9,5.91,0.01,63.15,-0.39
Uzbekistan,2019,6.47,57.09,53.27,6.46,6.47,0.01,63.56,1.31
Uzbekistan,2020,5.01,61.52,56.32,5,5.01,0.01,66.53,2.52
Uzbekistan,2021,5.02,66.42,61.46,4.97,5.02,0.05,71.44,3.59
Uzbekistan,2022,6.92,68.15,62.51,6.48,6.92,0.44,75.07,2.33
Uzbekistan,2023,7.6,69.2,63.5,6.6,7.6,1,76.8,2.93
Uzbekistan,2024,13,68.5,62.8,8.2,13,4.8,81.5,2.93
Uzbekistan,2025,16.8,69.9,64.2,6.3,16.8,10.5,86.7,2.93
Vanuatu,2000,0,0.05,0.05,0,0,0,0.05,0
Vanuatu,2001,0,0.05,0.05,0,0,0,0.05,0
Vanuatu,2002,0,0.05,0.05,0,0,0,0.05,0
Vanuatu,2003,0,0.05,0.05,0,0,0,0.05,0
Vanuatu,2004,0,0.05,0.05,0,0,0,0.05,0
Vanuatu,2005,0,0.05,0.05,0,0,0,0.05,0
Vanuatu,2006,0,0.05,0.05,0,0,0,0.05,0
Vanuatu,2007,0,0.05,0.05,0,0,0,0.05,0
Vanuatu,2008,0,0.06,0.06,0,0,0,0.06,0
Vanuatu,2009,0,0.06,0.06,0,0,0,0.06,0
Vanuatu,2010,0,0.06,0.06,0,0,0,0.06,0
Vanuatu,2011,0,0.06,0.06,0,0,0,0.06,0
Vanuatu,2012,0,0.06,0.06,0,0,0,0.06,0
Vanuatu,2013,0.01,0.06,0.06,0,0.01,0.01,0.07,0
Vanuatu,2014,0.01,0.06,0.06,0,0.01,0.01,0.07,0
Vanuatu,2015,0.01,0.05,0.05,0,0.01,0.01,0.06,0
Vanuatu,2016,0.01,0.06,0.06,0,0.01,0.01,0.07,0
Vanuatu,2017,0,0.06,0.06,0,0,0,0.06,0
Vanuatu,2018,0.02,0.06,0.06,0.01,0.02,0.01,0.08,0
Vanuatu,2019,0.03,0.06,0.06,0.01,0.03,0.02,0.09,0
Vanuatu,2020,0.03,0.06,0.06,0.01,0.03,0.02,0.09,0
Vanuatu,2021,0.02,0.06,0.06,0.01,0.02,0.01,0.08,0
Vanuatu,2022,0.02,0.06,0.06,0.01,0.02,0.01,0.08,0
Vanuatu,2023,0.02,0.06,0.06,0.01,0.02,0.01,0.08,0
Venezuela (Bolivarian Republic of),2000,62.89,22.38,22.38,62.89,62.89,0,85.27,-0.05
Venezuela (Bolivarian Republic of),2001,60.44,29.67,29.67,60.44,60.44,0,90.11,-0.03
Venezuela (Bolivarian Republic of),2002,59.53,32.32,32.32,59.53,59.53,0,91.85,0.14
Venezuela (Bolivarian Republic of),2003,60.53,31.42,31.42,60.53,60.53,0,91.95,-0.41
Venezuela (Bolivarian Republic of),2004,70.07,28.48,28.48,70.07,70.07,0,98.55,0.38
Venezuela (Bolivarian Republic of),2005,77.23,28.16,28.16,77.23,77.23,0,105.39,-0.58
Venezuela (Bolivarian Republic of),2006,81.6,28.82,28.82,81.6,81.6,0,110.42,-0.55
Venezuela (Bolivarian Republic of),2007,83.06,31.15,31.15,83.06,83.06,0,114.21,-0.54
Venezuela (Bolivarian Republic of),2008,86.84,32.46,32.46,86.84,86.84,0,119.3,-0.47
Venezuela (Bolivarian Republic of),2009,85.96,33.61,33.61,85.96,85.96,0,119.57,-0.37
Venezuela (Bolivarian Republic of),2010,76.78,36.98,36.98,76.78,76.78,0,113.76,-0.46
Venezuela (Bolivarian Republic of),2011,83.67,34.29,34.29,83.67,83.67,0,117.96,-0.49
Venezuela (Bolivarian Republic of),2012,82.06,46.25,46.25,82.01,82.06,0.05,128.31,-0.34
Venezuela (Bolivarian Republic of),2013,83.63,51.5,51.5,83.54,83.63,0.09,135.13,-0.13
Venezuela (Bolivarian Republic of),2014,64.38,50.85,50.85,64.29,64.38,0.09,115.23,-0.87
Venezuela (Bolivarian Republic of),2015,75,52.52,52.52,74.9,75,0.1,127.52,-0.97
Venezuela (Bolivarian Republic of),2016,63.06,53.88,53.88,62.96,63.06,0.1,116.94,-1.11
Venezuela (Bolivarian Republic of),2017,60.61,43.19,43.19,60.51,60.61,0.1,103.8,-1.06
Venezuela (Bolivarian Republic of),2018,58.2,41.51,41.51,58.15,58.2,0.05,99.71,-1.02
Venezuela (Bolivarian Republic of),2019,49.71,35.44,35.44,49.64,49.71,0.07,85.15,-0.87
Venezuela (Bolivarian Republic of),2020,62.54,17.97,17.97,62.51,62.54,0.03,80.51,-0.65
Venezuela (Bolivarian Republic of),2021,65.71,17.22,17.22,65.68,65.71,0.03,82.93,0
Venezuela (Bolivarian Republic of),2022,64.54,17.82,17.82,64.51,64.54,0.03,82.36,0
Venezuela (Bolivarian Republic of),2023,65.01,6.95,6.95,64.98,65.01,0.03,71.96,0
Venezuela (Bolivarian Republic of),2024,73.03,7.1,7.1,73,73.03,0.03,80.13,0
Viet Nam,2000,14.55,12.01,8.88,14.55,14.55,0,26.56,0
Viet Nam,2001,18.21,12.4,9.18,18.21,18.21,0,30.61,0
Viet Nam,2002,18.2,17.6,12.72,18.2,18.2,0,35.8,0
Viet Nam,2003,18.99,21.94,14.7,18.99,18.99,0,40.93,0
Viet Nam,2004,17.82,28.38,21.21,17.82,17.82,0,46.2,0
Viet Nam,2005,16.58,35.5,24.49,16.58,16.58,0,52.08,0.38
Viet Nam,2006,19.77,38.13,25.9,19.77,19.77,0,57.9,0.97
Viet Nam,2007,22.52,41.64,29.28,22.52,22.52,0,64.16,2.63
Viet Nam,2008,26.03,44.92,32.63,26.03,26.03,0,70.95,3.22
Viet Nam,2009,30.05,50.59,38.14,30.04,30.05,0.01,80.64,3.73
Viet Nam,2010,28.62,63.1,47.22,28.57,28.62,0.05,91.72,4.64
Viet Nam,2011,41.19,60.32,40.38,41.14,41.19,0.05,101.51,3.87
Viet Nam,2012,53.42,61.74,40.49,53.37,53.42,0.05,115.16,1.45
Viet Nam,2013,57.96,66.5,42.48,57.88,57.96,0.08,124.46,2.33
Viet Nam,2014,62.3,78.95,44.08,62.22,62.3,0.08,141.25,1.44
Viet Nam,2015,56.32,105.61,49.14,56.19,56.32,0.13,161.93,0.98
Viet Nam,2016,64.27,114.9,46.55,64.06,64.27,0.21,179.17,1.33
Viet Nam,2017,86.51,108.21,40.5,86.15,86.51,0.36,194.72,0.71
Viet Nam,2018,84.08,133.1,41.45,83.57,84.08,0.51,217.18,1.62
Viet Nam,2019,72.01,164.88,44.72,66.47,72.01,5.54,236.89,1.25
Viet Nam,2020,84.95,159.05,36.52,73.21,84.95,11.74,244,1.51
Viet Nam,2021,108.48,145.13,27.1,78.99,108.48,29.49,253.61,0.82
Viet Nam,2022,131.13,133.98,29.94,96.29,131.13,34.84,265.11,2.32
Viet Nam,2023,118.77,157.82,28.06,81.49,118.77,37.28,276.59,3.48
Viet Nam,2024,128.36,175.22,22.45,89.75,128.36,38.61,303.58,3.6
Viet Nam,2025,140.82,169.18,19.96,103.38,140.82,37.44,310,3.6
Virgin Islands (British),2000,0,0.11,0.11,0,0,0,0.11,0
Virgin Islands (British),2001,0,0.12,0.12,0,0,0,0.12,0
Virgin Islands (British),2002,0,0.14,0.14,0,0,0,0.14,0
Virgin Islands (British),2003,0,0.14,0.14,0,0,0,0.14,0
Virgin Islands (British),2004,0,0.15,0.15,0,0,0,0.15,0
Virgin Islands (British),2005,0,0.16,0.16,0,0,0,0.16,0
Virgin Islands (British),2006,0,0.17,0.17,0,0,0,0.17,0
Virgin Islands (British),2007,0,0.18,0.18,0,0,0,0.18,0
Virgin Islands (British),2008,0,0.18,0.18,0,0,0,0.18,0
Virgin Islands (British),2009,0,0.19,0.19,0,0,0,0.19,0
Virgin Islands (British),2010,0,0.2,0.2,0,0,0,0.2,0
Virgin Islands (British),2011,0,0.19,0.19,0,0,0,0.19,0
Virgin Islands (British),2012,0,0.2,0.2,0,0,0,0.2,0
Virgin Islands (British),2013,0,0.2,0.2,0,0,0,0.2,0
Virgin Islands (British),2014,0,0.2,0.2,0,0,0,0.2,0
Virgin Islands (British),2015,0,0.21,0.21,0,0,0,0.21,0
Virgin Islands (British),2016,0,0.22,0.22,0,0,0,0.22,0
Virgin Islands (British),2017,0,0.17,0.17,0,0,0,0.17,0
Virgin Islands (British),2018,0,0.16,0.16,0,0,0,0.16,0
Virgin Islands (British),2019,0,0.16,0.16,0,0,0,0.16,0
Virgin Islands (British),2020,0,0.16,0.16,0,0,0,0.16,0
Virgin Islands (British),2021,0,0.17,0.17,0,0,0,0.17,0
Virgin Islands (British),2022,0,0.17,0.17,0,0,0,0.17,0
Virgin Islands (British),2023,0,0.17,0.17,0,0,0,0.17,0
Virgin Islands (U.S.),2000,0,1.03,1.03,0,0,0,1.03,0
Virgin Islands (U.S.),2001,0,1.03,1.03,0,0,0,1.03,0
Virgin Islands (U.S.),2002,0,1.04,1.04,0,0,0,1.04,0
Virgin Islands (U.S.),2003,0,1.04,1.04,0,0,0,1.04,0
Virgin Islands (U.S.),2004,0,1.05,1.05,0,0,0,1.05,0
Virgin Islands (U.S.),2005,0,0.97,0.97,0,0,0,0.97,0
Virgin Islands (U.S.),2006,0,0.97,0.97,0,0,0,0.97,0
Virgin Islands (U.S.),2007,0,0.98,0.98,0,0,0,0.98,0
Virgin Islands (U.S.),2008,0,0.97,0.97,0,0,0,0.97,0
Virgin Islands (U.S.),2009,0,0.92,0.92,0,0,0,0.92,0
Virgin Islands (U.S.),2010,0,0.96,0.96,0,0,0,0.96,0
Virgin Islands (U.S.),2011,0,0.95,0.95,0,0,0,0.95,0
Virgin Islands (U.S.),2012,0,0.87,0.87,0,0,0,0.87,0
Virgin Islands (U.S.),2013,0,0.82,0.82,0,0,0,0.82,0
Virgin Islands (U.S.),2014,0.01,0.77,0.77,0,0.01,0.01,0.78,0
Virgin Islands (U.S.),2015,0.01,0.77,0.77,0,0.01,0.01,0.78,0
Virgin Islands (U.S.),2016,0.01,0.76,0.76,0,0.01,0.01,0.77,0
Virgin Islands (U.S.),2017,0.01,0.59,0.59,0,0.01,0.01,0.6,0
Virgin Islands (U.S.),2018,0.01,0.61,0.61,0,0.01,0.01,0.62,0
Virgin Islands (U.S.),2019,0.01,0.65,0.65,0,0.01,0.01,0.66,0
Virgin Islands (U.S.),2020,0.01,0.63,0.63,0,0.01,0.01,0.64,0
Virgin Islands (U.S.),2021,0.02,0.64,0.64,0,0.02,0.02,0.66,0
Virgin Islands (U.S.),2022,0.02,0.66,0.66,0,0.02,0.02,0.68,0
Virgin Islands (U.S.),2023,0.02,0.66,0.66,0,0.02,0.02,0.68,0
Western Sahara,2000,0,0.08,0.08,0,0,0,0.08,0
Western Sahara,2001,0,0.08,0.08,0,0,0,0.08,0
Western Sahara,2002,0,0.09,0.09,0,0,0,0.09,0
Western Sahara,2003,0,0.09,0.09,0,0,0,0.09,0
Western Sahara,2004,0,0.09,0.09,0,0,0,0.09,0
Western Sahara,2005,0,0.09,0.09,0,0,0,0.09,0
Western Sahara,2006,0,0.09,0.09,0,0,0,0.09,0
Western Sahara,2007,0,0.09,0.09,0,0,0,0.09,0
Western Sahara,2008,0,0.09,0.09,0,0,0,0.09,0
Western Sahara,2009,0,0.09,0.09,0,0,0,0.09,0
Yemen,2000,0,3.41,3.41,0,0,0,3.41,0
Yemen,2001,0,3.64,3.64,0,0,0,3.64,0
Yemen,2002,0,3.77,3.77,0,0,0,3.77,0
Yemen,2003,0,4.1,4.1,0,0,0,4.1,0
Yemen,2004,0,4.36,4.36,0,0,0,4.36,0
Yemen,2005,0,4.77,4.77,0,0,0,4.77,0
Yemen,2006,0,5.39,5.39,0,0,0,5.39,0
Yemen,2007,0,6.03,6.03,0,0,0,6.03,0
Yemen,2008,0,6.55,6.55,0,0,0,6.55,0
Yemen,2009,0,6.75,6.75,0,0,0,6.75,0
Yemen,2010,0,7.76,7.76,0,0,0,7.76,0
Yemen,2011,0,6.21,6.21,0,0,0,6.21,0
Yemen,2012,0,7.07,7.07,0,0,0,7.07,0
Yemen,2013,0,8.5,8.5,0,0,0,8.5,0
Yemen,2014,0.01,7.65,7.65,0,0.01,0.01,7.66,0
Yemen,2015,0.12,5.64,5.64,0,0.12,0.12,5.76,0
Yemen,2016,0.16,4.65,4.65,0,0.16,0.16,4.81,0
Yemen,2017,0.19,3.86,3.86,0,0.19,0.19,4.05,0
Yemen,2018,0.48,3.01,3.01,0,0.48,0.48,3.49,0
Yemen,2019,0.48,2.8,2.8,0,0.48,0.48,3.28,0
Yemen,2020,0.49,2.45,2.45,0,0.49,0.49,2.94,0
Yemen,2021,0.5,2.42,2.42,0,0.5,0.5,2.92,0
Yemen,2022,0.51,2.52,2.52,0,0.51,0.51,3.03,0
Yemen,2023,0.52,4.6,4.6,0,0.52,0.52,5.12,0
Yemen,2024,0.59,4.66,4.66,0,0.59,0.59,5.25,0
Zambia,2000,7.67,0.04,0.03,7.67,7.67,0,7.71,-1.35
Zambia,2001,7.89,0.05,0.04,7.89,7.89,0,7.94,-1.07
Zambia,2002,8.1,0.06,0.04,8.1,8.1,0,8.16,-0.79
Zambia,2003,8.26,0.06,0.04,8.26,8.26,0,8.32,-0.51
Zambia,2004,8.46,0.05,0.04,8.46,8.46,0,8.51,-0.23
Zambia,2005,8.88,0.06,0.04,8.88,8.88,0,8.94,-0.24
Zambia,2006,9.67,0.01,0.01,9.67,9.67,0,9.68,-0.51
Zambia,2007,9.63,0.01,0.01,9.63,9.63,0,9.64,-0.14
Zambia,2008,9.52,0.01,0.01,9.52,9.52,0,9.53,0.17
Zambia,2009,9.88,0.01,0.01,9.88,9.88,0,9.89,-0.58
Zambia,2010,10.44,0.01,0.01,10.44,10.44,0,10.45,-0.56
Zambia,2011,11.48,0.01,0.01,11.48,11.48,0,11.49,0.09
Zambia,2012,12.35,0.02,0.02,12.35,12.35,0,12.37,-0.82
Zambia,2013,13.28,0.02,0.02,13.28,13.28,0,13.3,-1.01
Zambia,2014,14.11,0.41,0.41,14.11,14.11,0,14.52,-1.24
Zambia,2015,13.11,0.4,0.4,13.11,13.11,0,13.51,-0.39
Zambia,2016,11.1,0.67,0.34,11.1,11.1,0,11.77,1.39
Zambia,2017,12.57,1.99,0.71,12.57,12.57,0,14.56,-0.31
Zambia,2018,13.78,2.5,0.46,13.78,13.78,0,16.28,-1.07
Zambia,2019,12.52,2.27,0.6,12.4,12.52,0.12,14.79,-0.78
Zambia,2020,13.02,2.21,0.32,12.87,13.02,0.15,15.23,-1.21
Zambia,2021,16.3,1.42,0.12,16.15,16.3,0.15,17.72,-2.13
Zambia,2022,17.31,2.16,0,17.17,17.31,0.14,19.47,-3.04
Zambia,2023,17.32,2.14,0.01,17.17,17.32,0.15,19.46,-3.37
Zambia,2024,17.25,2.47,0.34,17.08,17.25,0.17,19.72,-3.12
Zimbabwe,2000,3.19,3.8,0.07,3.19,3.19,0,6.99,5.09
Zimbabwe,2001,2.96,4.94,0.03,2.96,2.96,0,7.9,4.07
Zimbabwe,2002,3.81,4.77,0.01,3.81,3.81,0,8.58,4.01
Zimbabwe,2003,5.34,3.45,0.01,5.34,5.34,0,8.79,3.18
Zimbabwe,2004,5.5,4.22,0.02,5.5,5.5,0,9.72,2.04
Zimbabwe,2005,4.91,4.45,0.02,4.91,4.91,0,9.36,2.98
Zimbabwe,2006,5.41,2.57,0.04,5.41,5.41,0,7.98,3.9
Zimbabwe,2007,5.44,2.16,0.03,5.44,5.44,0,7.6,2.93
Zimbabwe,2008,5.79,1.84,0.03,5.79,5.79,0,7.63,1.12
Zimbabwe,2009,5.52,1.77,0.02,5.52,5.52,0,7.29,1.28
Zimbabwe,2010,5.87,2.77,0.02,5.87,5.87,0,8.64,0.73
Zimbabwe,2011,5.29,3.88,0.04,5.29,5.29,0,9.17,0.6
Zimbabwe,2012,5.51,3.64,0.05,5.51,5.51,0,9.15,0.55
Zimbabwe,2013,5.13,4.41,0.06,5.13,5.13,0,9.54,0.53
Zimbabwe,2014,5.44,4.42,0.02,5.44,5.44,0,9.86,-0.1
Zimbabwe,2015,5.04,4.55,0.01,5.03,5.04,0.01,9.59,-0.1
Zimbabwe,2016,3.22,3.95,0.04,3.21,3.22,0.01,7.17,1.85
Zimbabwe,2017,4.13,3.42,0.04,4.12,4.13,0.01,7.55,2.22
Zimbabwe,2018,5.25,4.18,0.05,5.24,5.25,0.01,9.43,1.02
Zimbabwe,2019,4.38,4.1,0.05,4.36,4.38,0.02,8.48,1.11
Zimbabwe,2020,3.93,2.78,0.04,3.91,3.93,0.02,6.71,1.98
Zimbabwe,2021,6.06,2.51,0,6.04,6.06,0.02,8.57,1.74
Zimbabwe,2022,6.02,2.92,0,5.99,6.02,0.03,8.94,1.91
Zimbabwe,2023,5.61,4.38,0,5.58,5.61,0.03,9.99,2
Zimbabwe,2024,5.86,4.4,0,5.82,5.86,0.04,10.26,1.84
