country,year,clean,fossil,gas_and_other_fossil,hydro_bioenergy_and_other_renewables,renewables,wind_and_solar
Afghanistan,2000,0.19,0,0,0.19,0.19,0
Afghanistan,2001,0.19,0,0,0.19,0.19,0
Afghanistan,2002,0.19,0,0,0.19,0.19,0
Afghanistan,2003,0.19,0.01,0.01,0.19,0.19,0
Afghanistan,2004,0.19,0.03,0.03,0.19,0.19,0
Afghanistan,2005,0.19,0.03,0.03,0.19,0.19,0
Afghanistan,2006,0.2,0.03,0.03,0.2,0.2,0
Afghanistan,2007,0.2,0.03,0.03,0.2,0.2,0
Afghanistan,2008,0.21,0.03,0.03,0.21,0.21,0
Afghanistan,2009,0.21,0.1,0.1,0.21,0.21,0
Afghanistan,2010,0.24,0.14,0.14,0.24,0.24,0
Afghanistan,2011,0.24,0.14,0.14,0.24,0.24,0
Afghanistan,2012,0.29,0.14,0.14,0.27,0.29,0.02
Afghanistan,2013,0.3,0.14,0.14,0.28,0.3,0.02
Afghanistan,2014,0.3,0.14,0.14,0.28,0.3,0.02
Afghanistan,2015,0.3,0.14,0.14,0.28,0.3,0.02
Afghanistan,2016,0.35,0.14,0.14,0.33,0.35,0.02
Afghanistan,2017,0.37,0.14,0.14,0.35,0.37,0.02
Afghanistan,2018,0.37,0.14,0.14,0.35,0.37,0.02
Afghanistan,2019,0.4,0.18,0.18,0.35,0.4,0.05
Afghanistan,2020,0.4,0.18,0.18,0.35,0.4,0.05
Afghanistan,2021,0.42,0.18,0.18,0.37,0.42,0.05
Afghanistan,2022,0.52,0.18,0.18,0.47,0.52,0.05
Afghanistan,2023,0.52,0.28,0.28,0.47,0.52,0.05
Afghanistan,2024,0.53,0.28,0.28,0.47,0.53,0.06
Africa,2000,23.73,70.86,29.63,21.64,21.79,0.15
Africa,2001,23.88,73.13,30.84,21.79,21.94,0.15
Africa,2002,24.15,75.22,32.93,22.06,22.21,0.15
Africa,2003,24.54,77.14,34.85,22.44,22.6,0.16
Africa,2004,24.59,77.97,35.64,22.39,22.65,0.26
Africa,2005,24.7,79.97,37.61,22.5,22.76,0.26
Africa,2006,24.7,83.02,40.62,22.41,22.76,0.35
Africa,2007,25.06,88.2,45.71,22.62,23.12,0.5
Africa,2008,25.52,90.8,48.31,22.98,23.58,0.6
Africa,2009,27.57,95.49,53,24.82,25.63,0.81
Africa,2010,28.69,103.28,60.79,25.69,26.75,1.06
Africa,2011,29.13,107.89,65.25,25.92,27.19,1.27
Africa,2012,30.08,114.38,71.63,26.68,28.14,1.46
Africa,2013,32.16,120.99,77.94,27.85,30.22,2.37
Africa,2014,33.91,124.62,80.57,27.96,31.97,4.01
Africa,2015,35.93,135.86,90.94,28.55,33.99,5.44
Africa,2016,38.34,141.58,96.21,29.55,36.4,6.85
Africa,2017,42.72,150.65,103.34,32.42,40.78,8.36
Africa,2018,47,171.24,121.75,33.95,45.06,11.11
Africa,2019,49.49,179.14,128.06,34.82,47.55,12.73
Africa,2020,52.51,181.15,129.27,35.67,50.57,14.9
Africa,2021,54.63,187.47,133.87,36.3,52.7,16.4
Africa,2022,59.76,191.26,137.9,38.05,57.82,19.77
Africa,2023,66.43,191.59,137.87,40.07,64.5,24.43
Africa,2024,72.08,195.66,141.09,42.19,70.15,27.96
Africa,2025,83.38,198.03,142.56,47.79,81.45,33.66
Algeria,2000,0.28,5.01,5.01,0.28,0.28,0
Algeria,2001,0.28,5.31,5.31,0.28,0.28,0
Algeria,2002,0.28,5.83,5.83,0.28,0.28,0
Algeria,2003,0.28,5.96,5.96,0.28,0.28,0
Algeria,2004,0.28,6.25,6.25,0.28,0.28,0
Algeria,2005,0.28,6.68,6.68,0.28,0.28,0
Algeria,2006,0.25,7.56,7.56,0.25,0.25,0
Algeria,2007,0.25,8.18,8.18,0.25,0.25,0
Algeria,2008,0.23,8.2,8.2,0.23,0.23,0
Algeria,2009,0.23,9.46,9.46,0.23,0.23,0
Algeria,2010,0.26,11.29,11.29,0.23,0.26,0.03
Algeria,2011,0.26,11.61,11.61,0.23,0.26,0.03
Algeria,2012,0.26,13.15,13.15,0.23,0.26,0.03
Algeria,2013,0.26,14.74,14.74,0.23,0.26,0.03
Algeria,2014,0.27,15.21,15.21,0.23,0.27,0.04
Algeria,2015,0.3,16.72,16.72,0.23,0.3,0.07
Algeria,2016,0.5,18.2,18.2,0.23,0.5,0.27
Algeria,2017,0.59,18.57,18.57,0.23,0.59,0.36
Algeria,2018,0.61,19.7,19.7,0.23,0.61,0.38
Algeria,2019,0.61,21.92,21.92,0.23,0.61,0.38
Algeria,2020,0.59,22.35,22.35,0.21,0.59,0.38
Algeria,2021,0.51,24.01,24.01,0.13,0.51,0.38
Algeria,2022,0.59,26.01,26.01,0.13,0.59,0.46
Algeria,2023,0.6,26.01,26.01,0.13,0.6,0.47
Algeria,2024,0.6,27.39,27.39,0.13,0.6,0.47
American Samoa,2000,0,0.04,0.04,0,0,0
American Samoa,2001,0,0.04,0.04,0,0,0
American Samoa,2002,0,0.04,0.04,0,0,0
American Samoa,2003,0,0.04,0.04,0,0,0
American Samoa,2004,0,0.04,0.04,0,0,0
American Samoa,2005,0,0.04,0.04,0,0,0
American Samoa,2006,0,0.04,0.04,0,0,0
American Samoa,2007,0,0.04,0.04,0,0,0
American Samoa,2008,0,0.04,0.04,0,0,0
American Samoa,2009,0,0.04,0.04,0,0,0
American Samoa,2010,0,0.03,0.03,0,0,0
American Samoa,2011,0,0.04,0.04,0,0,0
American Samoa,2012,0,0.03,0.03,0,0,0
American Samoa,2013,0,0.03,0.03,0,0,0
American Samoa,2014,0,0.03,0.03,0,0,0
American Samoa,2015,0,0.03,0.03,0,0,0
American Samoa,2016,0,0.03,0.03,0,0,0
American Samoa,2017,0,0.04,0.04,0,0,0
American Samoa,2018,0.01,0.04,0.04,0,0.01,0.01
American Samoa,2019,0,0.04,0.04,0,0,0
American Samoa,2020,0,0.04,0.04,0,0,0
American Samoa,2021,0,0.04,0.04,0,0,0
American Samoa,2022,0.01,0.05,0.05,0,0.01,0.01
American Samoa,2023,0.01,0.05,0.05,0,0.01,0.01
American Samoa,2024,0.01,0.05,0.05,0,0.01,0.01
Angola,2000,0.24,0.15,0.15,0.24,0.24,0
Angola,2001,0.24,0.2,0.2,0.24,0.24,0
Angola,2002,0.24,0.2,0.2,0.24,0.24,0
Angola,2003,0.24,0.2,0.2,0.24,0.24,0
Angola,2004,0.5,0.2,0.2,0.5,0.5,0
Angola,2005,0.5,0.2,0.2,0.5,0.5,0
Angola,2006,0.5,0.2,0.2,0.5,0.5,0
Angola,2007,0.76,0.23,0.23,0.76,0.76,0
Angola,2008,0.79,0.23,0.23,0.79,0.79,0
Angola,2009,0.79,0.23,0.23,0.79,0.79,0
Angola,2010,0.79,0.39,0.39,0.79,0.79,0
Angola,2011,0.79,0.54,0.54,0.79,0.79,0
Angola,2012,0.87,0.83,0.83,0.87,0.87,0
Angola,2013,0.95,1.2,1.2,0.95,0.95,0
Angola,2014,1.02,1.32,1.32,1.02,1.02,0
Angola,2015,1.02,1.38,1.38,1.02,1.02,0
Angola,2016,1.75,1.38,1.38,1.75,1.75,0
Angola,2017,2.44,2.34,2.34,2.44,2.44,0
Angola,2018,3.11,2.34,2.34,3.11,3.11,0
Angola,2019,3.45,2.36,2.36,3.45,3.45,0
Angola,2020,3.78,2.36,2.36,3.78,3.78,0
Angola,2021,3.78,2.36,2.36,3.78,3.78,0
Angola,2022,4.07,2.36,2.36,3.78,4.07,0.29
Angola,2023,4.09,2.36,2.36,3.78,4.09,0.31
Angola,2024,4.14,2.36,2.36,3.78,4.14,0.36
Antigua and Barbuda,2000,0,0,0,0,0,0
Antigua and Barbuda,2001,0,0,0,0,0,0
Antigua and Barbuda,2002,0,0,0,0,0,0
Antigua and Barbuda,2003,0,0,0,0,0,0
Antigua and Barbuda,2004,0,0,0,0,0,0
Antigua and Barbuda,2005,0,0,0,0,0,0
Antigua and Barbuda,2006,0,0,0,0,0,0
Antigua and Barbuda,2007,0,0,0,0,0,0
Antigua and Barbuda,2008,0,0,0,0,0,0
Antigua and Barbuda,2009,0,0,0,0,0,0
Antigua and Barbuda,2010,0,0,0,0,0,0
Antigua and Barbuda,2011,0,0,0,0,0,0
Antigua and Barbuda,2012,0,0,0,0,0,0
Antigua and Barbuda,2013,0,0,0,0,0,0
Antigua and Barbuda,2014,0,0,0,0,0,0
Antigua and Barbuda,2015,0,0,0,0,0,0
Antigua and Barbuda,2016,0,0,0,0,0,0
Antigua and Barbuda,2017,0,0,0,0,0,0
Antigua and Barbuda,2018,0.01,0,0,0,0.01,0.01
Antigua and Barbuda,2019,0.01,0,0,0,0.01,0.01
Antigua and Barbuda,2020,0.01,0,0,0,0.01,0.01
Antigua and Barbuda,2021,0.01,0,0,0,0.01,0.01
Antigua and Barbuda,2022,0.01,0,0,0,0.01,0.01
Antigua and Barbuda,2023,0.02,0,0,0,0.02,0.02
Antigua and Barbuda,2024,0.02,0,0,0,0.02,0.02
Argentina,2000,9.74,9.75,9.22,8.73,8.74,0.01
Argentina,2001,9.76,11.26,10.73,8.76,8.76,0
Argentina,2002,9.92,11.58,11.05,8.92,8.92,0
Argentina,2003,9.97,11.82,11.29,8.97,8.97,0
Argentina,2004,10.09,12.81,12.28,9.09,9.09,0
Argentina,2005,10.11,13.16,12.63,9.11,9.11,0
Argentina,2006,10.12,13.82,13.29,9.12,9.12,0
Argentina,2007,10.38,15.02,14.49,9.38,9.38,0
Argentina,2008,10.38,16.34,15.81,9.38,9.38,0
Argentina,2009,10.78,15.64,15.11,9.78,9.78,0
Argentina,2010,10.79,19.8,19.27,9.79,9.79,0
Argentina,2011,11.34,21.58,21.05,10.32,10.34,0.02
Argentina,2012,11.48,21.91,21.38,10.36,10.48,0.12
Argentina,2013,11.54,20.99,20.46,10.36,10.53,0.17
Argentina,2014,12.08,21.57,21.04,10.36,10.56,0.2
Argentina,2015,12.29,20.51,19.98,10.36,10.56,0.2
Argentina,2016,12.37,21.22,20.69,10.42,10.62,0.2
Argentina,2017,12.5,22.09,21.56,10.51,10.75,0.24
Argentina,2018,13.26,23.73,23.2,10.56,11.51,0.95
Argentina,2019,14.41,23.92,23.39,10.6,12.66,2.06
Argentina,2020,15.84,25.84,25.31,10.7,14.09,3.39
Argentina,2021,16.85,26.27,25.74,10.73,15.1,4.37
Argentina,2022,16.92,26.4,25.75,10.75,15.17,4.42
Argentina,2023,17.64,27.26,26.61,10.77,15.89,5.12
Argentina,2024,17.39,27.93,27.28,9.58,15.64,6.06
Argentina,2025,18.46,28.04,27.39,9.62,16.71,7.09
Armenia,2000,1.43,0.9,0.9,1.02,1.02,0
Armenia,2001,1.42,0.9,0.9,1.01,1.01,0
Armenia,2002,1.58,0.9,0.9,1.17,1.17,0
Armenia,2003,1.58,0.9,0.9,1.17,1.17,0
Armenia,2004,1.43,0.9,0.9,1.02,1.02,0
Armenia,2005,1.44,0.9,0.9,1.03,1.03,0
Armenia,2006,1.47,0.9,0.9,1.06,1.06,0
Armenia,2007,1.48,0.9,0.9,1.07,1.07,0
Armenia,2008,1.49,0.9,0.9,1.08,1.08,0
Armenia,2009,1.5,0.9,0.9,1.09,1.09,0
Armenia,2010,1.53,1.14,1.14,1.12,1.12,0
Armenia,2011,1.56,1.14,1.14,1.15,1.15,0
Armenia,2012,1.66,1.57,1.57,1.25,1.25,0
Armenia,2013,1.7,1.57,1.57,1.29,1.29,0
Armenia,2014,1.71,1.57,1.57,1.3,1.3,0
Armenia,2015,1.7,1.57,1.57,1.29,1.29,0
Armenia,2016,1.72,1.57,1.57,1.31,1.31,0
Armenia,2017,1.74,1.57,1.57,1.33,1.33,0
Armenia,2018,1.77,1.57,1.57,1.34,1.36,0.02
Armenia,2019,1.77,1.57,1.57,1.34,1.36,0.02
Armenia,2020,1.81,1.57,1.57,1.35,1.4,0.05
Armenia,2021,1.95,1.83,1.83,1.35,1.5,0.15
Armenia,2022,2.04,1.83,1.83,1.35,1.59,0.24
Armenia,2023,2.21,1.83,1.83,1.36,1.76,0.4
Armenia,2024,2.29,1.83,1.83,1.35,1.84,0.49
Armenia,2025,2.5,1.83,1.83,1.34,2.05,0.71
Aruba,2000,0,0.16,0.16,0,0,0
Aruba,2001,0,0.16,0.16,0,0,0
Aruba,2002,0,0.16,0.16,0,0,0
Aruba,2003,0,0.16,0.16,0,0,0
Aruba,2004,0,0.16,0.16,0,0,0
Aruba,2005,0,0.16,0.16,0,0,0
Aruba,2006,0,0.18,0.18,0,0,0
Aruba,2007,0,0.18,0.18,0,0,0
Aruba,2008,0,0.21,0.21,0,0,0
Aruba,2009,0.03,0.21,0.21,0,0.03,0.03
Aruba,2010,0.03,0.21,0.21,0,0.03,0.03
Aruba,2011,0.03,0.21,0.21,0,0.03,0.03
Aruba,2012,0.03,0.25,0.25,0,0.03,0.03
Aruba,2013,0.03,0.25,0.25,0,0.03,0.03
Aruba,2014,0.03,0.25,0.25,0,0.03,0.03
Aruba,2015,0.04,0.25,0.25,0,0.04,0.04
Aruba,2016,0.04,0.25,0.25,0,0.04,0.04
Aruba,2017,0.04,0.25,0.25,0,0.04,0.04
Aruba,2018,0.04,0.25,0.25,0,0.04,0.04
Aruba,2019,0.04,0.26,0.26,0,0.04,0.04
Aruba,2020,0.04,0.26,0.26,0,0.04,0.04
Aruba,2021,0.04,0.26,0.26,0,0.04,0.04
Aruba,2022,0.04,0.22,0.22,0,0.04,0.04
Aruba,2023,0.04,0.22,0.22,0,0.04,0.04
Aruba,2024,0.04,0.24,0.24,0,0.04,0.04
ASEAN,2000,17.55,63.8,45.82,17.55,17.55,0
ASEAN,2001,17.08,58.92,40.94,17.08,17.08,0
ASEAN,2002,17.72,66.28,47,17.72,17.72,0
ASEAN,2003,18.15,70.5,49.82,18.15,18.15,0
ASEAN,2004,19.09,72.9,51.77,19.09,19.09,0
ASEAN,2005,19.73,76.08,54.89,19.7,19.73,0.03
ASEAN,2006,20.71,80.23,55.24,20.64,20.71,0.07
ASEAN,2007,21.48,86.28,58.77,21.41,21.48,0.07
ASEAN,2008,22.91,92.89,64.98,22.82,22.91,0.09
ASEAN,2009,26.87,98.38,67.95,26.76,26.87,0.11
ASEAN,2010,30.4,104.04,72.23,30.25,30.4,0.15
ASEAN,2011,33.72,113.03,75.9,33.54,33.72,0.18
ASEAN,2012,39,119.38,76.87,38.36,39,0.64
ASEAN,2013,43.62,128.43,81.69,42.3,43.62,1.32
ASEAN,2014,47.95,137.4,86.33,45.73,47.95,2.22
ASEAN,2015,52.53,146.59,85.84,49.74,52.53,2.79
ASEAN,2016,57.06,158.54,93.38,52.18,57.06,4.88
ASEAN,2017,57.6,169.34,97.65,52.08,57.6,5.52
ASEAN,2018,60.7,174.1,98.74,53.95,60.7,6.75
ASEAN,2019,70.59,186.88,101.21,57.6,70.59,12.99
ASEAN,2020,86.09,191.68,101.15,60.3,86.09,25.79
ASEAN,2021,93.88,202.02,106.52,63.63,93.88,30.25
ASEAN,2022,98.69,216.85,110.27,66.15,98.69,32.54
ASEAN,2023,103.3,226.4,111.25,66.88,103.3,36.42
ASEAN,2024,108.68,235.45,116.19,68.84,108.68,39.84
ASEAN,2025,119.14,246.95,123.02,70.68,119.14,48.46
Asia,2000,242.81,593.82,232.99,170.93,172.69,1.76
Asia,2001,254.1,602.91,224.7,180.82,183.47,2.65
Asia,2002,264.25,634.11,235.27,185.91,188.99,3.08
Asia,2003,279.41,670.03,243.47,199.06,203.58,4.52
Asia,2004,298.63,711,248.97,213.09,219.72,6.63
Asia,2005,319.83,776.09,262.18,228.16,236.74,8.58
Asia,2006,341.33,876.84,273.4,244.78,257.27,12.49
Asia,2007,366.28,979.34,293.55,263.6,279.88,16.28
Asia,2008,398.35,1056.25,309.21,289.63,313.49,23.86
Asia,2009,436.94,1134.28,325.23,315.72,350.73,35.01
Asia,2010,477.18,1219.86,342.89,337.28,388.89,51.61
Asia,2011,526.02,1304.51,348.91,358.92,434.66,75.74
Asia,2012,569.98,1386.28,359.25,380.31,479.43,99.12
Asia,2013,644.84,1476.56,378.63,418.27,554.08,135.81
Asia,2014,731.71,1570.15,413.93,449.54,634.53,184.99
Asia,2015,827.08,1676.42,429.2,471.84,724.03,252.19
Asia,2016,925.28,1765.91,448.23,490.6,814.96,324.36
Asia,2017,1032.73,1834.26,464.21,505.25,921.78,416.53
Asia,2018,1144.05,1892.76,488.14,521.77,1026.66,504.89
Asia,2019,1243.87,1971.3,502.14,537.55,1126.6,589.05
Asia,2020,1421.47,2024.21,518.76,558.58,1303.05,744.47
Asia,2021,1579.83,2078.34,534.07,583.68,1457.83,874.15
Asia,2022,1759.42,2133.95,545.04,604.9,1632.42,1027.52
Asia,2023,2091.78,2208.93,554.89,612.14,1963.67,1351.53
Asia,2024,2512.53,2275.79,586.03,625,2379.35,1754.35
Asia,2025,3027.48,2388.61,615.49,637.38,2893,2255.62
Australia,2000,7.26,35.18,7.43,7.2,7.26,0.06
Australia,2001,7.47,36.37,7.55,7.36,7.47,0.11
Australia,2002,7.5,39.04,10.18,7.36,7.5,0.14
Australia,2003,7.64,39.91,10.16,7.41,7.64,0.23
Australia,2004,7.99,39.7,9.95,7.56,7.99,0.43
Australia,2005,9.01,39.22,9.47,8.22,9.01,0.79
Australia,2006,9.17,39.81,10.06,8.29,9.17,0.88
Australia,2007,9.62,42.77,12.27,8.3,9.62,1.32
Australia,2008,9.77,43.28,12.78,8.24,9.77,1.53
Australia,2009,10.31,46.11,15.15,8.28,10.31,2.03
Australia,2010,11.24,48.51,18.04,8.29,11.24,2.95
Australia,2011,11.84,48.84,18.49,8.29,11.84,3.55
Australia,2012,13.36,48.25,18.66,8.29,13.36,5.07
Australia,2013,14.81,49,19.41,8.28,14.81,6.53
Australia,2014,16.22,48.08,19.79,8.28,16.22,7.94
Australia,2015,17.65,53.68,25.98,8.29,17.65,9.36
Australia,2016,18.88,52.52,25.58,8.32,18.88,10.56
Australia,2017,20.97,49.72,24.62,8.32,20.97,12.65
Australia,2018,26.11,50.39,25.29,8.57,26.11,17.54
Australia,2019,31.9,50.22,25.12,8.57,31.9,23.33
Australia,2020,38.56,51.47,26.37,8.58,38.56,29.98
Australia,2021,43.54,51.86,26.76,8.58,43.54,34.96
Australia,2022,49.44,51.81,27.41,8.58,49.44,40.86
Australia,2023,52.16,50.1,27.24,8.58,52.16,43.58
Australia,2024,60.21,51.56,28.73,8.65,60.21,51.56
Australia,2025,66,49.98,27.35,8.58,66,57.42
Austria,2000,12.47,2.95,0.96,12.42,12.47,0.05
Austria,2001,12.52,3.41,1.55,12.44,12.52,0.08
Austria,2002,12.42,3.41,1.55,12.3,12.42,0.12
Austria,2003,12.87,4.07,2.21,12.53,12.87,0.34
Austria,2004,13.18,4.27,2.41,12.57,13.18,0.61
Austria,2005,14.25,4.3,2.44,13.4,14.25,0.85
Austria,2006,14.66,4.04,2.51,13.66,14.66,1
Austria,2007,15.1,4.03,2.5,14.08,15.1,1.02
Austria,2008,15.56,4.38,2.92,14.54,15.56,1.02
Austria,2009,15.86,5.6,4.14,14.81,15.86,1.05
Austria,2010,16.17,5.79,4.38,15.06,16.17,1.11
Austria,2011,16.72,5.59,4.38,15.43,16.72,1.29
Austria,2012,16.66,6.54,5.33,14.98,16.66,1.68
Austria,2013,17.19,6.55,5.34,14.89,17.19,2.3
Austria,2014,17.84,6.46,5.25,14.94,17.84,2.9
Austria,2015,18.47,6.05,5.29,15.04,18.47,3.43
Austria,2016,19.34,5.86,5.26,15.51,19.34,3.83
Austria,2017,19.61,5.86,5.26,15.44,19.61,4.17
Austria,2018,20.38,5.86,5.26,15.79,20.38,4.59
Austria,2019,20.78,5.51,5.26,15.85,20.78,4.93
Austria,2020,21.16,5.75,5.75,15.88,21.16,5.28
Austria,2021,22.13,5.67,5.67,15.92,22.13,6.21
Austria,2022,23.54,5.62,5.62,16.12,23.54,7.42
Austria,2023,26.47,5.62,5.62,16.18,26.47,10.29
Austria,2024,29.33,5.54,5.54,16.34,29.33,12.99
Austria,2025,31.52,5.53,5.53,16.93,31.52,14.59
Azerbaijan,2000,0.92,2.4,2.4,0.92,0.92,0
Azerbaijan,2001,0.93,2.51,2.51,0.93,0.93,0
Azerbaijan,2002,0.93,2.91,2.91,0.93,0.93,0
Azerbaijan,2003,0.97,2.91,2.91,0.97,0.97,0
Azerbaijan,2004,0.97,2.91,2.91,0.97,0.97,0
Azerbaijan,2005,0.97,2.91,2.91,0.97,0.97,0
Azerbaijan,2006,1.02,3.08,3.08,1.02,1.02,0
Azerbaijan,2007,1.02,3.36,3.36,1.02,1.02,0
Azerbaijan,2008,1.02,3.67,3.67,1.02,1.02,0
Azerbaijan,2009,0.99,4.3,4.3,0.99,0.99,0
Azerbaijan,2010,1,4.3,4.3,1,1,0
Azerbaijan,2011,1,4.3,4.3,1,1,0
Azerbaijan,2012,1.02,4.3,4.3,1.02,1.02,0
Azerbaijan,2013,1.12,5.08,5.08,1.12,1.12,0
Azerbaijan,2014,1.12,5.08,5.08,1.12,1.12,0
Azerbaijan,2015,1.15,5.08,5.08,1.14,1.15,0.01
Azerbaijan,2016,1.19,5.08,5.08,1.15,1.19,0.04
Azerbaijan,2017,1.2,5.08,5.08,1.15,1.2,0.05
Azerbaijan,2018,1.27,5.08,5.08,1.17,1.27,0.1
Azerbaijan,2019,1.28,5.48,5.48,1.18,1.28,0.1
Azerbaijan,2020,1.3,5.48,5.48,1.19,1.3,0.11
Azerbaijan,2021,1.32,5.48,5.48,1.2,1.32,0.12
Azerbaijan,2022,1.31,5.86,5.86,1.2,1.31,0.11
Azerbaijan,2023,1.69,5.86,5.86,1.34,1.69,0.35
Azerbaijan,2024,1.8,5.86,5.86,1.45,1.8,0.35
Azerbaijan,2025,1.82,7.14,7.14,1.48,1.82,0.34
Bahamas (the),2000,0,0.4,0.4,0,0,0
Bahamas (the),2001,0,0.4,0.4,0,0,0
Bahamas (the),2002,0,0.4,0.4,0,0,0
Bahamas (the),2003,0,0.46,0.46,0,0,0
Bahamas (the),2004,0,0.46,0.46,0,0,0
Bahamas (the),2005,0,0.49,0.49,0,0,0
Bahamas (the),2006,0,0.49,0.49,0,0,0
Bahamas (the),2007,0,0.59,0.59,0,0,0
Bahamas (the),2008,0,0.59,0.59,0,0,0
Bahamas (the),2009,0,0.59,0.59,0,0,0
Bahamas (the),2010,0,0.59,0.59,0,0,0
Bahamas (the),2011,0,0.64,0.64,0,0,0
Bahamas (the),2012,0,0.69,0.69,0,0,0
Bahamas (the),2013,0,0.69,0.69,0,0,0
Bahamas (the),2014,0,0.69,0.69,0,0,0
Bahamas (the),2015,0,0.69,0.69,0,0,0
Bahamas (the),2016,0,0.73,0.73,0,0,0
Bahamas (the),2017,0,0.73,0.73,0,0,0
Bahamas (the),2018,0,0.73,0.73,0,0,0
Bahamas (the),2019,0,1,1,0,0,0
Bahamas (the),2020,0.01,1.03,1.03,0,0.01,0.01
Bahamas (the),2021,0.01,1.03,1.03,0,0.01,0.01
Bahamas (the),2022,0.02,1.06,1.06,0,0.02,0.02
Bahamas (the),2023,0.02,1.06,1.06,0,0.02,0.02
Bahamas (the),2024,0.02,1.06,1.06,0,0.02,0.02
Bahrain,2000,0,1.49,1.49,0,0,0
Bahrain,2001,0,1.49,1.49,0,0,0
Bahrain,2002,0,1.49,1.49,0,0,0
Bahrain,2003,0,2.48,2.48,0,0,0
Bahrain,2004,0,2.48,2.48,0,0,0
Bahrain,2005,0,3.14,3.14,0,0,0
Bahrain,2006,0,3.14,3.14,0,0,0
Bahrain,2007,0,4.08,4.08,0,0,0
Bahrain,2008,0,4.08,4.08,0,0,0
Bahrain,2009,0,4.08,4.08,0,0,0
Bahrain,2010,0,4.08,4.08,0,0,0
Bahrain,2011,0,4.08,4.08,0,0,0
Bahrain,2012,0,5.31,5.31,0,0,0
Bahrain,2013,0,5.31,5.31,0,0,0
Bahrain,2014,0,5.31,5.31,0,0,0
Bahrain,2015,0,5.31,5.31,0,0,0
Bahrain,2016,0.01,5.31,5.31,0,0.01,0.01
Bahrain,2017,0.01,5.31,5.31,0,0.01,0.01
Bahrain,2018,0.01,5.31,5.31,0,0.01,0.01
Bahrain,2019,0.01,7.1,7.1,0,0.01,0.01
Bahrain,2020,0.01,7.1,7.1,0,0.01,0.01
Bahrain,2021,0.02,7.1,7.1,0,0.02,0.02
Bahrain,2022,0.05,8.6,8.6,0,0.05,0.05
Bahrain,2023,0.06,8.6,8.6,0,0.06,0.06
Bahrain,2024,0.07,9.28,9.28,0,0.07,0.07
Bangladesh,2000,0.27,1.82,1.82,0.27,0.27,0
Bangladesh,2001,0.27,2.28,2.28,0.27,0.27,0
Bangladesh,2002,0.27,2.73,2.73,0.27,0.27,0
Bangladesh,2003,0.27,2.73,2.73,0.27,0.27,0
Bangladesh,2004,0.27,2.73,2.73,0.27,0.27,0
Bangladesh,2005,0.27,2.83,2.83,0.27,0.27,0
Bangladesh,2006,0.27,3.08,2.83,0.27,0.27,0
Bangladesh,2007,0.28,3.29,3.04,0.27,0.28,0.01
Bangladesh,2008,0.28,3.45,3.2,0.27,0.28,0.01
Bangladesh,2009,0.29,3.51,3.26,0.27,0.29,0.02
Bangladesh,2010,0.3,3.77,3.52,0.27,0.3,0.03
Bangladesh,2011,0.35,4.79,4.54,0.26,0.35,0.09
Bangladesh,2012,0.37,5.37,5.12,0.26,0.37,0.11
Bangladesh,2013,0.41,5.84,5.59,0.27,0.41,0.14
Bangladesh,2014,0.44,6.4,6.15,0.27,0.44,0.17
Bangladesh,2015,0.47,8.45,8.2,0.27,0.47,0.2
Bangladesh,2016,0.45,9.95,9.7,0.28,0.45,0.17
Bangladesh,2017,0.5,11.4,11.15,0.28,0.5,0.22
Bangladesh,2018,0.52,14.6,14.08,0.28,0.52,0.24
Bangladesh,2019,0.56,17.3,16.78,0.28,0.56,0.28
Bangladesh,2020,0.62,19.26,17.41,0.28,0.62,0.34
Bangladesh,2021,0.79,20.59,18.74,0.28,0.79,0.51
Bangladesh,2022,0.8,22.05,19.2,0.28,0.8,0.52
Bangladesh,2023,1.03,24.48,19.7,0.28,1.03,0.75
Bangladesh,2024,1.19,26.75,20.72,0.28,1.19,0.91
Bangladesh,2025,1.49,28.24,20.88,0.28,1.49,1.21
Barbados,2000,0,0.18,0.18,0,0,0
Barbados,2001,0,0.18,0.18,0,0,0
Barbados,2002,0,0.2,0.2,0,0,0
Barbados,2003,0,0.2,0.2,0,0,0
Barbados,2004,0,0.2,0.2,0,0,0
Barbados,2005,0,0.2,0.2,0,0,0
Barbados,2006,0,0.2,0.2,0,0,0
Barbados,2007,0,0.2,0.2,0,0,0
Barbados,2008,0,0.2,0.2,0,0,0
Barbados,2009,0,0.2,0.2,0,0,0
Barbados,2010,0,0.2,0.2,0,0,0
Barbados,2011,0,0.2,0.2,0,0,0
Barbados,2012,0,0.2,0.2,0,0,0
Barbados,2013,0,0.2,0.2,0,0,0
Barbados,2014,0,0.2,0.2,0,0,0
Barbados,2015,0,0.26,0.26,0,0,0
Barbados,2016,0.01,0.26,0.26,0,0.01,0.01
Barbados,2017,0.02,0.26,0.26,0,0.02,0.02
Barbados,2018,0.02,0.26,0.26,0,0.02,0.02
Barbados,2019,0.03,0.26,0.26,0,0.03,0.03
Barbados,2020,0.05,0.26,0.26,0,0.05,0.05
Barbados,2021,0.06,0.26,0.26,0,0.06,0.06
Barbados,2022,0.07,0.3,0.3,0,0.07,0.07
Barbados,2023,0.07,0.3,0.3,0,0.07,0.07
Barbados,2024,0.07,0.3,0.3,0,0.07,0.07
Belarus,2000,0.01,7.83,7.83,0.01,0.01,0
Belarus,2001,0.01,7.84,7.84,0.01,0.01,0
Belarus,2002,0.01,7.84,7.84,0.01,0.01,0
Belarus,2003,0.01,7.91,7.91,0.01,0.01,0
Belarus,2004,0.01,7.92,7.92,0.01,0.01,0
Belarus,2005,0.01,8.01,8.01,0.01,0.01,0
Belarus,2006,0.01,8.06,8.06,0.01,0.01,0
Belarus,2007,0.02,8.02,8.02,0.02,0.02,0
Belarus,2008,0.02,8.1,8.1,0.02,0.02,0
Belarus,2009,0.02,8.45,8.45,0.02,0.02,0
Belarus,2010,0.02,8.41,8.41,0.02,0.02,0
Belarus,2011,0.03,8.51,8.51,0.03,0.03,0
Belarus,2012,0.05,8.97,8.97,0.05,0.05,0
Belarus,2013,0.08,9.18,9.18,0.07,0.08,0.01
Belarus,2014,0.08,10.18,10.18,0.07,0.08,0.01
Belarus,2015,0.1,9.75,9.75,0.07,0.1,0.03
Belarus,2016,0.22,9.83,9.83,0.11,0.22,0.11
Belarus,2017,0.3,9.88,9.88,0.14,0.3,0.16
Belarus,2018,0.39,9.81,9.81,0.15,0.39,0.24
Belarus,2019,0.41,9.82,9.82,0.15,0.41,0.26
Belarus,2020,0.49,9.8,9.8,0.22,0.49,0.27
Belarus,2021,1.66,9.68,9.68,0.22,0.49,0.27
Belarus,2022,1.8,9.72,9.72,0.24,0.63,0.39
Belarus,2023,1.76,9.72,9.72,0.2,0.59,0.39
Belarus,2024,2.91,9.73,9.73,0.19,0.57,0.38
Belarus,2025,2.93,9.76,9.76,0.19,0.59,0.4
Belgium,2000,5.94,10.97,8.38,0.22,0.23,0.01
Belgium,2001,6.02,10.62,8.16,0.25,0.28,0.03
Belgium,2002,6.06,10.59,8.13,0.27,0.3,0.03
Belgium,2003,6.17,10.57,8.11,0.34,0.41,0.07
Belgium,2004,6.23,10.55,8.09,0.37,0.47,0.1
Belgium,2005,6.59,10.62,8.16,0.62,0.79,0.17
Belgium,2006,6.7,10.31,8.19,0.67,0.88,0.21
Belgium,2007,6.81,10.32,8.2,0.69,0.99,0.3
Belgium,2008,7,10.49,8.37,0.8,1.18,0.38
Belgium,2009,7.92,10.36,8.49,1.02,2.02,1
Belgium,2010,8.81,10.14,8.73,1.14,2.88,1.74
Belgium,2011,10.01,10.89,9.48,1.15,4.08,2.93
Belgium,2012,11.01,9.89,8.74,1.11,5.08,3.97
Belgium,2013,11.64,8.81,8.25,1.08,5.71,4.63
Belgium,2014,11.87,8.56,8,1.03,5.94,4.91
Belgium,2015,12.26,8.46,7.9,1.06,6.35,5.29
Belgium,2016,12.57,7.79,7.79,1.04,6.66,5.62
Belgium,2017,13.32,7.77,7.77,1.02,7.4,6.38
Belgium,2018,14.18,7.51,7.51,1,8.26,7.26
Belgium,2019,15.31,7.48,7.48,1,9.38,8.38
Belgium,2020,17.09,7.47,7.47,1.03,11.15,10.12
Belgium,2021,17.74,7.46,7.46,0.92,11.8,10.88
Belgium,2022,18.01,7.58,7.58,0.99,13.07,12.08
Belgium,2023,18.68,7.45,7.45,0.94,14.75,13.81
Belgium,2024,19.91,7.5,7.5,0.7,15.98,15.28
Belgium,2025,19.17,7.76,7.76,0.84,17.09,16.25
Belize,2000,0.06,0.03,0.03,0.06,0.06,0
Belize,2001,0.06,0.03,0.03,0.06,0.06,0
Belize,2002,0.06,0.03,0.03,0.06,0.06,0
Belize,2003,0.06,0.07,0.07,0.06,0.06,0
Belize,2004,0.06,0.07,0.07,0.06,0.06,0
Belize,2005,0.06,0.07,0.07,0.06,0.06,0
Belize,2006,0.06,0.09,0.09,0.06,0.06,0
Belize,2007,0.07,0.09,0.09,0.07,0.07,0
Belize,2008,0.07,0.09,0.09,0.07,0.07,0
Belize,2009,0.07,0.1,0.1,0.07,0.07,0
Belize,2010,0.09,0.1,0.1,0.09,0.09,0
Belize,2011,0.09,0.1,0.1,0.09,0.09,0
Belize,2012,0.09,0.1,0.1,0.09,0.09,0
Belize,2013,0.09,0.1,0.1,0.09,0.09,0
Belize,2014,0.09,0.1,0.1,0.09,0.09,0
Belize,2015,0.09,0.1,0.1,0.09,0.09,0
Belize,2016,0.09,0.1,0.1,0.09,0.09,0
Belize,2017,0.1,0.1,0.1,0.1,0.1,0
Belize,2018,0.1,0.1,0.1,0.1,0.1,0
Belize,2019,0.11,0.1,0.1,0.1,0.11,0.01
Belize,2020,0.11,0.1,0.1,0.1,0.11,0.01
Belize,2021,0.11,0.1,0.1,0.1,0.11,0.01
Belize,2022,0.11,0.1,0.1,0.1,0.11,0.01
Belize,2023,0.11,0.1,0.1,0.1,0.11,0.01
Belize,2024,0.11,0.15,0.15,0.1,0.11,0.01
Benin,2000,0,0.06,0.06,0,0,0
Benin,2001,0,0.06,0.06,0,0,0
Benin,2002,0,0.06,0.06,0,0,0
Benin,2003,0,0.06,0.06,0,0,0
Benin,2004,0,0.06,0.06,0,0,0
Benin,2005,0,0.06,0.06,0,0,0
Benin,2006,0,0.14,0.14,0,0,0
Benin,2007,0,0.17,0.17,0,0,0
Benin,2008,0,0.19,0.19,0,0,0
Benin,2009,0,0.14,0.14,0,0,0
Benin,2010,0,0.1,0.1,0,0,0
Benin,2011,0,0.1,0.1,0,0,0
Benin,2012,0,0.06,0.06,0,0,0
Benin,2013,0,0.14,0.14,0,0,0
Benin,2014,0,0.1,0.1,0,0,0
Benin,2015,0,0.1,0.1,0,0,0
Benin,2016,0,0.2,0.2,0,0,0
Benin,2017,0,0.2,0.2,0,0,0
Benin,2018,0,0.17,0.17,0,0,0
Benin,2019,0,0.3,0.3,0,0,0
Benin,2020,0,0.3,0.3,0,0,0
Benin,2021,0.01,0.3,0.3,0,0.01,0.01
Benin,2022,0.03,0.3,0.3,0,0.03,0.03
Benin,2023,0.04,0.3,0.3,0,0.04,0.04
Benin,2024,0.04,0.3,0.3,0,0.04,0.04
Bermuda,2000,NA,0,0,NA,NA,NA
Bermuda,2001,NA,0,0,NA,NA,NA
Bermuda,2002,NA,0,0,NA,NA,NA
Bermuda,2003,NA,0,0,NA,NA,NA
Bermuda,2004,NA,0,0,NA,NA,NA
Bermuda,2005,NA,0.06,0.06,NA,NA,NA
Bermuda,2006,NA,0.06,0.06,NA,NA,NA
Bermuda,2007,NA,0.06,0.06,NA,NA,NA
Bermuda,2008,NA,0.06,0.06,NA,NA,NA
Bermuda,2009,NA,0.06,0.06,NA,NA,NA
Bermuda,2010,NA,0.06,0.06,NA,NA,NA
Bermuda,2011,NA,0.06,0.06,NA,NA,NA
Bermuda,2012,NA,0.06,0.06,NA,NA,NA
Bermuda,2013,NA,0.06,0.06,NA,NA,NA
Bermuda,2014,NA,0.06,0.06,NA,NA,NA
Bermuda,2015,NA,0.06,0.06,NA,NA,NA
Bermuda,2016,NA,0.06,0.06,NA,NA,NA
Bermuda,2017,NA,0.06,0.06,NA,NA,NA
Bermuda,2018,NA,0.06,0.06,NA,NA,NA
Bermuda,2019,NA,0.06,0.06,NA,NA,NA
Bermuda,2020,NA,0.11,0.11,NA,NA,NA
Bermuda,2021,NA,0.11,0.11,NA,NA,NA
Bermuda,2022,NA,0.11,0.11,NA,NA,NA
Bermuda,2023,NA,0.11,0.11,NA,NA,NA
Bermuda,2024,NA,0.11,0.11,NA,NA,NA
Bhutan,2000,0.34,0.01,0.01,0.34,0.34,0
Bhutan,2001,0.36,0.01,0.01,0.36,0.36,0
Bhutan,2002,0.41,0.01,0.01,0.41,0.41,0
Bhutan,2003,0.43,0.01,0.01,0.43,0.43,0
Bhutan,2004,0.43,0.01,0.01,0.43,0.43,0
Bhutan,2005,0.47,0.01,0.01,0.47,0.47,0
Bhutan,2006,0.47,0.01,0.01,0.47,0.47,0
Bhutan,2007,1.49,0.01,0.01,1.49,1.49,0
Bhutan,2008,1.49,0.01,0.01,1.49,1.49,0
Bhutan,2009,1.49,0.01,0.01,1.49,1.49,0
Bhutan,2010,1.49,0.01,0.01,1.49,1.49,0
Bhutan,2011,1.49,0.01,0.01,1.49,1.49,0
Bhutan,2012,1.49,0.01,0.01,1.49,1.49,0
Bhutan,2013,1.49,0.01,0.01,1.49,1.49,0
Bhutan,2014,1.49,0.01,0.01,1.49,1.49,0
Bhutan,2015,1.61,0.01,0.01,1.61,1.61,0
Bhutan,2016,1.61,0.01,0.01,1.61,1.61,0
Bhutan,2017,1.61,0.01,0.01,1.61,1.61,0
Bhutan,2018,1.61,0.01,0.01,1.61,1.61,0
Bhutan,2019,2.33,0.01,0.01,2.33,2.33,0
Bhutan,2020,2.33,0.01,0.01,2.33,2.33,0
Bhutan,2021,2.33,0.01,0.01,2.33,2.33,0
Bhutan,2022,2.33,0.01,0.01,2.33,2.33,0
Bhutan,2023,2.33,0.01,0.01,2.33,2.33,0
Bhutan,2024,2.45,0.01,0.01,2.45,2.45,0
Bolivia,2000,0.37,0.76,0.76,0.37,0.37,0
Bolivia,2001,0.38,0.73,0.73,0.38,0.38,0
Bolivia,2002,0.47,0.72,0.72,0.47,0.47,0
Bolivia,2003,0.45,0.7,0.7,0.45,0.45,0
Bolivia,2004,0.5,0.79,0.79,0.5,0.5,0
Bolivia,2005,0.5,0.79,0.79,0.5,0.5,0
Bolivia,2006,0.53,0.82,0.82,0.53,0.53,0
Bolivia,2007,0.56,0.85,0.85,0.56,0.56,0
Bolivia,2008,0.57,0.84,0.84,0.57,0.57,0
Bolivia,2009,0.57,0.86,0.86,0.57,0.57,0
Bolivia,2010,0.56,0.96,0.96,0.56,0.56,0
Bolivia,2011,0.52,0.98,0.98,0.52,0.52,0
Bolivia,2012,0.52,1.12,1.12,0.52,0.52,0
Bolivia,2013,0.52,1.18,1.18,0.52,0.52,0
Bolivia,2014,0.53,1.43,1.43,0.53,0.53,0
Bolivia,2015,0.61,1.58,1.58,0.6,0.61,0.01
Bolivia,2016,0.65,1.52,1.52,0.61,0.65,0.04
Bolivia,2017,0.76,1.63,1.63,0.72,0.76,0.04
Bolivia,2018,0.97,1.65,1.65,0.87,0.97,0.1
Bolivia,2019,0.97,1.64,1.64,0.87,0.97,0.1
Bolivia,2020,1.03,2.34,2.34,0.88,1.03,0.15
Bolivia,2021,1.18,2.55,2.55,0.88,1.18,0.3
Bolivia,2022,1.23,1.76,1.76,0.93,1.23,0.3
Bolivia,2023,1.32,2.47,2.47,1.01,1.32,0.31
Bolivia,2024,1.31,2.47,2.47,0.99,1.31,0.32
Bolivia,2025,1.31,2.39,2.39,0.98,1.31,0.33
Bosnia Herzegovina,2000,1.51,1.79,NA,1.51,1.51,NA
Bosnia Herzegovina,2001,1.51,1.79,NA,1.51,1.51,NA
Bosnia Herzegovina,2002,1.51,1.79,NA,1.51,1.51,NA
Bosnia Herzegovina,2003,1.51,1.79,NA,1.51,1.51,0
Bosnia Herzegovina,2004,1.54,1.79,NA,1.54,1.54,0
Bosnia Herzegovina,2005,1.54,1.79,NA,1.54,1.54,0
Bosnia Herzegovina,2006,1.54,1.79,NA,1.54,1.54,0
Bosnia Herzegovina,2007,1.54,1.79,NA,1.54,1.54,0
Bosnia Herzegovina,2008,1.57,1.79,NA,1.57,1.57,0
Bosnia Herzegovina,2009,1.57,1.79,NA,1.57,1.57,0
Bosnia Herzegovina,2010,1.7,1.79,NA,1.7,1.7,0
Bosnia Herzegovina,2011,1.7,1.79,NA,1.7,1.7,0
Bosnia Herzegovina,2012,1.7,1.79,NA,1.7,1.7,0
Bosnia Herzegovina,2013,1.7,1.79,NA,1.7,1.7,0
Bosnia Herzegovina,2014,1.72,1.79,NA,1.71,1.72,0.01
Bosnia Herzegovina,2015,1.73,1.79,NA,1.72,1.73,0.01
Bosnia Herzegovina,2016,1.77,2.09,NA,1.76,1.77,0.01
Bosnia Herzegovina,2017,1.81,2.09,NA,1.79,1.81,0.02
Bosnia Herzegovina,2018,1.89,2.09,NA,1.82,1.89,0.07
Bosnia Herzegovina,2019,1.93,2.09,NA,1.82,1.93,0.11
Bosnia Herzegovina,2020,1.95,2.09,NA,1.83,1.95,0.12
Bosnia Herzegovina,2021,2.05,2.09,NA,1.85,2.05,0.2
Bosnia Herzegovina,2022,2.09,2.09,NA,1.85,2.09,0.24
Bosnia Herzegovina,2023,2.2,2.09,NA,1.85,2.2,0.35
Bosnia Herzegovina,2024,2.72,2.09,NA,1.89,2.72,0.83
Bosnia Herzegovina,2025,2.8,2.09,NA,1.89,2.8,0.91
Botswana,2000,0,0.13,0,0,0,0
Botswana,2001,0,0.13,0,0,0,0
Botswana,2002,0,0.13,0,0,0,0
Botswana,2003,0,0.13,0,0,0,0
Botswana,2004,0,0.13,0,0,0,0
Botswana,2005,0,0.13,0,0,0,0
Botswana,2006,0,0.13,0,0,0,0
Botswana,2007,0,0.13,0,0,0,0
Botswana,2008,0,0.13,0,0,0,0
Botswana,2009,0,0.13,0,0,0,0
Botswana,2010,0,0.2,0.07,0,0,0
Botswana,2011,0,0.2,0.07,0,0,0
Botswana,2012,0,0.2,0.07,0,0,0
Botswana,2013,0,0.5,0.07,0,0,0
Botswana,2014,0,0.8,0.07,0,0,0
Botswana,2015,0,0.8,0.07,0,0,0
Botswana,2016,0,0.8,0.07,0,0,0
Botswana,2017,0,0.8,0.07,0,0,0
Botswana,2018,0,0.8,0.07,0,0,0
Botswana,2019,0.01,0.8,0.07,0,0.01,0.01
Botswana,2020,0.01,0.8,0.07,0,0.01,0.01
Botswana,2021,0.01,0.8,0.07,0,0.01,0.01
Botswana,2022,0.01,0.8,0.07,0,0.01,0.01
Botswana,2023,0.01,0.8,0.07,0,0.01,0.01
Botswana,2024,0.07,0.8,0.07,0,0.07,0.07
Brazil,2000,72.83,8.36,6.99,70.84,70.86,0.02
Brazil,2001,74.66,8.23,6.86,72.67,72.69,0.02
Brazil,2002,77.58,11.33,9.96,75.55,75.57,0.02
Brazil,2003,78.94,13.53,12.16,76.91,76.93,0.02
Brazil,2004,79.64,16.62,15.25,77.61,77.63,0.02
Brazil,2005,81.27,16.64,15.27,79.24,79.26,0.02
Brazil,2006,83.87,16.89,15.52,81.63,81.86,0.23
Brazil,2007,85.57,17.36,15.99,83.32,83.56,0.24
Brazil,2008,87.11,18.16,16.79,84.76,85.1,0.34
Brazil,2009,89.97,17.96,16.51,87.36,87.96,0.6
Brazil,2010,94.12,22.04,20.49,91.18,92.11,0.93
Brazil,2011,97.59,22.53,20.62,94.04,95.58,1.54
Brazil,2012,102.85,22.79,20.53,98.93,100.84,1.91
Brazil,2013,108.89,25.24,21.89,104.64,106.9,2.26
Brazil,2014,113.42,25.81,22.46,106.38,111.43,5.05
Brazil,2015,118.64,26.45,23.1,108.92,116.65,7.73
Brazil,2016,133.68,26.91,23.63,121.23,131.69,10.46
Brazil,2017,138.24,26.58,23.75,122.59,136.25,13.66
Brazil,2018,141.85,25.24,22.41,122.89,139.86,16.97
Brazil,2019,146.56,26.61,23.43,124.44,144.57,20.13
Brazil,2020,152.59,28.45,25.27,124.99,150.6,25.61
Brazil,2021,163.08,29.86,26.68,125.78,161.09,35.31
Brazil,2022,178.24,28.85,25.67,126.98,176.25,49.27
Brazil,2023,196.05,28.64,25.46,127.39,194.06,66.67
Brazil,2024,215.79,28.88,25.78,127.77,213.8,86.03
Brazil,2025,230.18,30.46,27.46,128.63,228.19,99.56
Brunei Darussalam,2000,0,0.79,0.79,0,0,0
Brunei Darussalam,2001,0,0.73,0.73,0,0,0
Brunei Darussalam,2002,0,0.73,0.73,0,0,0
Brunei Darussalam,2003,0,0.75,0.75,0,0,0
Brunei Darussalam,2004,0,0.75,0.75,0,0,0
Brunei Darussalam,2005,0,0.76,0.76,0,0,0
Brunei Darussalam,2006,0,0.76,0.76,0,0,0
Brunei Darussalam,2007,0,0.76,0.76,0,0,0
Brunei Darussalam,2008,0,0.76,0.76,0,0,0
Brunei Darussalam,2009,0,0.83,0.83,0,0,0
Brunei Darussalam,2010,0,0.88,0.88,0,0,0
Brunei Darussalam,2011,0,0.89,0.89,0,0,0
Brunei Darussalam,2012,0,0.91,0.91,0,0,0
Brunei Darussalam,2013,0,0.91,0.91,0,0,0
Brunei Darussalam,2014,0,0.92,0.92,0,0,0
Brunei Darussalam,2015,0,0.92,0.92,0,0,0
Brunei Darussalam,2016,0,0.92,0.92,0,0,0
Brunei Darussalam,2017,0,0.99,0.99,0,0,0
Brunei Darussalam,2018,0,1,1,0,0,0
Brunei Darussalam,2019,0,1.22,1,0,0,0
Brunei Darussalam,2020,0,1.22,1,0,0,0
Brunei Darussalam,2021,0,1.22,1,0,0,0
Brunei Darussalam,2022,0,1.22,1,0,0,0
Brunei Darussalam,2023,0.01,1.22,1,0,0.01,0.01
Brunei Darussalam,2024,0.01,1.37,1.15,0,0.01,0.01
Bulgaria,2000,4.6,6.09,0.46,1.07,1.07,0
Bulgaria,2001,4.42,6.09,0.46,0.89,0.89,0
Bulgaria,2002,3.85,6.09,0.46,1.13,1.13,0
Bulgaria,2003,4.38,6.09,0.46,1.66,1.66,0
Bulgaria,2004,4.71,5.97,0.46,1.99,1.99,0
Bulgaria,2005,4.72,5.97,0.46,1.99,2,0.01
Bulgaria,2006,4.74,5.97,0.46,1.99,2.02,0.03
Bulgaria,2007,3.94,6.01,0.5,2.02,2.05,0.03
Bulgaria,2008,4.13,6.01,0.5,2.13,2.24,0.11
Bulgaria,2009,4.37,6.13,0.5,2.15,2.48,0.33
Bulgaria,2010,4.6,6.13,0.5,2.19,2.71,0.52
Bulgaria,2011,4.83,6.87,0.55,2.25,2.94,0.69
Bulgaria,2012,5.84,6.87,0.55,2.33,3.93,1.6
Bulgaria,2013,6.07,6.66,0.55,2.37,4.09,1.72
Bulgaria,2014,6.11,6.45,0.55,2.4,4.13,1.73
Bulgaria,2015,6.12,5.61,0.55,2.41,4.14,1.73
Bulgaria,2016,6.12,5.61,0.55,2.42,4.15,1.73
Bulgaria,2017,6.26,5.66,0.55,2.56,4.29,1.73
Bulgaria,2018,6.33,5.66,0.55,2.59,4.32,1.73
Bulgaria,2019,6.32,6.29,1.18,2.57,4.31,1.74
Bulgaria,2020,6.37,6.29,1.18,2.56,4.36,1.8
Bulgaria,2021,6.54,6.29,1.18,2.56,4.53,1.97
Bulgaria,2022,7.09,6.29,1.18,2.64,5.08,2.44
Bulgaria,2023,8.28,6.29,1.18,2.64,6.27,3.63
Bulgaria,2024,9.92,5.84,1.18,2.64,7.91,5.27
Bulgaria,2025,11.27,5.84,1.18,2.64,9.26,6.62
Burkina Faso,2000,0.03,0.05,0.05,0.03,0.03,0
Burkina Faso,2001,0.03,0.05,0.05,0.03,0.03,0
Burkina Faso,2002,0.03,0.05,0.05,0.03,0.03,0
Burkina Faso,2003,0.03,0.15,0.15,0.03,0.03,0
Burkina Faso,2004,0.03,0.18,0.18,0.03,0.03,0
Burkina Faso,2005,0.03,0.2,0.2,0.03,0.03,0
Burkina Faso,2006,0.03,0.23,0.23,0.03,0.03,0
Burkina Faso,2007,0.03,0.22,0.22,0.03,0.03,0
Burkina Faso,2008,0.03,0.22,0.22,0.03,0.03,0
Burkina Faso,2009,0.03,0.22,0.22,0.03,0.03,0
Burkina Faso,2010,0.03,0.21,0.21,0.03,0.03,0
Burkina Faso,2011,0.03,0.27,0.27,0.03,0.03,0
Burkina Faso,2012,0.03,0.33,0.33,0.03,0.03,0
Burkina Faso,2013,0.03,0.22,0.22,0.03,0.03,0
Burkina Faso,2014,0.03,0.26,0.26,0.03,0.03,0
Burkina Faso,2015,0.03,0.3,0.3,0.03,0.03,0
Burkina Faso,2016,0.03,0.29,0.29,0.03,0.03,0
Burkina Faso,2017,0.07,0.29,0.29,0.03,0.07,0.04
Burkina Faso,2018,0.08,0.29,0.29,0.03,0.08,0.05
Burkina Faso,2019,0.09,0.34,0.34,0.03,0.09,0.06
Burkina Faso,2020,0.09,0.34,0.34,0.03,0.09,0.06
Burkina Faso,2021,0.09,0.39,0.39,0.03,0.09,0.06
Burkina Faso,2022,0.12,0.39,0.39,0.03,0.12,0.09
Burkina Faso,2023,0.21,0.4,0.4,0.03,0.21,0.18
Burkina Faso,2024,0.24,0.4,0.4,0.03,0.24,0.21
Burundi,2000,0.05,0.01,0.01,0.05,0.05,0
Burundi,2001,0.05,0.01,0.01,0.05,0.05,0
Burundi,2002,0.05,0.01,0.01,0.05,0.05,0
Burundi,2003,0.05,0.01,0.01,0.05,0.05,0
Burundi,2004,0.05,0.01,0.01,0.05,0.05,0
Burundi,2005,0.05,0.01,0.01,0.05,0.05,0
Burundi,2006,0.05,0.01,0.01,0.05,0.05,0
Burundi,2007,0.05,0.01,0.01,0.05,0.05,0
Burundi,2008,0.05,0.01,0.01,0.05,0.05,0
Burundi,2009,0.05,0.01,0.01,0.05,0.05,0
Burundi,2010,0.05,0.01,0.01,0.05,0.05,0
Burundi,2011,0.05,0.02,0.02,0.05,0.05,0
Burundi,2012,0.05,0.02,0.02,0.05,0.05,0
Burundi,2013,0.05,0.02,0.02,0.05,0.05,0
Burundi,2014,0.05,0.02,0.02,0.05,0.05,0
Burundi,2015,0.05,0.02,0.02,0.05,0.05,0
Burundi,2016,0.05,0.02,0.02,0.05,0.05,0
Burundi,2017,0.05,0.05,0.05,0.05,0.05,0
Burundi,2018,0.05,0.05,0.05,0.05,0.05,0
Burundi,2019,0.05,0.05,0.05,0.05,0.05,0
Burundi,2020,0.05,0.05,0.05,0.05,0.05,0
Burundi,2021,0.06,0.05,0.05,0.05,0.06,0.01
Burundi,2022,0.07,0.05,0.05,0.06,0.07,0.01
Burundi,2023,0.07,0.05,0.05,0.06,0.07,0.01
Burundi,2024,0.07,0.05,0.05,0.06,0.07,0.01
Cabo Verde,2000,0,0.08,0.08,0,0,0
Cabo Verde,2001,0,0.08,0.08,0,0,0
Cabo Verde,2002,0,0.08,0.08,0,0,0
Cabo Verde,2003,0,0.08,0.08,0,0,0
Cabo Verde,2004,0,0.08,0.08,0,0,0
Cabo Verde,2005,0,0.08,0.08,0,0,0
Cabo Verde,2006,0,0.07,0.07,0,0,0
Cabo Verde,2007,0,0.07,0.07,0,0,0
Cabo Verde,2008,0,0.09,0.09,0,0,0
Cabo Verde,2009,0,0.08,0.08,0,0,0
Cabo Verde,2010,0.01,0.09,0.09,0,0.01,0.01
Cabo Verde,2011,0.03,0.1,0.1,0,0.03,0.03
Cabo Verde,2012,0.04,0.12,0.12,0,0.04,0.04
Cabo Verde,2013,0.04,0.11,0.11,0,0.04,0.04
Cabo Verde,2014,0.04,0.11,0.11,0,0.04,0.04
Cabo Verde,2015,0.04,0.15,0.15,0,0.04,0.04
Cabo Verde,2016,0.04,0.14,0.14,0,0.04,0.04
Cabo Verde,2017,0.04,0.14,0.14,0,0.04,0.04
Cabo Verde,2018,0.04,0.14,0.14,0,0.04,0.04
Cabo Verde,2019,0.04,0.13,0.13,0,0.04,0.04
Cabo Verde,2020,0.04,0.14,0.14,0,0.04,0.04
Cabo Verde,2021,0.05,0.14,0.14,0,0.05,0.05
Cabo Verde,2022,0.05,0.17,0.17,0,0.05,0.05
Cabo Verde,2023,0.06,0.16,0.16,0,0.06,0.06
Cabo Verde,2024,0.06,0.16,0.16,0,0.06,0.06
Cambodia,2000,0.01,0.17,0.17,0.01,0.01,0
Cambodia,2001,0.01,0.17,0.17,0.01,0.01,0
Cambodia,2002,0.01,0.17,0.17,0.01,0.01,0
Cambodia,2003,0.01,0.17,0.17,0.01,0.01,0
Cambodia,2004,0.01,0.18,0.18,0.01,0.01,0
Cambodia,2005,0.01,0.22,0.22,0.01,0.01,0
Cambodia,2006,0.01,0.28,0.28,0.01,0.01,0
Cambodia,2007,0.02,0.27,0.27,0.02,0.02,0
Cambodia,2008,0.02,0.33,0.33,0.02,0.02,0
Cambodia,2009,0.02,0.22,0.22,0.02,0.02,0
Cambodia,2010,0.02,0.25,0.25,0.02,0.02,0
Cambodia,2011,0.23,0.28,0.28,0.23,0.23,0
Cambodia,2012,0.28,0.26,0.26,0.28,0.28,0
Cambodia,2013,0.74,0.27,0.27,0.73,0.74,0.01
Cambodia,2014,1,0.48,0.25,0.99,1,0.01
Cambodia,2015,1,0.64,0.27,0.99,1,0.01
Cambodia,2016,1.01,0.64,0.27,0.99,1.01,0.02
Cambodia,2017,1.09,0.77,0.27,1.06,1.09,0.03
Cambodia,2018,1.45,0.74,0.24,1.41,1.45,0.04
Cambodia,2019,1.55,0.77,0.27,1.41,1.55,0.14
Cambodia,2020,1.73,1.3,0.65,1.4,1.73,0.33
Cambodia,2021,1.8,1.31,0.61,1.4,1.8,0.4
Cambodia,2022,1.89,2.1,0.64,1.41,1.89,0.48
Cambodia,2023,1.89,2.1,0.64,1.4,1.89,0.49
Cambodia,2024,2.84,2.11,0.65,1.87,2.84,0.97
Cambodia,2025,3.35,2.28,0.82,1.87,3.35,1.48
Cameroon,2000,0.72,0,0,0.72,0.72,0
Cameroon,2001,0.72,0,0,0.72,0.72,0
Cameroon,2002,0.72,0,0,0.72,0.72,0
Cameroon,2003,0.72,0,0,0.72,0.72,0
Cameroon,2004,0.72,0,0,0.72,0.72,0
Cameroon,2005,0.72,0,0,0.72,0.72,0
Cameroon,2006,0.72,0,0,0.72,0.72,0
Cameroon,2007,0.72,0,0,0.72,0.72,0
Cameroon,2008,0.72,0,0,0.72,0.72,0
Cameroon,2009,0.72,0.09,0.09,0.72,0.72,0
Cameroon,2010,0.72,0.09,0.09,0.72,0.72,0
Cameroon,2011,0.73,0.09,0.09,0.73,0.73,0
Cameroon,2012,0.73,0.09,0.09,0.73,0.73,0
Cameroon,2013,0.73,0.31,0.31,0.73,0.73,0
Cameroon,2014,0.73,0.31,0.31,0.73,0.73,0
Cameroon,2015,0.73,0.37,0.37,0.73,0.73,0
Cameroon,2016,0.73,0.37,0.37,0.73,0.73,0
Cameroon,2017,0.75,0.37,0.37,0.73,0.75,0.02
Cameroon,2018,0.76,0.37,0.37,0.73,0.76,0.03
Cameroon,2019,0.84,0.37,0.37,0.81,0.84,0.03
Cameroon,2020,0.85,0.37,0.37,0.81,0.85,0.04
Cameroon,2021,0.86,0.37,0.37,0.81,0.86,0.05
Cameroon,2022,0.86,0.37,0.37,0.81,0.86,0.05
Cameroon,2023,1.05,0.37,0.37,0.96,1.05,0.09
Cameroon,2024,1.5,0.37,0.37,1.41,1.5,0.09
Canada,2000,79.34,26.72,8.16,68.64,68.73,0.09
Canada,2001,79.35,28.44,9.88,68.61,68.74,0.13
Canada,2002,81.62,28.89,10.33,70.85,71.01,0.16
Canada,2003,83.26,30.7,12.14,72.32,72.65,0.33
Canada,2004,85.99,31.87,13.31,72.74,73.18,0.44
Canada,2005,87.76,29.73,13.36,73.73,74.41,0.68
Canada,2006,89.38,30.39,14.02,74.61,76.03,1.42
Canada,2007,90.36,30.39,14.02,75.17,77.01,1.84
Canada,2008,91.74,31.48,15.11,76.05,78.39,2.34
Canada,2009,92.4,34.01,17.64,76.41,79.74,3.33
Canada,2010,93.7,32.64,18.59,76.88,81.04,4.16
Canada,2011,95.71,32.21,18.64,77.37,83.05,5.68
Canada,2012,97.61,32.47,19.13,77.39,84.24,6.85
Canada,2013,100.26,29.75,19.5,77.4,86.23,8.83
Canada,2014,103.12,29.48,19.5,77.83,89.09,11.26
Canada,2015,109.12,30.74,20.76,81.74,95.09,13.35
Canada,2016,110.96,30.84,20.86,82.69,96.93,14.24
Canada,2017,112.11,31.14,21.16,83.34,98.08,14.74
Canada,2018,112.88,30.48,21.16,84.09,99.54,15.45
Canada,2019,113.27,30.68,21.51,83.88,99.93,16.05
Canada,2020,112.86,31.4,22.61,83.75,100.35,16.6
Canada,2021,116.38,30.63,25.32,85.56,103.29,17.73
Canada,2022,118.83,30.32,25.44,86.18,105.74,19.56
Canada,2023,120.31,30.32,26.06,86.17,107.64,21.47
Canada,2024,122.06,32.85,29.47,86.17,109.39,23.22
Canada,2025,123.14,32.85,29.47,86.8,110.47,23.67
Cayman Islands (the),2000,0,0.1,0.1,0,0,0
Cayman Islands (the),2001,0,0.12,0.12,0,0,0
Cayman Islands (the),2002,0,0.12,0.12,0,0,0
Cayman Islands (the),2003,0,0.12,0.12,0,0,0
Cayman Islands (the),2004,0,0.14,0.14,0,0,0
Cayman Islands (the),2005,0,0.12,0.12,0,0,0
Cayman Islands (the),2006,0,0.12,0.12,0,0,0
Cayman Islands (the),2007,0,0.13,0.13,0,0,0
Cayman Islands (the),2008,0,0.15,0.15,0,0,0
Cayman Islands (the),2009,0,0.15,0.15,0,0,0
Cayman Islands (the),2010,0,0.16,0.16,0,0,0
Cayman Islands (the),2011,0,0.16,0.16,0,0,0
Cayman Islands (the),2012,0,0.16,0.16,0,0,0
Cayman Islands (the),2013,0,0.16,0.16,0,0,0
Cayman Islands (the),2014,0,0.16,0.16,0,0,0
Cayman Islands (the),2015,0,0.15,0.15,0,0,0
Cayman Islands (the),2016,0,0.19,0.19,0,0,0
Cayman Islands (the),2017,0.01,0.19,0.19,0,0.01,0.01
Cayman Islands (the),2018,0.01,0.19,0.19,0,0.01,0.01
Cayman Islands (the),2019,0.01,0.19,0.19,0,0.01,0.01
Cayman Islands (the),2020,0.01,0.19,0.19,0,0.01,0.01
Cayman Islands (the),2021,0.01,0.19,0.19,0,0.01,0.01
Cayman Islands (the),2022,0.01,0.19,0.19,0,0.01,0.01
Cayman Islands (the),2023,0.01,0.2,0.2,0,0.01,0.01
Cayman Islands (the),2024,0.01,0.21,0.21,0,0.01,0.01
Central African Republic (the),2000,0.02,0.02,0.02,0.02,0.02,0
Central African Republic (the),2001,0.02,0.02,0.02,0.02,0.02,0
Central African Republic (the),2002,0.02,0.02,0.02,0.02,0.02,0
Central African Republic (the),2003,0.02,0.02,0.02,0.02,0.02,0
Central African Republic (the),2004,0.02,0.02,0.02,0.02,0.02,0
Central African Republic (the),2005,0.02,0.02,0.02,0.02,0.02,0
Central African Republic (the),2006,0.02,0.02,0.02,0.02,0.02,0
Central African Republic (the),2007,0.02,0.02,0.02,0.02,0.02,0
Central African Republic (the),2008,0.02,0.02,0.02,0.02,0.02,0
Central African Republic (the),2009,0.02,0.02,0.02,0.02,0.02,0
Central African Republic (the),2010,0.02,0.02,0.02,0.02,0.02,0
Central African Republic (the),2011,0.02,0.02,0.02,0.02,0.02,0
Central African Republic (the),2012,0.02,0.02,0.02,0.02,0.02,0
Central African Republic (the),2013,0.02,0.02,0.02,0.02,0.02,0
Central African Republic (the),2014,0.02,0.02,0.02,0.02,0.02,0
Central African Republic (the),2015,0.02,0.02,0.02,0.02,0.02,0
Central African Republic (the),2016,0.02,0.02,0.02,0.02,0.02,0
Central African Republic (the),2017,0.02,0.02,0.02,0.02,0.02,0
Central African Republic (the),2018,0.02,0.02,0.02,0.02,0.02,0
Central African Republic (the),2019,0.02,0.02,0.02,0.02,0.02,0
Central African Republic (the),2020,0.02,0.02,0.02,0.02,0.02,0
Central African Republic (the),2021,0.02,0.07,0.07,0.02,0.02,0
Central African Republic (the),2022,0.02,0.07,0.07,0.02,0.02,0
Central African Republic (the),2023,0.06,0.07,0.07,0.02,0.06,0.04
Chad,2000,0,0.03,0.03,0,0,0
Chad,2001,0,0.03,0.03,0,0,0
Chad,2002,0,0.03,0.03,0,0,0
Chad,2003,0,0.15,0.15,0,0,0
Chad,2004,0,0.15,0.15,0,0,0
Chad,2005,0,0.16,0.16,0,0,0
Chad,2006,0,0.16,0.16,0,0,0
Chad,2007,0,0.18,0.18,0,0,0
Chad,2008,0,0.18,0.18,0,0,0
Chad,2009,0,0.18,0.18,0,0,0
Chad,2010,0,0.18,0.18,0,0,0
Chad,2011,0,0.18,0.18,0,0,0
Chad,2012,0,0.28,0.28,0,0,0
Chad,2013,0,0.28,0.28,0,0,0
Chad,2014,0,0.28,0.28,0,0,0
Chad,2015,0,0.28,0.28,0,0,0
Chad,2016,0,0.28,0.28,0,0,0
Chad,2017,0,0.28,0.28,0,0,0
Chad,2018,0,0.28,0.28,0,0,0
Chad,2019,0,0.28,0.28,0,0,0
Chad,2020,0,0.28,0.28,0,0,0
Chad,2021,0,0.28,0.28,0,0,0
Chad,2022,0,0.28,0.28,0,0,0
Chad,2023,0,0.28,0.28,0,0,0
Chad,2024,0,0.28,0.28,0,0,0
Chile,2000,4.45,4.6,2.62,4.45,4.45,0
Chile,2001,4.45,4.99,3.01,4.45,4.45,0
Chile,2002,4.47,5.1,3.12,4.47,4.47,0
Chile,2003,4.49,5.51,3.53,4.49,4.49,0
Chile,2004,5.24,5.51,3.53,5.24,5.24,0
Chile,2005,5.26,5.87,3.89,5.26,5.26,0
Chile,2006,5.27,5.87,3.89,5.27,5.27,0
Chile,2007,5.42,6.19,4.21,5.4,5.42,0.02
Chile,2008,5.53,6.74,4.76,5.51,5.53,0.02
Chile,2009,6.1,7.98,5.85,5.94,6.1,0.16
Chile,2010,6.16,8.4,5.85,6,6.16,0.16
Chile,2011,6.7,9.32,5.85,6.52,6.7,0.18
Chile,2012,7.05,10.02,5.85,6.85,7.05,0.2
Chile,2013,7.68,10.29,5.85,7.36,7.68,0.32
Chile,2014,8.34,10.29,5.85,7.38,8.34,0.96
Chile,2015,8.46,10.58,5.99,6.97,8.46,1.49
Chile,2016,9.3,11.65,6.51,7.13,9.3,2.17
Chile,2017,10.18,11.65,6.51,7.16,10.18,3.02
Chile,2018,11.12,11.65,6.51,7.13,11.12,3.99
Chile,2019,11.51,11.83,6.64,6.79,11.51,4.72
Chile,2020,12.85,11.56,6.62,7.27,12.85,5.58
Chile,2021,15.14,11.91,6.97,7.29,15.14,7.85
Chile,2022,18.7,11.29,6.97,7.99,18.7,10.71
Chile,2023,21.2,11.02,6.92,7.93,21.2,13.27
Chile,2024,23.72,10.82,6.99,7.98,23.72,15.74
Chile,2025,26.43,10.11,6.99,8.41,26.43,18.02
China,2000,78.1,200.67,4.61,75.45,75.82,0.37
China,2001,81.52,214.45,4.8,78.82,79.24,0.42
China,2002,88.14,225.65,4.97,82.72,83.23,0.51
China,2003,98.01,249.96,6.59,91.75,92.37,0.62
China,2004,109.27,282.97,9.26,102.14,102.98,0.84
China,2005,121.95,337.71,16.87,113.79,114.99,1.2
China,2006,135.78,425.56,22.96,126.59,128.82,2.23
China,2007,155.77,506.09,30.95,142.29,146.69,4.4
China,2008,183.39,562.9,34.01,165.67,174.31,8.64
China,2009,214.28,617.25,37.35,187.19,205.2,18.01
China,2010,242.93,675.85,41.94,201.46,232.11,30.65
China,2011,279.31,731.19,39.19,217.28,266.74,49.46
China,2012,313.5,783.73,43.45,232.61,300.93,68.32
China,2013,372.45,836.59,49.46,263.3,357.79,94.49
China,2014,432.81,880.89,61.96,287.51,412.73,125.22
China,2015,503.91,950.19,70.54,302.14,476.74,174.6
China,2016,571.76,993.53,72.45,311.78,538.12,226.34
China,2017,652.99,1032.91,78.7,321.97,617.17,295.2
China,2018,735.51,1064.9,88.21,330.93,690.85,359.92
China,2019,801.57,1117.86,98.58,338.28,752.83,414.55
China,2020,938.6,1156.3,107.44,352.86,888.71,535.85
China,2021,1060.43,1191.6,117.59,371.23,1007.17,635.94
China,2022,1199.69,1228.14,126.93,385.17,1144.16,758.99
China,2023,1497.69,1283.53,137.02,388.97,1440.78,1051.81
China,2024,1865.07,1328.11,154.73,395.87,1804.24,1408.37
China,2025,2306.14,1420.37,177.08,400.85,2243.66,1842.81
Colombia,2000,8.35,3.68,2.67,8.35,8.35,0
Colombia,2001,8.76,4.14,3.13,8.76,8.76,0
Colombia,2002,9.12,4.13,3.12,9.12,9.12,0
Colombia,2003,8.94,4.13,3.12,8.94,8.94,0
Colombia,2004,9.03,4.15,3.14,9.01,9.03,0.02
Colombia,2005,9.04,4.15,3.14,9.03,9.04,0.01
Colombia,2006,9.06,4.09,3.08,9.04,9.06,0.02
Colombia,2007,9.1,4.09,3.08,9.08,9.1,0.02
Colombia,2008,9.11,4.15,3.14,9.09,9.11,0.02
Colombia,2009,9.13,4.15,3.14,9.11,9.13,0.02
Colombia,2010,9.45,4.15,3.14,9.43,9.45,0.02
Colombia,2011,9.92,4.6,3.59,9.9,9.92,0.02
Colombia,2012,9.98,5.5,4.49,9.96,9.98,0.02
Colombia,2013,10.09,6.17,5.16,10.07,10.09,0.02
Colombia,2014,11.15,6.11,5.1,11.13,11.15,0.02
Colombia,2015,11.76,6.7,5.36,11.74,11.76,0.02
Colombia,2016,11.89,6.27,4.93,11.87,11.89,0.02
Colombia,2017,12.07,6.72,5.38,12.04,12.07,0.03
Colombia,2018,12.19,7.17,5.56,12.16,12.19,0.03
Colombia,2019,12.29,6.48,4.87,12.25,12.29,0.04
Colombia,2020,12.38,6.58,4.97,12.29,12.38,0.09
Colombia,2021,12.47,6.61,5,12.3,12.47,0.17
Colombia,2022,13.87,6.83,5.22,13.53,13.87,0.34
Colombia,2023,14.17,7.4,5.79,13.61,14.17,0.56
Colombia,2024,15.06,7.42,5.81,13.61,15.06,1.45
Colombia,2025,15.4,7.33,5.72,13.64,15.4,1.76
Comoros (the),2000,0,0.01,0.01,0,0,0
Comoros (the),2001,0,0.01,0.01,0,0,0
Comoros (the),2002,0,0.01,0.01,0,0,0
Comoros (the),2003,0,0.01,0.01,0,0,0
Comoros (the),2004,0,0.02,0.02,0,0,0
Comoros (the),2005,0,0.02,0.02,0,0,0
Comoros (the),2006,0,0.02,0.02,0,0,0
Comoros (the),2007,0,0.01,0.01,0,0,0
Comoros (the),2008,0,0.02,0.02,0,0,0
Comoros (the),2009,0,0.02,0.02,0,0,0
Comoros (the),2010,0,0.02,0.02,0,0,0
Comoros (the),2011,0,0.02,0.02,0,0,0
Comoros (the),2012,0,0.02,0.02,0,0,0
Comoros (the),2013,0,0.02,0.02,0,0,0
Comoros (the),2014,0,0.02,0.02,0,0,0
Comoros (the),2015,0,0.02,0.02,0,0,0
Comoros (the),2016,0,0.02,0.02,0,0,0
Comoros (the),2017,0,0.02,0.02,0,0,0
Comoros (the),2018,0,0.02,0.02,0,0,0
Comoros (the),2019,0,0.02,0.02,0,0,0
Comoros (the),2020,0,0.02,0.02,0,0,0
Comoros (the),2021,0,0.02,0.02,0,0,0
Comoros (the),2022,0,0.02,0.02,0,0,0
Comoros (the),2023,0,0.02,0.02,0,0,0
Congo (the Democratic Republic of the),2000,2.4,0.02,0.02,2.4,2.4,0
Congo (the Democratic Republic of the),2001,2.41,0.02,0.02,2.41,2.41,0
Congo (the Democratic Republic of the),2002,2.41,0.02,0.02,2.41,2.41,0
Congo (the Democratic Republic of the),2003,2.42,0.02,0.02,2.42,2.42,0
Congo (the Democratic Republic of the),2004,2.42,0.02,0.02,2.42,2.42,0
Congo (the Democratic Republic of the),2005,2.42,0.02,0.02,2.42,2.42,0
Congo (the Democratic Republic of the),2006,2.42,0.02,0.02,2.42,2.42,0
Congo (the Democratic Republic of the),2007,2.42,0.02,0.02,2.42,2.42,0
Congo (the Democratic Republic of the),2008,2.42,0.02,0.02,2.42,2.42,0
Congo (the Democratic Republic of the),2009,2.42,0.02,0.02,2.42,2.42,0
Congo (the Democratic Republic of the),2010,2.42,0.03,0.03,2.42,2.42,0
Congo (the Democratic Republic of the),2011,2.42,0.04,0.04,2.42,2.42,0
Congo (the Democratic Republic of the),2012,2.42,0.03,0.03,2.42,2.42,0
Congo (the Democratic Republic of the),2013,2.42,0.03,0.03,2.42,2.42,0
Congo (the Democratic Republic of the),2014,2.42,0.03,0.03,2.42,2.42,0
Congo (the Democratic Republic of the),2015,2.42,0.03,0.03,2.42,2.42,0
Congo (the Democratic Republic of the),2016,2.43,0.03,0.03,2.43,2.43,0
Congo (the Democratic Republic of the),2017,2.45,0.03,0.03,2.44,2.45,0.01
Congo (the Democratic Republic of the),2018,2.61,0.03,0.03,2.6,2.61,0.01
Congo (the Democratic Republic of the),2019,2.62,0.03,0.03,2.61,2.62,0.01
Congo (the Democratic Republic of the),2020,2.62,0.03,0.03,2.61,2.62,0.01
Congo (the Democratic Republic of the),2021,2.63,0.03,0.03,2.61,2.63,0.02
Congo (the Democratic Republic of the),2022,2.95,0.08,0.08,2.93,2.95,0.02
Congo (the Democratic Republic of the),2023,3.21,0.08,0.08,3.19,3.21,0.02
Congo (the Democratic Republic of the),2024,3.28,0.42,0.42,3.25,3.28,0.03
Congo (the),2000,0.08,0.03,0.03,0.08,0.08,0
Congo (the),2001,0.08,0.03,0.03,0.08,0.08,0
Congo (the),2002,0.08,0.03,0.03,0.08,0.08,0
Congo (the),2003,0.08,0.03,0.03,0.08,0.08,0
Congo (the),2004,0.08,0.03,0.03,0.08,0.08,0
Congo (the),2005,0.08,0.03,0.03,0.08,0.08,0
Congo (the),2006,0.08,0.03,0.03,0.08,0.08,0
Congo (the),2007,0.08,0.06,0.06,0.08,0.08,0
Congo (the),2008,0.08,0.06,0.06,0.08,0.08,0
Congo (the),2009,0.08,0.06,0.06,0.08,0.08,0
Congo (the),2010,0.08,0.37,0.37,0.08,0.08,0
Congo (the),2011,0.08,0.37,0.37,0.08,0.08,0
Congo (the),2012,0.2,0.37,0.37,0.2,0.2,0
Congo (the),2013,0.2,0.37,0.37,0.2,0.2,0
Congo (the),2014,0.2,0.37,0.37,0.2,0.2,0
Congo (the),2015,0.2,0.37,0.37,0.2,0.2,0
Congo (the),2016,0.21,0.37,0.37,0.21,0.21,0
Congo (the),2017,0.22,0.37,0.37,0.22,0.22,0
Congo (the),2018,0.22,0.37,0.37,0.22,0.22,0
Congo (the),2019,0.22,0.37,0.37,0.22,0.22,0
Congo (the),2020,0.22,0.54,0.54,0.22,0.22,0
Congo (the),2021,0.22,0.59,0.59,0.22,0.22,0
Congo (the),2022,0.22,0.59,0.59,0.22,0.22,0
Congo (the),2023,0.22,0.59,0.59,0.22,0.22,0
Congo (the),2024,0.22,0.59,0.59,0.22,0.22,0
Cook Islands (the),2000,0,0.01,0.01,0,0,0
Cook Islands (the),2001,0,0.01,0.01,0,0,0
Cook Islands (the),2002,0,0.01,0.01,0,0,0
Cook Islands (the),2003,0,0.01,0.01,0,0,0
Cook Islands (the),2004,0,0.01,0.01,0,0,0
Cook Islands (the),2005,0,0.01,0.01,0,0,0
Cook Islands (the),2006,0,0.01,0.01,0,0,0
Cook Islands (the),2007,0,0.01,0.01,0,0,0
Cook Islands (the),2008,0,0.01,0.01,0,0,0
Cook Islands (the),2009,0,0.01,0.01,0,0,0
Cook Islands (the),2010,0,0.01,0.01,0,0,0
Cook Islands (the),2011,0,0.01,0.01,0,0,0
Cook Islands (the),2012,0,0.01,0.01,0,0,0
Cook Islands (the),2013,0,0.01,0.01,0,0,0
Cook Islands (the),2014,0,0.01,0.01,0,0,0
Cook Islands (the),2015,0,0.01,0.01,0,0,0
Cook Islands (the),2016,0,0.02,0.02,0,0,0
Cook Islands (the),2017,0,0.02,0.02,0,0,0
Cook Islands (the),2018,0,0.02,0.02,0,0,0
Cook Islands (the),2019,0.01,0.02,0.02,0,0.01,0.01
Cook Islands (the),2020,0.01,0.02,0.02,0,0.01,0.01
Cook Islands (the),2021,0.01,0.02,0.02,0,0.01,0.01
Cook Islands (the),2022,0.01,0.02,0.02,0,0.01,0.01
Cook Islands (the),2023,0.01,0.02,0.02,0,0.01,0.01
Cook Islands (the),2024,0.01,0.02,0.02,0,0.01,0.01
Costa Rica,2000,1.28,0.27,0.27,1.24,1.28,0.04
Costa Rica,2001,1.3,0.27,0.27,1.24,1.3,0.06
Costa Rica,2002,1.34,0.31,0.31,1.28,1.34,0.06
Costa Rica,2003,1.39,0.4,0.4,1.32,1.39,0.07
Costa Rica,2004,1.39,0.4,0.4,1.32,1.39,0.07
Costa Rica,2005,1.4,0.4,0.4,1.33,1.4,0.07
Costa Rica,2006,1.51,0.42,0.42,1.44,1.51,0.07
Costa Rica,2007,1.59,0.42,0.42,1.52,1.59,0.07
Costa Rica,2008,1.61,0.63,0.63,1.54,1.61,0.07
Costa Rica,2009,1.67,0.66,0.66,1.55,1.67,0.12
Costa Rica,2010,1.71,0.72,0.72,1.59,1.71,0.12
Costa Rica,2011,1.81,0.61,0.61,1.68,1.81,0.13
Costa Rica,2012,1.9,0.61,0.61,1.75,1.9,0.15
Costa Rica,2013,1.93,0.6,0.6,1.78,1.93,0.15
Costa Rica,2014,2.07,0.6,0.6,1.87,2.07,0.2
Costa Rica,2015,2.28,0.6,0.6,1.99,2.28,0.29
Costa Rica,2016,2.71,0.57,0.57,2.38,2.71,0.33
Costa Rica,2017,2.78,0.57,0.57,2.38,2.78,0.4
Costa Rica,2018,2.87,0.57,0.57,2.43,2.87,0.44
Costa Rica,2019,2.88,0.47,0.47,2.42,2.88,0.46
Costa Rica,2020,2.86,0.47,0.47,2.41,2.86,0.45
Costa Rica,2021,2.92,0.43,0.43,2.46,2.92,0.46
Costa Rica,2022,2.87,0.38,0.38,2.41,2.87,0.46
Costa Rica,2023,2.93,0.38,0.38,2.45,2.93,0.48
Costa Rica,2024,2.9,0.52,0.52,2.43,2.9,0.47
Costa Rica,2025,2.94,0.52,0.52,2.42,2.94,0.52
Cote d'Ivoire,2000,0.6,0.11,0.11,0.6,0.6,0
Cote d'Ivoire,2001,0.6,0.11,0.11,0.6,0.6,0
Cote d'Ivoire,2002,0.6,0.11,0.11,0.6,0.6,0
Cote d'Ivoire,2003,0.6,0.11,0.11,0.6,0.6,0
Cote d'Ivoire,2004,0.6,0.11,0.11,0.6,0.6,0
Cote d'Ivoire,2005,0.6,0.11,0.11,0.6,0.6,0
Cote d'Ivoire,2006,0.6,0.11,0.11,0.6,0.6,0
Cote d'Ivoire,2007,0.6,0.11,0.11,0.6,0.6,0
Cote d'Ivoire,2008,0.6,0.11,0.11,0.6,0.6,0
Cote d'Ivoire,2009,0.6,0.11,0.11,0.6,0.6,0
Cote d'Ivoire,2010,0.6,0.21,0.21,0.6,0.6,0
Cote d'Ivoire,2011,0.6,0.21,0.21,0.6,0.6,0
Cote d'Ivoire,2012,0.6,0.21,0.21,0.6,0.6,0
Cote d'Ivoire,2013,0.6,0.31,0.31,0.6,0.6,0
Cote d'Ivoire,2014,0.6,0.31,0.31,0.6,0.6,0
Cote d'Ivoire,2015,0.6,0.77,0.77,0.6,0.6,0
Cote d'Ivoire,2016,0.6,1.03,1.03,0.6,0.6,0
Cote d'Ivoire,2017,0.88,1.03,1.03,0.88,0.88,0
Cote d'Ivoire,2018,0.88,1.03,1.03,0.88,0.88,0
Cote d'Ivoire,2019,0.88,1.03,1.03,0.88,0.88,0
Cote d'Ivoire,2020,0.89,1.03,1.03,0.88,0.89,0.01
Cote d'Ivoire,2021,0.89,1.03,1.03,0.88,0.89,0.01
Cote d'Ivoire,2022,0.89,1.28,1.28,0.88,0.89,0.01
Cote d'Ivoire,2023,0.92,1.67,1.67,0.88,0.92,0.04
Cote d'Ivoire,2024,1.03,1.67,1.67,0.99,1.03,0.04
Croatia,2000,2.07,2.21,1.87,2.07,2.07,0
Croatia,2001,2.07,2.21,1.87,2.07,2.07,0
Croatia,2002,2.05,2.41,2.07,2.05,2.05,0
Croatia,2003,2.06,2.38,2.04,2.06,2.06,0
Croatia,2004,2.08,2.38,2.04,2.07,2.08,0.01
Croatia,2005,2.09,2.33,1.99,2.08,2.09,0.01
Croatia,2006,2.1,2.33,1.99,2.08,2.1,0.02
Croatia,2007,2.09,2.35,2.01,2.07,2.09,0.02
Croatia,2008,2.09,2.35,2.01,2.07,2.09,0.02
Croatia,2009,2.16,2.43,2.09,2.09,2.16,0.07
Croatia,2010,2.22,2.43,2.09,2.14,2.22,0.08
Croatia,2011,2.27,2.43,2.09,2.14,2.27,0.13
Croatia,2012,2.33,2.41,2.07,2.15,2.33,0.18
Croatia,2013,2.47,2.36,2.02,2.2,2.47,0.27
Croatia,2014,2.57,2.37,2.03,2.2,2.57,0.37
Croatia,2015,2.72,2.59,2.25,2.25,2.72,0.47
Croatia,2016,2.79,2.59,2.25,2.25,2.79,0.54
Croatia,2017,2.92,2.59,2.25,2.28,2.92,0.64
Croatia,2018,2.98,2.57,2.23,2.32,2.98,0.66
Croatia,2019,3.06,2.18,1.84,2.33,3.06,0.73
Croatia,2020,3.25,1.95,1.61,2.34,3.25,0.91
Croatia,2021,3.48,1.92,1.58,2.35,3.48,1.13
Croatia,2022,3.58,1.93,1.59,2.37,3.58,1.21
Croatia,2023,3.96,1.94,1.6,2.34,3.96,1.62
Croatia,2024,4.55,1.8,1.46,2.35,4.55,2.2
Croatia,2025,5.05,1.95,1.61,2.35,5.05,2.7
Cuba,2000,0.82,3.47,3.47,0.82,0.82,0
Cuba,2001,0.87,3.54,3.54,0.87,0.87,0
Cuba,2002,0.54,3.42,3.42,0.54,0.54,0
Cuba,2003,0.63,3.34,3.34,0.63,0.63,0
Cuba,2004,0.43,3.34,3.34,0.43,0.43,0
Cuba,2005,0.64,3.41,3.41,0.64,0.64,0
Cuba,2006,0.41,3.51,3.51,0.41,0.41,0
Cuba,2007,0.51,4.94,4.94,0.5,0.51,0.01
Cuba,2008,0.53,4.88,4.88,0.52,0.53,0.01
Cuba,2009,0.53,5.04,5.04,0.52,0.53,0.01
Cuba,2010,0.54,5.34,5.34,0.52,0.54,0.02
Cuba,2011,0.54,5.4,5.4,0.52,0.54,0.02
Cuba,2012,0.51,5.21,5.21,0.49,0.51,0.02
Cuba,2013,0.48,5.47,5.47,0.45,0.48,0.03
Cuba,2014,0.51,5.7,5.7,0.48,0.51,0.03
Cuba,2015,0.55,5.78,5.78,0.51,0.55,0.04
Cuba,2016,0.53,5.94,5.94,0.48,0.53,0.05
Cuba,2017,0.6,5.88,5.88,0.51,0.6,0.09
Cuba,2018,0.67,6,6,0.53,0.67,0.14
Cuba,2019,0.61,5.92,5.92,0.44,0.61,0.17
Cuba,2020,0.78,5.9,5.9,0.55,0.78,0.23
Cuba,2021,0.82,5.98,5.98,0.55,0.82,0.27
Cuba,2022,0.8,5.48,5.48,0.51,0.8,0.29
Cuba,2023,0.81,5.9,5.9,0.51,0.81,0.3
Cuba,2024,0.92,5.9,5.9,0.51,0.92,0.41
Cyprus,2000,0,0.63,0.63,0,0,0
Cyprus,2001,0,0.63,0.63,0,0,0
Cyprus,2002,0,0.89,0.89,0,0,0
Cyprus,2003,0,0.96,0.96,0,0,0
Cyprus,2004,0,0.96,0.96,0,0,0
Cyprus,2005,0,1.09,1.09,0,0,0
Cyprus,2006,0,1.09,1.09,0,0,0
Cyprus,2007,0,1.09,1.09,0,0,0
Cyprus,2008,0.01,1.31,1.31,0.01,0.01,0
Cyprus,2009,0.01,1.44,1.44,0.01,0.01,0
Cyprus,2010,0.1,1.49,1.49,0.01,0.1,0.09
Cyprus,2011,0.15,1.49,1.49,0.01,0.15,0.14
Cyprus,2012,0.18,1.71,1.71,0.01,0.18,0.17
Cyprus,2013,0.2,1.71,1.71,0.01,0.2,0.19
Cyprus,2014,0.22,1.71,1.71,0.01,0.22,0.21
Cyprus,2015,0.25,1.85,1.85,0.01,0.25,0.24
Cyprus,2016,0.25,1.85,1.85,0.01,0.25,0.24
Cyprus,2017,0.28,1.85,1.85,0.01,0.28,0.27
Cyprus,2018,0.29,1.85,1.85,0.01,0.29,0.28
Cyprus,2019,0.32,1.85,1.85,0.01,0.32,0.31
Cyprus,2020,0.4,1.85,1.85,0.01,0.4,0.39
Cyprus,2021,0.48,1.85,1.85,0.01,0.48,0.47
Cyprus,2022,0.59,1.85,1.85,0.01,0.59,0.58
Cyprus,2023,0.75,1.85,1.85,0.01,0.75,0.74
Cyprus,2024,0.92,1.85,1.85,0.01,0.92,0.91
Cyprus,2025,1.04,1.85,1.85,0.01,1.04,1.03
Czechia,2000,2.8,9.46,0.64,1.04,1.04,0
Czechia,2001,2.85,9.52,0.67,1.09,1.09,0
Czechia,2002,3.86,9.52,0.67,1.09,1.1,0.01
Czechia,2003,4.86,9.52,0.67,1.09,1.1,0.01
Czechia,2004,4.92,9.59,0.67,1.14,1.16,0.02
Czechia,2005,4.94,9.59,0.67,1.16,1.18,0.02
Czechia,2006,5,9.67,0.72,1.2,1.24,0.04
Czechia,2007,5.12,9.67,0.72,1.25,1.36,0.11
Czechia,2008,5.26,9.64,0.72,1.31,1.5,0.19
Czechia,2009,5.87,9.64,0.72,1.39,2.04,0.65
Czechia,2010,7.3,9.66,0.74,1.46,3.4,1.94
Czechia,2011,7.64,9.66,0.74,1.55,3.67,2.12
Czechia,2012,8.03,9.03,0.74,1.72,3.99,2.27
Czechia,2013,8.37,9.09,0.8,1.77,4.08,2.31
Czechia,2014,8.45,10.15,1.72,1.82,4.16,2.34
Czechia,2015,8.49,10.16,1.73,1.86,4.2,2.34
Czechia,2016,8.49,10.49,1.73,1.86,4.2,2.34
Czechia,2017,8.55,10.49,1.73,1.89,4.26,2.37
Czechia,2018,8.55,10.49,1.73,1.87,4.26,2.39
Czechia,2019,8.63,10.29,1.73,1.92,4.34,2.42
Czechia,2020,8.69,9.8,1.75,1.94,4.4,2.46
Czechia,2021,8.78,9.25,1.75,1.97,4.49,2.52
Czechia,2022,9,9.26,1.76,1.97,4.71,2.74
Czechia,2023,9.81,9.23,1.77,1.94,5.52,3.58
Czechia,2024,10.61,9.31,1.85,1.98,6.32,4.34
Czechia,2025,11.24,8.76,1.9,1.98,6.89,4.91
Denmark,2000,2.65,6.07,1.02,0.26,2.65,2.39
Denmark,2001,2.81,6.07,1.02,0.31,2.81,2.5
Denmark,2002,3.31,5.81,1.02,0.42,3.31,2.89
Denmark,2003,3.64,6.15,1.36,0.52,3.64,3.12
Denmark,2004,3.83,6.08,1.36,0.71,3.83,3.12
Denmark,2005,3.94,6.1,1.38,0.81,3.94,3.13
Denmark,2006,3.82,6.1,1.38,0.68,3.82,3.14
Denmark,2007,3.64,6.1,1.38,0.52,3.64,3.12
Denmark,2008,3.95,6.13,1.41,0.79,3.95,3.16
Denmark,2009,4.43,5.94,1.41,0.95,4.43,3.48
Denmark,2010,4.92,5.61,1.41,1.11,4.92,3.81
Denmark,2011,5.13,5.61,1.41,1.16,5.13,3.97
Denmark,2012,5.95,5.35,1.41,1.39,5.95,4.56
Denmark,2013,6.59,5.35,1.41,1.2,6.59,5.39
Denmark,2014,6.76,5.04,1.41,1.26,6.76,5.5
Denmark,2015,7.12,5.04,1.41,1.26,7.12,5.86
Denmark,2016,7.42,4.29,1.41,1.32,7.42,6.1
Denmark,2017,8.2,4.29,1.41,1.8,8.2,6.4
Denmark,2018,8.9,4.29,1.41,1.78,8.9,7.12
Denmark,2019,9.18,3.23,1.41,1.99,9.18,7.19
Denmark,2020,9.66,2.97,1.41,2.1,9.66,7.56
Denmark,2021,10.87,2.93,1.37,2.17,10.87,8.7
Denmark,2022,12.2,2.93,1.37,2.02,12.2,10.18
Denmark,2023,12.8,2.93,1.37,1.98,12.8,10.82
Denmark,2024,13.43,2.14,1.73,1.98,13.43,11.45
Denmark,2025,14.57,2.14,1.73,1.97,14.57,12.6
Djibouti,2000,0,0.09,0.09,0,0,0
Djibouti,2001,0,0.1,0.1,0,0,0
Djibouti,2002,0,0.11,0.11,0,0,0
Djibouti,2003,0,0.11,0.11,0,0,0
Djibouti,2004,0,0.12,0.12,0,0,0
Djibouti,2005,0,0.12,0.12,0,0,0
Djibouti,2006,0,0.12,0.12,0,0,0
Djibouti,2007,0,0.12,0.12,0,0,0
Djibouti,2008,0,0.13,0.13,0,0,0
Djibouti,2009,0,0.13,0.13,0,0,0
Djibouti,2010,0,0.13,0.13,0,0,0
Djibouti,2011,0,0.13,0.13,0,0,0
Djibouti,2012,0,0.13,0.13,0,0,0
Djibouti,2013,0,0.13,0.13,0,0,0
Djibouti,2014,0,0.13,0.13,0,0,0
Djibouti,2015,0,0.13,0.13,0,0,0
Djibouti,2016,0,0.13,0.13,0,0,0
Djibouti,2017,0,0.12,0.12,0,0,0
Djibouti,2018,0,0.12,0.12,0,0,0
Djibouti,2019,0,0.12,0.12,0,0,0
Djibouti,2020,0,0.12,0.12,0,0,0
Djibouti,2021,0.02,0.12,0.12,0,0.02,0.02
Djibouti,2022,0.02,0.12,0.12,0,0.02,0.02
Djibouti,2023,0.08,0.12,0.12,0,0.08,0.08
Djibouti,2024,0.08,0.12,0.12,0,0.08,0.08
Dominica,2000,0.01,0.01,0.01,0.01,0.01,0
Dominica,2001,0.01,0.01,0.01,0.01,0.01,0
Dominica,2002,0.01,0.01,0.01,0.01,0.01,0
Dominica,2003,0.01,0.01,0.01,0.01,0.01,0
Dominica,2004,0.01,0.01,0.01,0.01,0.01,0
Dominica,2005,0.01,0.02,0.02,0.01,0.01,0
Dominica,2006,0.01,0.02,0.02,0.01,0.01,0
Dominica,2007,0.01,0.02,0.02,0.01,0.01,0
Dominica,2008,0,0.02,0.02,0,0,0
Dominica,2009,0,0.02,0.02,0,0,0
Dominica,2010,0.01,0.02,0.02,0.01,0.01,0
Dominica,2011,0.01,0.02,0.02,0.01,0.01,0
Dominica,2012,0.01,0.02,0.02,0.01,0.01,0
Dominica,2013,0.01,0.02,0.02,0.01,0.01,0
Dominica,2014,0.01,0.02,0.02,0.01,0.01,0
Dominica,2015,0.01,0.02,0.02,0.01,0.01,0
Dominica,2016,0.01,0.02,0.02,0.01,0.01,0
Dominica,2017,0.01,0.02,0.02,0.01,0.01,0
Dominica,2018,0.01,0.02,0.02,0.01,0.01,0
Dominica,2019,0.01,0.02,0.02,0.01,0.01,0
Dominica,2020,0.01,0.02,0.02,0.01,0.01,0
Dominica,2021,0.01,0.02,0.02,0.01,0.01,0
Dominica,2022,0.01,0.02,0.02,0.01,0.01,0
Dominica,2023,0.01,0.02,0.02,0.01,0.01,0
Dominican Republic (the),2000,0.49,2.4,2.14,0.49,0.49,0
Dominican Republic (the),2001,0.5,2.62,2.31,0.5,0.5,0
Dominican Republic (the),2002,0.56,2.59,2.28,0.56,0.56,0
Dominican Republic (the),2003,0.56,3.01,2.7,0.56,0.56,0
Dominican Republic (the),2004,0.56,2.91,2.6,0.56,0.56,0
Dominican Republic (the),2005,0.49,2.87,2.56,0.49,0.49,0
Dominican Republic (the),2006,0.49,2.84,2.53,0.49,0.49,0
Dominican Republic (the),2007,0.49,2.78,2.47,0.49,0.49,0
Dominican Republic (the),2008,0.49,2.64,2.33,0.49,0.49,0
Dominican Republic (the),2009,0.54,2.66,2.35,0.54,0.54,0
Dominican Republic (the),2010,0.54,2.61,2.3,0.54,0.54,0
Dominican Republic (the),2011,0.57,2.72,2.41,0.54,0.57,0.03
Dominican Republic (the),2012,0.69,2.84,2.53,0.6,0.69,0.09
Dominican Republic (the),2013,0.7,2.86,2.55,0.6,0.7,0.1
Dominican Republic (the),2014,0.7,2.82,2.51,0.61,0.7,0.09
Dominican Republic (the),2015,0.74,2.92,2.61,0.63,0.74,0.11
Dominican Republic (the),2016,0.84,2.74,2.43,0.63,0.84,0.21
Dominican Republic (the),2017,0.92,3.02,2.71,0.69,0.92,0.23
Dominican Republic (the),2018,1.07,3.19,2.88,0.7,1.07,0.37
Dominican Republic (the),2019,1.4,3.49,2.8,0.7,1.4,0.7
Dominican Republic (the),2020,1.46,4.61,3.55,0.7,1.46,0.76
Dominican Republic (the),2021,1.65,4.61,3.55,0.7,1.65,0.95
Dominican Republic (the),2022,1.86,4.66,3.6,0.7,1.86,1.16
Dominican Republic (the),2023,2.2,5.04,3.98,0.7,2.2,1.5
Dominican Republic (the),2024,2.56,5.04,3.98,0.71,2.56,1.85
Dominican Republic (the),2025,3.27,5.75,4.69,0.71,3.27,2.56
Ecuador,2000,1.71,1.67,1.67,1.71,1.71,0
Ecuador,2001,1.74,1.51,1.51,1.74,1.74,0
Ecuador,2002,1.75,1.79,1.79,1.75,1.75,0
Ecuador,2003,1.75,1.77,1.77,1.75,1.75,0
Ecuador,2004,1.79,1.77,1.77,1.79,1.79,0
Ecuador,2005,1.82,1.9,1.9,1.82,1.82,0
Ecuador,2006,1.87,2.2,2.2,1.87,1.87,0
Ecuador,2007,2.13,2.35,2.35,2.13,2.13,0
Ecuador,2008,2.17,2.38,2.38,2.17,2.17,0
Ecuador,2009,2.17,2.54,2.54,2.17,2.17,0
Ecuador,2010,2.34,2.79,2.79,2.34,2.34,0
Ecuador,2011,2.33,2.84,2.84,2.33,2.33,0
Ecuador,2012,2.36,3.09,3.09,2.36,2.36,0
Ecuador,2013,2.38,3.11,3.11,2.36,2.38,0.02
Ecuador,2014,2.44,3.29,3.29,2.39,2.44,0.05
Ecuador,2015,2.6,3.41,3.41,2.55,2.6,0.05
Ecuador,2016,4.65,3.59,3.59,4.6,4.65,0.05
Ecuador,2017,4.72,3.34,3.34,4.67,4.72,0.05
Ecuador,2018,5.27,3.4,3.4,5.22,5.27,0.05
Ecuador,2019,5.28,3.41,3.41,5.23,5.28,0.05
Ecuador,2020,5.3,3.42,3.42,5.25,5.3,0.05
Ecuador,2021,5.3,3.43,3.43,5.25,5.3,0.05
Ecuador,2022,5.39,3.44,3.44,5.34,5.39,0.05
Ecuador,2023,5.44,3.46,3.46,5.34,5.44,0.1
Ecuador,2024,5.74,3.97,3.97,5.59,5.74,0.15
Ecuador,2025,5.76,4.32,4.32,5.56,5.76,0.2
Egypt,2000,2.93,10.21,10.21,2.86,2.93,0.07
Egypt,2001,2.93,10.91,10.91,2.86,2.93,0.07
Egypt,2002,2.93,11.6,11.6,2.86,2.93,0.07
Egypt,2003,2.93,12.96,12.96,2.86,2.93,0.07
Egypt,2004,3.01,12.96,12.96,2.86,3.01,0.15
Egypt,2005,3.01,12.96,12.96,2.86,3.01,0.15
Egypt,2006,3.09,14.46,14.46,2.86,3.09,0.23
Egypt,2007,3.17,14.46,14.46,2.86,3.17,0.31
Egypt,2008,3.27,15.96,15.96,2.87,3.27,0.4
Egypt,2009,3.31,16.71,16.71,2.87,3.31,0.44
Egypt,2010,3.44,20.41,20.41,2.87,3.44,0.57
Egypt,2011,3.46,22.84,22.84,2.87,3.46,0.59
Egypt,2012,3.46,24.09,24.09,2.87,3.46,0.59
Egypt,2013,3.46,24.74,24.74,2.87,3.46,0.59
Egypt,2014,3.46,25.49,25.49,2.87,3.46,0.59
Egypt,2015,3.66,30.18,30.18,2.87,3.66,0.79
Egypt,2016,3.68,30.81,30.81,2.87,3.68,0.81
Egypt,2017,3.8,34.38,34.38,2.87,3.8,0.93
Egypt,2018,4.79,50.03,50.03,2.9,4.79,1.89
Egypt,2019,5.69,53,53,2.91,5.69,2.78
Egypt,2020,5.93,53.75,53.75,2.91,5.93,3.02
Egypt,2021,6.25,54.78,54.78,2.95,6.25,3.3
Egypt,2022,6.28,54.61,54.61,2.95,6.28,3.33
Egypt,2023,6.67,54.22,54.22,2.96,6.67,3.71
Egypt,2024,7.71,54.22,54.22,2.96,7.71,4.75
Egypt,2025,9.26,54.22,54.22,2.96,9.26,6.3
El Salvador,2000,0.44,0.38,0.38,0.44,0.44,0
El Salvador,2001,0.44,0.38,0.38,0.44,0.44,0
El Salvador,2002,0.47,0.38,0.38,0.47,0.47,0
El Salvador,2003,0.49,0.38,0.38,0.49,0.49,0
El Salvador,2004,0.51,0.38,0.38,0.51,0.51,0
El Salvador,2005,0.54,0.38,0.38,0.54,0.54,0
El Salvador,2006,0.56,0.43,0.43,0.56,0.56,0
El Salvador,2007,0.59,0.43,0.43,0.59,0.59,0
El Salvador,2008,0.6,0.43,0.43,0.6,0.6,0
El Salvador,2009,0.6,0.48,0.48,0.6,0.6,0
El Salvador,2010,0.59,0.48,0.48,0.59,0.59,0
El Salvador,2011,0.61,0.48,0.48,0.61,0.61,0
El Salvador,2012,0.61,0.48,0.48,0.61,0.61,0
El Salvador,2013,0.63,0.55,0.55,0.63,0.63,0
El Salvador,2014,0.63,0.55,0.55,0.63,0.63,0
El Salvador,2015,0.71,0.55,0.55,0.7,0.71,0.01
El Salvador,2016,0.77,0.55,0.55,0.76,0.77,0.01
El Salvador,2017,0.95,0.55,0.55,0.84,0.95,0.11
El Salvador,2018,1.06,0.55,0.55,0.89,1.06,0.17
El Salvador,2019,1.29,0.55,0.55,0.88,1.29,0.41
El Salvador,2020,1.39,0.55,0.55,0.87,1.39,0.52
El Salvador,2021,1.46,0.55,0.55,0.87,1.46,0.59
El Salvador,2022,1.49,0.55,0.55,0.87,1.49,0.62
El Salvador,2023,1.64,0.55,0.55,0.94,1.64,0.7
El Salvador,2024,1.73,0.55,0.55,0.94,1.73,0.79
El Salvador,2025,1.73,0.55,0.55,0.94,1.73,0.79
Equatorial Guinea,2000,0.01,0.03,0.03,0.01,0.01,0
Equatorial Guinea,2001,0.01,0.03,0.03,0.01,0.01,0
Equatorial Guinea,2002,0.01,0.03,0.03,0.01,0.01,0
Equatorial Guinea,2003,0.01,0.03,0.03,0.01,0.01,0
Equatorial Guinea,2004,0.01,0.03,0.03,0.01,0.01,0
Equatorial Guinea,2005,0.01,0.03,0.03,0.01,0.01,0
Equatorial Guinea,2006,0.01,0.03,0.03,0.01,0.01,0
Equatorial Guinea,2007,0.01,0.06,0.06,0.01,0.01,0
Equatorial Guinea,2008,0.01,0.06,0.06,0.01,0.01,0
Equatorial Guinea,2009,0.01,0.06,0.06,0.01,0.01,0
Equatorial Guinea,2010,0.01,0.08,0.08,0.01,0.01,0
Equatorial Guinea,2011,0.01,0.08,0.08,0.01,0.01,0
Equatorial Guinea,2012,0.13,0.22,0.22,0.13,0.13,0
Equatorial Guinea,2013,0.13,0.22,0.22,0.13,0.13,0
Equatorial Guinea,2014,0.13,0.22,0.22,0.13,0.13,0
Equatorial Guinea,2015,0.13,0.22,0.22,0.13,0.13,0
Equatorial Guinea,2016,0.13,0.24,0.24,0.13,0.13,0
Equatorial Guinea,2017,0.13,0.27,0.27,0.13,0.13,0
Equatorial Guinea,2018,0.13,0.28,0.28,0.13,0.13,0
Equatorial Guinea,2019,0.13,0.28,0.28,0.13,0.13,0
Equatorial Guinea,2020,0.13,0.28,0.28,0.13,0.13,0
Equatorial Guinea,2021,0.13,0.28,0.28,0.13,0.13,0
Equatorial Guinea,2022,0.13,0.28,0.28,0.13,0.13,0
Equatorial Guinea,2023,0.13,0.28,0.28,0.13,0.13,0
Equatorial Guinea,2024,0.13,0.28,0.28,0.13,0.13,0
Eritrea,2000,0,0.16,0.16,0,0,0
Eritrea,2001,0,0.16,0.16,0,0,0
Eritrea,2002,0,0.16,0.16,0,0,0
Eritrea,2003,0,0.17,0.17,0,0,0
Eritrea,2004,0,0.17,0.17,0,0,0
Eritrea,2005,0,0.17,0.17,0,0,0
Eritrea,2006,0,0.17,0.17,0,0,0
Eritrea,2007,0,0.17,0.17,0,0,0
Eritrea,2008,0,0.14,0.14,0,0,0
Eritrea,2009,0,0.14,0.14,0,0,0
Eritrea,2010,0,0.14,0.14,0,0,0
Eritrea,2011,0,0.14,0.14,0,0,0
Eritrea,2012,0,0.14,0.14,0,0,0
Eritrea,2013,0,0.14,0.14,0,0,0
Eritrea,2014,0.01,0.14,0.14,0,0.01,0.01
Eritrea,2015,0.01,0.16,0.16,0,0.01,0.01
Eritrea,2016,0.01,0.16,0.16,0,0.01,0.01
Eritrea,2017,0.02,0.2,0.2,0,0.02,0.02
Eritrea,2018,0.03,0.21,0.21,0,0.03,0.03
Eritrea,2019,0.03,0.21,0.21,0,0.03,0.03
Eritrea,2020,0.03,0.21,0.21,0,0.03,0.03
Eritrea,2021,0.03,0.21,0.21,0,0.03,0.03
Eritrea,2022,0.02,0.21,0.21,0,0.02,0.02
Eritrea,2023,0.02,0.21,0.21,0,0.02,0.02
Eritrea,2024,0.02,0.21,0.21,0,0.02,0.02
Estonia,2000,0,3.01,3.01,0,0,0
Estonia,2001,0,2.65,2.65,0,0,0
Estonia,2002,0.01,2.61,2.61,0.01,0.01,0
Estonia,2003,0.01,2.61,2.61,0.01,0.01,0
Estonia,2004,0.02,2.88,2.88,0.01,0.02,0.01
Estonia,2005,0.04,2.72,2.72,0.01,0.04,0.03
Estonia,2006,0.04,2.72,2.72,0.01,0.04,0.03
Estonia,2007,0.06,2.77,2.77,0.01,0.06,0.05
Estonia,2008,0.09,2.81,2.81,0.01,0.09,0.08
Estonia,2009,0.17,2.7,2.7,0.07,0.17,0.1
Estonia,2010,0.26,2.7,2.7,0.15,0.26,0.11
Estonia,2011,0.33,2.7,2.7,0.15,0.33,0.18
Estonia,2012,0.45,2.69,2.69,0.18,0.45,0.27
Estonia,2013,0.52,2.6,2.6,0.27,0.52,0.25
Estonia,2014,0.55,2.68,2.68,0.27,0.55,0.28
Estonia,2015,0.6,2.48,2.48,0.29,0.6,0.31
Estonia,2016,0.61,2.18,2.18,0.29,0.61,0.32
Estonia,2017,0.61,2.14,2.14,0.29,0.61,0.32
Estonia,2018,0.61,2.42,2.42,0.27,0.61,0.34
Estonia,2019,0.73,2.24,2.24,0.29,0.73,0.44
Estonia,2020,0.84,2.12,2.12,0.31,0.84,0.53
Estonia,2021,1.02,1.61,1.61,0.31,1.02,0.71
Estonia,2022,1.15,1.61,1.61,0.31,1.15,0.84
Estonia,2023,1.46,1.6,1.6,0.31,1.46,1.15
Estonia,2024,2.57,1.07,1.07,1,2.57,1.57
Estonia,2025,2.69,0.96,0.96,1,2.69,1.69
Eswatini,2000,0.1,0.01,0.01,0.1,0.1,0
Eswatini,2001,0.1,0.01,0.01,0.1,0.1,0
Eswatini,2002,0.1,0.01,0.01,0.1,0.1,0
Eswatini,2003,0.1,0.01,0.01,0.1,0.1,0
Eswatini,2004,0.1,0.01,0.01,0.1,0.1,0
Eswatini,2005,0.1,0.01,0.01,0.1,0.1,0
Eswatini,2006,0.1,0.01,0.01,0.1,0.1,0
Eswatini,2007,0.1,0.01,0.01,0.1,0.1,0
Eswatini,2008,0.12,0.01,0.01,0.12,0.12,0
Eswatini,2009,0.12,0.01,0.01,0.12,0.12,0
Eswatini,2010,0.12,0.01,0.01,0.12,0.12,0
Eswatini,2011,0.18,0.01,0.01,0.18,0.18,0
Eswatini,2012,0.18,0.01,0.01,0.18,0.18,0
Eswatini,2013,0.18,0.01,0.01,0.18,0.18,0
Eswatini,2014,0.17,0.01,0.01,0.17,0.17,0
Eswatini,2015,0.17,0.01,0.01,0.17,0.17,0
Eswatini,2016,0.17,0.01,0.01,0.17,0.17,0
Eswatini,2017,0.17,0.01,0.01,0.17,0.17,0
Eswatini,2018,0.17,0.01,0.01,0.17,0.17,0
Eswatini,2019,0.17,0.01,0.01,0.17,0.17,0
Eswatini,2020,0.17,0.01,0.01,0.17,0.17,0
Eswatini,2021,0.18,0.01,0.01,0.17,0.18,0.01
Eswatini,2022,0.18,0.01,0.01,0.17,0.18,0.01
Eswatini,2023,0.2,0.01,0.01,0.17,0.2,0.03
Eswatini,2024,0.2,0.01,0.01,0.17,0.2,0.03
Ethiopia,2000,0.4,0.16,0.16,0.4,0.4,0
Ethiopia,2001,0.47,0.21,0.21,0.47,0.47,0
Ethiopia,2002,0.47,0.2,0.2,0.47,0.47,0
Ethiopia,2003,0.5,0.14,0.14,0.5,0.5,0
Ethiopia,2004,0.71,0.2,0.2,0.71,0.71,0
Ethiopia,2005,0.71,0.2,0.2,0.71,0.71,0
Ethiopia,2006,0.71,0.2,0.2,0.71,0.71,0
Ethiopia,2007,0.71,0.15,0.15,0.71,0.71,0
Ethiopia,2008,0.71,0.2,0.2,0.71,0.71,0
Ethiopia,2009,1.43,0.19,0.19,1.43,1.43,0
Ethiopia,2010,1.89,0.13,0.13,1.89,1.89,0
Ethiopia,2011,2.07,0.19,0.19,1.99,2.07,0.08
Ethiopia,2012,2.07,0.19,0.19,1.99,2.07,0.08
Ethiopia,2013,2.21,0.19,0.19,2.04,2.21,0.17
Ethiopia,2014,2.22,0.19,0.19,2.04,2.22,0.18
Ethiopia,2015,2.61,0.14,0.14,2.28,2.61,0.33
Ethiopia,2016,2.63,0.1,0.1,2.3,2.63,0.33
Ethiopia,2017,4.35,0.1,0.1,4.02,4.35,0.33
Ethiopia,2018,4.44,0.09,0.09,4.11,4.44,0.33
Ethiopia,2019,4.44,0.1,0.1,4.11,4.44,0.33
Ethiopia,2020,4.7,0.1,0.1,4.36,4.7,0.34
Ethiopia,2021,4.75,0.1,0.1,4.41,4.75,0.34
Ethiopia,2022,5.58,0.1,0.1,5.16,5.58,0.42
Ethiopia,2023,5.56,0.1,0.1,5.22,5.56,0.34
Ethiopia,2024,5.98,0.1,0.1,5.56,5.98,0.42
Ethiopia,2025,10.07,0.1,0.1,9.55,10.07,0.52
EU,2000,259.02,320.39,155.47,121.68,134.17,12.49
EU,2001,264.69,322.38,158.35,122.69,139.81,17.12
EU,2002,272.71,327.7,163.1,123.44,146.41,22.97
EU,2003,278.91,334.28,169.74,125.64,153.49,27.85
EU,2004,287.34,341.05,177.03,128.33,162.79,34.46
EU,2005,296.35,349,185.87,132.16,173.21,41.05
EU,2006,306.01,358.02,196.21,134.33,183.17,48.84
EU,2007,315.4,365.73,204.94,135.23,193.66,58.43
EU,2008,329.93,373.78,213.63,137.32,207.89,70.57
EU,2009,350.52,381.33,220.6,141.07,228.95,87.88
EU,2010,374.17,393.45,232.74,143.99,253.41,109.42
EU,2011,409.57,397.71,237.33,147.76,288.26,140.5
EU,2012,430.92,401.13,243.89,149.8,317.79,167.99
EU,2013,448.61,396.01,242.21,150.6,335.66,185.06
EU,2014,464.21,387.86,237.32,151.84,350.74,198.9
EU,2015,481.44,381.06,231.92,154.66,369.05,214.39
EU,2016,498.22,374.28,228.2,156.84,385.75,228.91
EU,2017,514.15,366.52,225.09,158.86,402.71,243.85
EU,2018,531.56,365.11,225.4,160.3,420.4,260.1
EU,2019,557.59,361.67,226.57,161.75,447.72,285.97
EU,2020,581.35,354.63,228.52,161.48,475.43,313.95
EU,2021,617.83,336.67,226.1,161.26,512.74,351.48
EU,2022,663.7,337.27,228.32,163.71,563.52,399.81
EU,2023,730.42,337.27,230.38,164.35,633.75,469.4
EU,2024,804.13,327.12,231.83,165.75,707.01,541.26
EU,2025,872.26,327.27,237.13,167.12,776.94,609.82
Europe,2000,419.23,560.9,279.93,232.6,245.58,12.98
Europe,2001,426.78,564.17,283.88,234.37,252.09,17.72
Europe,2002,435.75,572.41,292.59,236.16,259.87,23.71
Europe,2003,442.82,582.79,303.16,239.4,268.21,28.81
Europe,2004,454.77,592.77,313.44,242.88,278.57,35.69
Europe,2005,466.98,603.21,323.88,248.64,291.69,43.05
Europe,2006,477.38,615.21,336.01,251.5,302.78,51.28
Europe,2007,489.62,623.88,345.69,254.54,316.11,61.57
Europe,2008,506.45,634.83,357.23,258.09,333.07,74.98
Europe,2009,530.63,646.93,368.07,263.07,356.83,93.76
Europe,2010,558.04,665.27,385.16,268.06,385.03,116.97
Europe,2011,599.04,678.21,399.9,274.67,425.65,150.98
Europe,2012,630.31,685.84,412.77,281.93,464.82,182.89
Europe,2013,657.77,682.69,418.29,287.64,492.49,204.85
Europe,2014,682.2,684.59,422.33,290.26,515.27,225.01
Europe,2015,710.06,678.8,416.82,296.5,543.82,247.32
Europe,2016,737.12,673.05,417.36,301.84,570.24,268.4
Europe,2017,764.16,670.07,419.38,306.19,598.33,292.14
Europe,2018,793.41,666.4,422.06,311.43,626.65,315.22
Europe,2019,833.75,662.67,425.66,314.9,667.1,352.2
Europe,2020,866.8,650.81,426.86,318.93,706.41,387.48
Europe,2021,915.02,631.54,424.35,320.63,754.48,433.85
Europe,2022,968.94,632.94,427.57,324.98,815.26,490.28
Europe,2023,1051.26,630.49,431.12,328.74,901.08,572.34
Europe,2024,1130.47,618.29,434.99,325.42,979.67,654.25
Europe,2025,1213.22,621.29,443.13,327.15,1064.22,737.07
Falkland Islands (the) [Malvinas],2000,0,0.01,0.01,0,0,0
Falkland Islands (the) [Malvinas],2001,0,0.01,0.01,0,0,0
Falkland Islands (the) [Malvinas],2002,0,0.01,0.01,0,0,0
Falkland Islands (the) [Malvinas],2003,0,0.01,0.01,0,0,0
Falkland Islands (the) [Malvinas],2004,0,0.01,0.01,0,0,0
Falkland Islands (the) [Malvinas],2005,0,0.01,0.01,0,0,0
Falkland Islands (the) [Malvinas],2006,0,0.01,0.01,0,0,0
Falkland Islands (the) [Malvinas],2007,0,0.01,0.01,0,0,0
Falkland Islands (the) [Malvinas],2008,0,0.01,0.01,0,0,0
Falkland Islands (the) [Malvinas],2009,0,0.01,0.01,0,0,0
Falkland Islands (the) [Malvinas],2010,0,0.01,0.01,0,0,0
Falkland Islands (the) [Malvinas],2011,0,0.01,0.01,0,0,0
Falkland Islands (the) [Malvinas],2012,0,0.01,0.01,0,0,0
Falkland Islands (the) [Malvinas],2013,0,0.01,0.01,0,0,0
Falkland Islands (the) [Malvinas],2014,0,0.01,0.01,0,0,0
Falkland Islands (the) [Malvinas],2015,0,0.01,0.01,0,0,0
Falkland Islands (the) [Malvinas],2016,0,0.01,0.01,0,0,0
Falkland Islands (the) [Malvinas],2017,0,0.01,0.01,0,0,0
Falkland Islands (the) [Malvinas],2018,0,0.01,0.01,0,0,0
Falkland Islands (the) [Malvinas],2019,0,0.01,0.01,0,0,0
Falkland Islands (the) [Malvinas],2020,0,0.01,0.01,0,0,0
Falkland Islands (the) [Malvinas],2021,0,0.01,0.01,0,0,0
Falkland Islands (the) [Malvinas],2022,0,0.01,0.01,0,0,0
Falkland Islands (the) [Malvinas],2023,0,0.01,0.01,0,0,0
Faroe Islands (the),2000,0.03,0.05,0.05,0.03,0.03,0
Faroe Islands (the),2001,0.03,0.06,0.06,0.03,0.03,0
Faroe Islands (the),2002,0.03,0.06,0.06,0.03,0.03,0
Faroe Islands (the),2003,0.03,0.07,0.07,0.03,0.03,0
Faroe Islands (the),2004,0.03,0.07,0.07,0.03,0.03,0
Faroe Islands (the),2005,0.03,0.07,0.07,0.03,0.03,0
Faroe Islands (the),2006,0.03,0.07,0.07,0.03,0.03,0
Faroe Islands (the),2007,0.03,0.07,0.07,0.03,0.03,0
Faroe Islands (the),2008,0.03,0.07,0.07,0.03,0.03,0
Faroe Islands (the),2009,0.03,0.07,0.07,0.03,0.03,0
Faroe Islands (the),2010,0.03,0.07,0.07,0.03,0.03,0
Faroe Islands (the),2011,0.03,0.07,0.07,0.03,0.03,0
Faroe Islands (the),2012,0.05,0.07,0.07,0.04,0.05,0.01
Faroe Islands (the),2013,0.05,0.06,0.06,0.04,0.05,0.01
Faroe Islands (the),2014,0.06,0.06,0.06,0.04,0.06,0.02
Faroe Islands (the),2015,0.06,0.07,0.07,0.04,0.06,0.02
Faroe Islands (the),2016,0.06,0.07,0.07,0.04,0.06,0.02
Faroe Islands (the),2017,0.06,0.07,0.07,0.04,0.06,0.02
Faroe Islands (the),2018,0.06,0.07,0.07,0.04,0.06,0.02
Faroe Islands (the),2019,0.05,0.08,0.08,0.04,0.05,0.01
Faroe Islands (the),2020,0.06,0.11,0.11,0.04,0.06,0.02
Faroe Islands (the),2021,0.06,0.11,0.11,0.04,0.06,0.02
Faroe Islands (the),2022,0.09,0.11,0.11,0.04,0.09,0.05
Faroe Islands (the),2023,0.11,0.11,0.11,0.04,0.11,0.07
Fiji,2000,0.1,0.12,0.12,0.1,0.1,0
Fiji,2001,0.1,0.1,0.1,0.1,0.1,0
Fiji,2002,0.11,0.1,0.1,0.11,0.11,0
Fiji,2003,0.11,0.1,0.1,0.11,0.11,0
Fiji,2004,0.11,0.1,0.1,0.11,0.11,0
Fiji,2005,0.11,0.11,0.11,0.11,0.11,0
Fiji,2006,0.12,0.11,0.11,0.12,0.12,0
Fiji,2007,0.13,0.11,0.11,0.12,0.13,0.01
Fiji,2008,0.14,0.11,0.11,0.13,0.14,0.01
Fiji,2009,0.14,0.11,0.11,0.13,0.14,0.01
Fiji,2010,0.14,0.11,0.11,0.13,0.14,0.01
Fiji,2011,0.14,0.11,0.11,0.13,0.14,0.01
Fiji,2012,0.19,0.11,0.11,0.18,0.19,0.01
Fiji,2013,0.19,0.12,0.12,0.18,0.19,0.01
Fiji,2014,0.19,0.12,0.12,0.18,0.19,0.01
Fiji,2015,0.2,0.15,0.15,0.19,0.2,0.01
Fiji,2016,0.21,0.15,0.15,0.19,0.21,0.02
Fiji,2017,0.22,0.15,0.15,0.2,0.22,0.02
Fiji,2018,0.22,0.15,0.15,0.2,0.22,0.02
Fiji,2019,0.22,0.17,0.17,0.2,0.22,0.02
Fiji,2020,0.22,0.17,0.17,0.2,0.22,0.02
Fiji,2021,0.23,0.17,0.17,0.21,0.23,0.02
Fiji,2022,0.23,0.17,0.17,0.21,0.23,0.02
Fiji,2023,0.23,0.17,0.17,0.21,0.23,0.02
Fiji,2024,0.23,0.24,0.24,0.21,0.23,0.02
Finland,2000,7.1,5.93,2.14,4.42,4.46,0.04
Finland,2001,7.26,5.93,2.14,4.58,4.62,0.04
Finland,2002,7.32,5.93,2.14,4.61,4.65,0.04
Finland,2003,7.45,5.89,2.14,4.73,4.78,0.05
Finland,2004,7.52,5.89,2.14,4.77,4.85,0.08
Finland,2005,7.6,5.89,2.14,4.85,4.93,0.08
Finland,2006,7.62,5.81,2.14,4.86,4.95,0.09
Finland,2007,7.73,5.81,2.14,4.95,5.06,0.11
Finland,2008,7.73,5.81,2.14,4.86,5.01,0.15
Finland,2009,7.58,6.04,2.37,4.7,4.86,0.16
Finland,2010,7.65,6.04,2.37,4.72,4.93,0.21
Finland,2011,7.81,6.04,2.37,4.88,5.09,0.21
Finland,2012,7.86,6.04,2.37,4.86,5.13,0.27
Finland,2013,8.18,6.28,2.69,4.97,5.43,0.46
Finland,2014,8.42,5.28,2.69,5.03,5.67,0.64
Finland,2015,8.81,5.28,2.69,5.04,6.06,1.02
Finland,2016,9.41,5.4,2.81,5.05,6.65,1.6
Finland,2017,10.21,4.94,2.81,5.31,7.43,2.12
Finland,2018,10.26,5.09,2.96,5.31,7.48,2.17
Finland,2019,10.58,4.95,2.96,5.3,7.79,2.49
Finland,2020,11.44,4.55,2.96,5.76,8.65,2.89
Finland,2021,12.18,4.55,2.96,5.73,9.39,3.66
Finland,2022,15.61,4.49,2.9,6.49,12.82,6.33
Finland,2023,19.15,4.27,2.9,6.82,14.76,7.94
Finland,2024,20.92,4.06,2.9,6.97,16.55,9.58
Finland,2025,22.31,3.8,2.9,6.99,17.94,10.95
France,2000,87.18,34.9,26.5,23.95,24,0.05
France,2001,87.25,35.83,27.43,23.99,24.07,0.08
France,2002,87.59,36.57,28.17,24.17,24.32,0.15
France,2003,87.79,36.17,27.77,24.2,24.43,0.23
France,2004,87.88,35.92,27.47,24.15,24.52,0.37
France,2005,88.13,35.28,27.56,24.17,24.87,0.7
France,2006,88.9,34.28,26.75,24.22,25.64,1.42
France,2007,89.8,34.13,26.6,24.29,26.54,2.25
France,2008,91.06,34.44,26.91,24.32,27.8,3.48
France,2009,92.43,36.23,28.7,24.44,29.3,4.86
France,2010,94.84,37.49,29.96,24.76,31.71,6.95
France,2011,98.09,37.44,29.91,25.21,34.96,9.75
France,2012,100.38,38.44,30.91,25.34,37.25,11.91
France,2013,101.9,34.73,28.79,25.45,38.77,13.32
France,2014,103.71,32.61,27.19,25.52,40.58,15.06
France,2015,105.81,30.48,27.11,25.56,42.68,17.12
France,2016,107.78,29.2,25.83,25.76,44.65,18.89
France,2017,110.05,26.16,22.79,25.9,46.92,21.02
France,2018,112.88,24.86,21.49,26.12,49.75,23.63
France,2019,115.72,24.79,21.42,26.35,52.59,26.24
France,2020,116.3,25.12,21.75,26.31,54.9,28.59
France,2021,120.51,23.87,21.73,26.46,59.11,32.65
France,2022,125.57,23.86,21.72,26.46,64.17,37.71
France,2023,131.33,23.76,21.73,26.71,69.93,43.22
France,2024,137.8,22.57,20.66,26.7,76.4,49.7
France,2025,145.01,22.59,20.68,26.73,83.61,56.88
French Guiana,2000,0.11,NA,NA,0.11,0.11,0
French Guiana,2001,0.11,NA,NA,0.11,0.11,0
French Guiana,2002,0.11,NA,NA,0.11,0.11,0
French Guiana,2003,0.11,NA,NA,0.11,0.11,0
French Guiana,2004,0.11,NA,NA,0.11,0.11,0
French Guiana,2005,0.11,NA,NA,0.11,0.11,0
French Guiana,2006,0.11,NA,NA,0.11,0.11,0
French Guiana,2007,0.11,NA,NA,0.11,0.11,0
French Guiana,2008,0.11,NA,NA,0.11,0.11,0
French Guiana,2009,0.11,NA,NA,0.11,0.11,0
French Guiana,2010,0.13,NA,NA,0.11,0.13,0.02
French Guiana,2011,0.16,NA,NA,0.12,0.16,0.04
French Guiana,2012,0.16,NA,NA,0.12,0.16,0.04
French Guiana,2013,0.16,NA,NA,0.12,0.16,0.04
French Guiana,2014,0.16,NA,NA,0.12,0.16,0.04
French Guiana,2015,0.17,NA,NA,0.12,0.17,0.05
French Guiana,2016,0.17,NA,NA,0.12,0.17,0.05
French Guiana,2017,0.17,NA,NA,0.12,0.17,0.05
French Guiana,2018,0.17,NA,NA,0.12,0.17,0.05
French Guiana,2019,0.17,NA,NA,0.12,0.17,0.05
French Guiana,2020,0.18,NA,NA,0.12,0.18,0.06
French Guiana,2021,0.19,NA,NA,0.13,0.19,0.06
French Guiana,2022,0.19,NA,NA,0.13,0.19,0.06
French Guiana,2023,0.21,NA,NA,0.14,0.21,0.07
French Polynesia,2000,0.05,0.14,0.14,0.05,0.05,0
French Polynesia,2001,0.05,0.14,0.14,0.05,0.05,0
French Polynesia,2002,0.05,0.14,0.14,0.05,0.05,0
French Polynesia,2003,0.05,0.18,0.18,0.05,0.05,0
French Polynesia,2004,0.05,0.18,0.18,0.05,0.05,0
French Polynesia,2005,0.05,0.18,0.18,0.05,0.05,0
French Polynesia,2006,0.05,0.18,0.18,0.05,0.05,0
French Polynesia,2007,0.05,0.18,0.18,0.05,0.05,0
French Polynesia,2008,0.05,0.18,0.18,0.05,0.05,0
French Polynesia,2009,0.05,0.18,0.18,0.05,0.05,0
French Polynesia,2010,0.05,0.21,0.21,0.05,0.05,0
French Polynesia,2011,0.06,0.21,0.21,0.05,0.06,0.01
French Polynesia,2012,0.06,0.21,0.21,0.05,0.06,0.01
French Polynesia,2013,0.07,0.21,0.21,0.05,0.07,0.02
French Polynesia,2014,0.08,0.21,0.21,0.05,0.08,0.03
French Polynesia,2015,0.08,0.21,0.21,0.05,0.08,0.03
French Polynesia,2016,0.08,0.21,0.21,0.05,0.08,0.03
French Polynesia,2017,0.08,0.21,0.21,0.05,0.08,0.03
French Polynesia,2018,0.09,0.21,0.21,0.05,0.09,0.04
French Polynesia,2019,0.09,0.21,0.21,0.05,0.09,0.04
French Polynesia,2020,0.09,0.21,0.21,0.05,0.09,0.04
French Polynesia,2021,0.1,0.22,0.22,0.05,0.1,0.05
French Polynesia,2022,0.1,0.22,0.22,0.05,0.1,0.05
French Polynesia,2023,0.1,0.22,0.22,0.05,0.1,0.05
French Polynesia,2024,0.13,0.22,0.22,0.05,0.13,0.08
G20,2000,921.58,1704.21,718.98,565.85,583.72,17.87
G20,2001,943.13,1764.99,760.36,578.51,603.41,24.9
G20,2002,968.18,1861.88,841.07,590.28,622.12,31.84
G20,2003,994.2,1970.23,923.72,607.87,648.29,40.42
G20,2004,1025.32,2046.26,965.28,624.41,674.58,50.17
G20,2005,1064.49,2134.26,1004.1,647.3,709.58,62.28
G20,2006,1103.73,2259.9,1042.87,669.94,748.2,78.26
G20,2007,1148.04,2379.25,1083.44,692.77,791.33,98.56
G20,2008,1206.91,2477.5,1120.15,722.88,851.38,128.5
G20,2009,1281.89,2578.35,1158.05,754.6,925.03,170.43
G20,2010,1358.89,2704.33,1214.15,782.04,1000.3,218.26
G20,2011,1459.84,2809.32,1243.65,810.56,1097.89,287.33
G20,2012,1554.93,2898.89,1275.1,838.55,1200.52,361.97
G20,2013,1665.41,2984.67,1307.62,884.41,1313.01,428.6
G20,2014,1791.03,3084.86,1361.27,917.65,1430.74,513.09
G20,2015,1937.04,3169.12,1385.04,948.35,1571.29,622.94
G20,2016,2096.08,3247.55,1419.89,982.13,1721.46,739.33
G20,2017,2250.52,3306.6,1447.33,1002.06,1876.64,874.58
G20,2018,2408.31,3372.14,1504.32,1019.26,2027.32,1008.06
G20,2019,2563.32,3438.53,1536.81,1033.87,2183.24,1149.37
G20,2020,2795.79,3478.23,1567.58,1055.31,2423.26,1367.95
G20,2021,3042.7,3506.44,1586.68,1081.71,2667.84,1586.13
G20,2022,3313.61,3563.69,1623.04,1104.17,2942.82,1838.65
G20,2023,3777,3625.05,1642.12,1113.86,3407.01,2293.15
G20,2024,4344.68,3675.41,1679.13,1121.53,3968.1,2846.57
G20,2025,4993.36,3782.2,1711.49,1133.6,4616.27,3482.67
G7,2000,493.27,940.4,451.59,230.93,241.48,10.55
G7,2001,504.64,983.51,493.15,236.6,251.89,15.29
G7,2002,514.24,1048.36,554.47,240.45,260.15,19.7
G7,2003,520.09,1105.4,613.19,242.81,267.87,25.06
G7,2004,528.36,1137,642.75,243.49,273.04,29.55
G7,2005,541.64,1155.18,663.67,246.07,283.24,37.17
G7,2006,552.41,1170.75,679.04,248.75,294.83,46.08
G7,2007,564.99,1182.42,691.88,250.39,307.47,57.08
G7,2008,581.7,1203.71,712.48,252.56,324.94,72.38
G7,2009,609,1226.11,732.21,255.93,352.02,96.09
G7,2010,635.82,1247.32,750.01,259.21,378.57,119.36
G7,2011,676.6,1257.67,762.82,263.03,419.3,156.27
G7,2012,707.25,1258.65,772.7,264.45,460.7,196.25
G7,2013,732.63,1252.42,778.17,267.6,489.99,222.39
G7,2014,768.21,1254.93,788.62,269.66,526.2,256.54
G7,2015,812.86,1233.45,790.04,275.65,574.69,299.04
G7,2016,857.63,1225.48,803.88,278.33,619.36,341.03
G7,2017,895.07,1219.43,810.04,280.18,659.09,378.91
G7,2018,930.99,1223.1,834.01,283.48,696.99,413.51
G7,2019,962.48,1211.39,842.02,283.9,736.02,452.12
G7,2020,1005.94,1199.75,845.2,284.73,786.5,501.77
G7,2021,1063.81,1185.37,850.01,286.76,844.75,557.99
G7,2022,1107.77,1179.47,858.58,288.96,895.46,606.5
G7,2023,1176.02,1171.4,862.95,289.49,967.27,677.78
G7,2024,1262.38,1158.97,868.16,290.4,1052.52,762.12
G7,2025,1345.71,1160,874.11,292.45,1135.79,843.34
Gabon,2000,0.17,0.44,0.44,0.17,0.17,0
Gabon,2001,0.17,0.44,0.44,0.17,0.17,0
Gabon,2002,0.17,0.44,0.44,0.17,0.17,0
Gabon,2003,0.17,0.45,0.45,0.17,0.17,0
Gabon,2004,0.17,0.44,0.44,0.17,0.17,0
Gabon,2005,0.17,0.44,0.44,0.17,0.17,0
Gabon,2006,0.17,0.44,0.44,0.17,0.17,0
Gabon,2007,0.17,0.48,0.48,0.17,0.17,0
Gabon,2008,0.17,0.47,0.47,0.17,0.17,0
Gabon,2009,0.17,0.47,0.47,0.17,0.17,0
Gabon,2010,0.17,0.39,0.39,0.17,0.17,0
Gabon,2011,0.17,0.39,0.39,0.17,0.17,0
Gabon,2012,0.17,0.37,0.37,0.17,0.17,0
Gabon,2013,0.17,0.59,0.59,0.17,0.17,0
Gabon,2014,0.17,0.59,0.59,0.17,0.17,0
Gabon,2015,0.17,0.58,0.58,0.17,0.17,0
Gabon,2016,0.17,0.58,0.58,0.17,0.17,0
Gabon,2017,0.17,0.58,0.58,0.17,0.17,0
Gabon,2018,0.17,0.59,0.59,0.17,0.17,0
Gabon,2019,0.32,0.69,0.69,0.32,0.32,0
Gabon,2020,0.32,0.69,0.69,0.32,0.32,0
Gabon,2021,0.32,0.69,0.69,0.32,0.32,0
Gabon,2022,0.32,0.69,0.69,0.32,0.32,0
Gabon,2023,0.32,0.69,0.69,0.32,0.32,0
Gabon,2024,0.33,0.69,0.69,0.32,0.33,0.01
Gambia (the),2000,0,0.01,0.01,0,0,0
Gambia (the),2001,0,0.03,0.03,0,0,0
Gambia (the),2002,0,0.03,0.03,0,0,0
Gambia (the),2003,0,0.03,0.03,0,0,0
Gambia (the),2004,0,0.03,0.03,0,0,0
Gambia (the),2005,0,0.03,0.03,0,0,0
Gambia (the),2006,0,0.05,0.05,0,0,0
Gambia (the),2007,0,0.05,0.05,0,0,0
Gambia (the),2008,0,0.05,0.05,0,0,0
Gambia (the),2009,0,0.05,0.05,0,0,0
Gambia (the),2010,0,0.05,0.05,0,0,0
Gambia (the),2011,0,0.05,0.05,0,0,0
Gambia (the),2012,0,0.05,0.05,0,0,0
Gambia (the),2013,0,0.06,0.06,0,0,0
Gambia (the),2014,0,0.06,0.06,0,0,0
Gambia (the),2015,0,0.06,0.06,0,0,0
Gambia (the),2016,0,0.06,0.06,0,0,0
Gambia (the),2017,0,0.06,0.06,0,0,0
Gambia (the),2018,0,0.14,0.14,0,0,0
Gambia (the),2019,0,0.14,0.14,0,0,0
Gambia (the),2020,0,0.14,0.14,0,0,0
Gambia (the),2021,0,0.16,0.16,0,0,0
Gambia (the),2022,0,0.16,0.16,0,0,0
Gambia (the),2023,0,0.16,0.16,0,0,0
Gambia (the),2024,0.02,0.16,0.16,0,0.02,0.02
Georgia,2000,2.56,1.44,1.44,2.56,2.56,0
Georgia,2001,2.56,1.44,1.44,2.56,2.56,0
Georgia,2002,2.56,1.44,1.44,2.56,2.56,0
Georgia,2003,2.56,1.44,1.44,2.56,2.56,0
Georgia,2004,2.56,1.44,1.44,2.56,2.56,0
Georgia,2005,2.56,1.44,1.44,2.56,2.56,0
Georgia,2006,2.58,1.55,1.55,2.58,2.58,0
Georgia,2007,2.7,1.55,1.55,2.7,2.7,0
Georgia,2008,2.71,1.55,1.55,2.71,2.71,0
Georgia,2009,2.72,1.55,1.55,2.72,2.72,0
Georgia,2010,2.6,1.55,1.55,2.6,2.6,0
Georgia,2011,2.6,1.55,1.55,2.6,2.6,0
Georgia,2012,2.64,1.55,1.55,2.64,2.64,0
Georgia,2013,2.66,1.55,1.55,2.66,2.66,0
Georgia,2014,2.8,1.55,1.55,2.8,2.8,0
Georgia,2015,2.8,1.78,1.78,2.8,2.8,0
Georgia,2016,3.18,1.78,1.78,3.16,3.18,0.02
Georgia,2017,3.13,1.78,1.78,3.11,3.13,0.02
Georgia,2018,3.24,1.78,1.78,3.22,3.24,0.02
Georgia,2019,3.32,1.78,1.78,3.3,3.32,0.02
Georgia,2020,3.34,2.04,2.04,3.32,3.34,0.02
Georgia,2021,3.39,2.04,2.04,3.35,3.39,0.04
Georgia,2022,3.44,2.04,2.04,3.38,3.44,0.06
Georgia,2023,3.53,2.04,2.04,3.45,3.53,0.08
Georgia,2024,3.57,2.04,2.04,3.41,3.57,0.16
Georgia,2025,3.86,2.04,2.04,3.52,3.86,0.34
Germany,2000,34.19,69.71,17.11,5.59,11.79,6.2
Germany,2001,37.21,69.3,17.28,5.87,14.81,8.94
Germany,2002,41.76,69.9,17.39,6.1,18.36,12.26
Germany,2003,43.1,69.78,17.69,6.84,21.66,14.82
Germany,2004,45.43,70.34,18.34,7.35,24.88,17.53
Germany,2005,48.86,71.67,20.18,8.17,28.48,20.31
Germany,2006,52.43,72.15,20.66,8.85,32.22,23.37
Germany,2007,55.64,73.3,22.01,9.14,35.43,26.29
Germany,2008,58.92,74.14,22.85,9.52,38.43,28.91
Germany,2009,67.71,74.59,23.27,10.93,47.23,36.3
Germany,2010,77.01,77.01,25.69,11.63,56.54,44.91
Germany,2011,87.89,77.2,26.63,12.79,67.42,54.63
Germany,2012,90.21,77.3,26.81,13.08,78.14,65.06
Germany,2013,95.81,79.24,28.47,13.55,83.74,70.19
Germany,2014,102.36,78.86,28.71,13.78,90.29,76.51
Germany,2015,108.61,81.5,29.04,14.01,97.81,83.8
Germany,2016,115.21,82.56,30.78,14.29,104.41,90.12
Germany,2017,123.28,79.44,31.01,14.61,112.48,97.87
Germany,2018,129.68,78.47,31.09,15,118.88,103.88
Germany,2019,134.55,77.62,31.49,15.38,125.03,109.65
Germany,2020,139.75,78.64,32.25,15.77,131.64,115.87
Germany,2021,147.14,71.85,32.14,15.28,139.03,123.75
Germany,2022,146.99,73.06,33.88,15.4,142.79,127.39
Germany,2023,160.43,74.8,35.73,15.47,160.43,144.96
Germany,2024,179.38,68.8,36.46,15.44,179.38,163.94
Germany,2025,199.84,68.54,36.57,15.76,199.84,184.08
Ghana,2000,1.08,0.91,0.91,1.08,1.08,0
Ghana,2001,1.08,0.91,0.91,1.08,1.08,0
Ghana,2002,1.08,0.91,0.91,1.08,1.08,0
Ghana,2003,1.08,0.91,0.91,1.08,1.08,0
Ghana,2004,1.19,0.88,0.88,1.19,1.19,0
Ghana,2005,1.19,0.88,0.88,1.19,1.19,0
Ghana,2006,1.18,0.88,0.88,1.18,1.18,0
Ghana,2007,1.18,1.08,1.08,1.18,1.18,0
Ghana,2008,1.19,1.24,1.24,1.19,1.19,0
Ghana,2009,1.19,1.23,1.23,1.19,1.19,0
Ghana,2010,1.19,0.91,0.91,1.19,1.19,0
Ghana,2011,1.19,0.85,0.85,1.19,1.19,0
Ghana,2012,1.19,1.02,1.02,1.19,1.19,0
Ghana,2013,1.59,1.28,1.28,1.59,1.59,0
Ghana,2014,1.6,1.39,1.39,1.59,1.6,0.01
Ghana,2015,1.62,1.65,1.65,1.59,1.62,0.03
Ghana,2016,1.63,2.26,2.26,1.59,1.63,0.04
Ghana,2017,1.63,3.27,3.27,1.59,1.63,0.04
Ghana,2018,1.66,3.29,3.29,1.59,1.66,0.07
Ghana,2019,1.67,3.74,3.74,1.59,1.67,0.08
Ghana,2020,1.7,3.27,3.27,1.59,1.7,0.11
Ghana,2021,1.75,3.47,3.47,1.59,1.75,0.16
Ghana,2022,1.76,3.43,3.43,1.59,1.76,0.17
Ghana,2023,1.78,3.43,3.43,1.59,1.78,0.19
Ghana,2024,1.78,3.43,3.43,1.59,1.78,0.19
Gibraltar,2000,NA,NA,NA,NA,NA,NA
Gibraltar,2001,NA,NA,NA,NA,NA,NA
Gibraltar,2002,NA,NA,NA,NA,NA,NA
Gibraltar,2003,NA,NA,NA,NA,NA,NA
Gibraltar,2004,NA,NA,NA,NA,NA,NA
Gibraltar,2005,NA,NA,NA,NA,NA,NA
Gibraltar,2006,NA,NA,NA,NA,NA,NA
Gibraltar,2007,NA,NA,NA,NA,NA,NA
Gibraltar,2008,NA,NA,NA,NA,NA,NA
Gibraltar,2009,NA,NA,NA,NA,NA,NA
Gibraltar,2010,NA,NA,NA,NA,NA,NA
Gibraltar,2011,NA,NA,NA,NA,NA,NA
Gibraltar,2012,NA,NA,NA,NA,NA,NA
Gibraltar,2013,NA,NA,NA,NA,NA,NA
Gibraltar,2014,NA,NA,NA,NA,NA,NA
Gibraltar,2015,NA,NA,NA,NA,NA,NA
Gibraltar,2016,NA,NA,NA,NA,NA,NA
Gibraltar,2017,NA,NA,NA,NA,NA,NA
Gibraltar,2018,NA,NA,NA,NA,NA,NA
Gibraltar,2019,NA,NA,NA,NA,NA,NA
Gibraltar,2020,NA,NA,NA,NA,NA,NA
Gibraltar,2021,NA,NA,NA,NA,NA,NA
Gibraltar,2022,NA,NA,NA,NA,NA,NA
Gibraltar,2023,NA,NA,NA,NA,NA,NA
Gibraltar,2024,NA,NA,NA,NA,NA,NA
Greece,2000,3.3,6.16,1.21,3.07,3.3,0.23
Greece,2001,3.37,6.16,1.21,3.1,3.37,0.27
Greece,2002,3.39,6.64,1.69,3.1,3.39,0.29
Greece,2003,3.47,7.1,1.82,3.1,3.47,0.37
Greece,2004,3.59,7.35,2.07,3.12,3.59,0.47
Greece,2005,3.62,7.35,2.07,3.13,3.62,0.49
Greece,2006,3.9,8.15,2.87,3.15,3.9,0.75
Greece,2007,4.05,8.15,2.87,3.19,4.05,0.86
Greece,2008,4.25,8.62,3.34,3.22,4.25,1.03
Greece,2009,4.46,8.62,3.34,3.24,4.46,1.22
Greece,2010,4.75,9.4,4.19,3.25,4.75,1.5
Greece,2011,5.52,9.62,4.66,3.27,5.52,2.25
Greece,2012,6.58,10.06,5.1,3.29,6.58,3.29
Greece,2013,7.68,10.44,5.51,3.29,7.68,4.39
Greece,2014,8.02,10.56,5.63,3.44,8.02,4.58
Greece,2015,8.13,11.37,6.44,3.44,8.13,4.69
Greece,2016,8.42,10.82,6.44,3.45,8.42,4.97
Greece,2017,8.62,10.82,6.44,3.45,8.62,5.17
Greece,2018,8.96,10.82,6.44,3.49,8.96,5.47
Greece,2019,9.84,10.48,6.7,3.5,9.84,6.34
Greece,2020,10.81,9.87,6.7,3.52,10.81,7.29
Greece,2021,12.25,9.23,6.7,3.53,12.25,8.72
Greece,2022,13.35,8.92,6.7,3.55,13.35,9.8
Greece,2023,15.52,10.41,7.53,3.6,15.52,11.92
Greece,2024,17.83,9.52,7.53,3.63,17.83,14.2
Greece,2025,20.46,10.06,8.41,3.67,20.46,16.79
Greenland,2000,0.03,0.11,0.11,0.03,0.03,0
Greenland,2001,0.03,0.11,0.11,0.03,0.03,0
Greenland,2002,0.03,0.11,0.11,0.03,0.03,0
Greenland,2003,0.03,0.11,0.11,0.03,0.03,0
Greenland,2004,0.03,0.11,0.11,0.03,0.03,0
Greenland,2005,0.03,0.11,0.11,0.03,0.03,0
Greenland,2006,0.03,0.11,0.11,0.03,0.03,0
Greenland,2007,0.04,0.11,0.11,0.04,0.04,0
Greenland,2008,0.05,0.11,0.11,0.05,0.05,0
Greenland,2009,0.05,0.11,0.11,0.05,0.05,0
Greenland,2010,0.07,0.11,0.11,0.07,0.07,0
Greenland,2011,0.07,0.11,0.11,0.07,0.07,0
Greenland,2012,0.09,0.1,0.1,0.09,0.09,0
Greenland,2013,0.09,0.1,0.1,0.09,0.09,0
Greenland,2014,0.09,0.1,0.1,0.09,0.09,0
Greenland,2015,0.09,0.1,0.1,0.09,0.09,0
Greenland,2016,0.09,0.1,0.1,0.09,0.09,0
Greenland,2017,0.09,0.1,0.1,0.09,0.09,0
Greenland,2018,0.09,0.1,0.1,0.09,0.09,0
Greenland,2019,0.09,0.1,0.1,0.09,0.09,0
Greenland,2020,0.09,0.1,0.1,0.09,0.09,0
Greenland,2021,0.09,0.1,0.1,0.09,0.09,0
Greenland,2022,0.09,0.1,0.1,0.09,0.09,0
Greenland,2023,0.09,0.1,0.1,0.09,0.09,0
Greenland,2024,0.09,0.1,0.1,0.09,0.09,0
Grenada,2000,0,0.05,0.05,0,0,0
Grenada,2001,0,0.05,0.05,0,0,0
Grenada,2002,0,0.05,0.05,0,0,0
Grenada,2003,0,0.05,0.05,0,0,0
Grenada,2004,0,0.05,0.05,0,0,0
Grenada,2005,0,0.05,0.05,0,0,0
Grenada,2006,0,0.05,0.05,0,0,0
Grenada,2007,0,0.05,0.05,0,0,0
Grenada,2008,0,0.05,0.05,0,0,0
Grenada,2009,0,0.05,0.05,0,0,0
Grenada,2010,0,0.05,0.05,0,0,0
Grenada,2011,0,0.05,0.05,0,0,0
Grenada,2012,0,0.05,0.05,0,0,0
Grenada,2013,0,0.05,0.05,0,0,0
Grenada,2014,0,0.05,0.05,0,0,0
Grenada,2015,0,0.05,0.05,0,0,0
Grenada,2016,0,0.05,0.05,0,0,0
Grenada,2017,0,0.05,0.05,0,0,0
Grenada,2018,0,0.05,0.05,0,0,0
Grenada,2019,0,0.05,0.05,0,0,0
Grenada,2020,0,0.05,0.05,0,0,0
Grenada,2021,0,0.06,0.06,0,0,0
Grenada,2022,0,0.06,0.06,0,0,0
Grenada,2023,0,0.06,0.06,0,0,0
Grenada,2024,0,0.07,0.07,0,0,0
Guadeloupe,2000,0.05,0.35,0.29,0.04,0.05,0.01
Guadeloupe,2001,0.05,0.35,0.29,0.04,0.05,0.01
Guadeloupe,2002,0.05,0.35,0.29,0.04,0.05,0.01
Guadeloupe,2003,0.06,0.35,0.29,0.04,0.06,0.02
Guadeloupe,2004,0.06,0.35,0.29,0.04,0.06,0.02
Guadeloupe,2005,0.06,0.35,0.29,0.04,0.06,0.02
Guadeloupe,2006,0.06,0.35,0.29,0.04,0.06,0.02
Guadeloupe,2007,0.06,0.35,0.29,0.04,0.06,0.02
Guadeloupe,2008,0.07,0.35,0.29,0.04,0.07,0.03
Guadeloupe,2009,0.07,0.35,0.29,0.04,0.07,0.03
Guadeloupe,2010,0.09,0.35,0.29,0.04,0.09,0.05
Guadeloupe,2011,0.13,0.39,0.29,0.04,0.13,0.09
Guadeloupe,2012,0.14,0.39,0.29,0.04,0.14,0.1
Guadeloupe,2013,0.14,0.39,0.29,0.04,0.14,0.1
Guadeloupe,2014,0.14,0.4,0.3,0.04,0.14,0.1
Guadeloupe,2015,0.14,0.46,0.36,0.04,0.14,0.1
Guadeloupe,2016,0.14,0.46,0.36,0.04,0.14,0.1
Guadeloupe,2017,0.14,0.44,0.34,0.04,0.14,0.1
Guadeloupe,2018,0.15,0.44,0.34,0.04,0.15,0.11
Guadeloupe,2019,0.17,0.44,0.34,0.04,0.17,0.13
Guadeloupe,2020,0.19,0.36,0.3,0.06,0.19,0.13
Guadeloupe,2021,0.2,0.36,0.3,0.06,0.2,0.14
Guadeloupe,2022,0.21,0.36,0.3,0.06,0.21,0.15
Guadeloupe,2023,0.21,0.36,0.3,0.06,0.21,0.15
Guam,2000,0,0.55,0.55,0,0,0
Guam,2001,0,0.55,0.55,0,0,0
Guam,2002,0,0.55,0.55,0,0,0
Guam,2003,0,0.55,0.55,0,0,0
Guam,2004,0,0.55,0.55,0,0,0
Guam,2005,0,0.55,0.55,0,0,0
Guam,2006,0,0.55,0.55,0,0,0
Guam,2007,0,0.55,0.55,0,0,0
Guam,2008,0,0.55,0.55,0,0,0
Guam,2009,0,0.55,0.55,0,0,0
Guam,2010,0,0.55,0.55,0,0,0
Guam,2011,0,0.55,0.55,0,0,0
Guam,2012,0,0.55,0.55,0,0,0
Guam,2013,0,0.53,0.53,0,0,0
Guam,2014,0,0.53,0.53,0,0,0
Guam,2015,0.03,0.49,0.49,0,0.03,0.03
Guam,2016,0.03,0.44,0.44,0,0.03,0.03
Guam,2017,0.04,0.49,0.49,0,0.04,0.04
Guam,2018,0.04,0.49,0.49,0,0.04,0.04
Guam,2019,0.04,0.42,0.42,0,0.04,0.04
Guam,2020,0.04,0.42,0.42,0,0.04,0.04
Guam,2021,0.04,0.42,0.42,0,0.04,0.04
Guam,2022,0.1,0.42,0.42,0,0.1,0.1
Guam,2023,0.1,0.42,0.42,0,0.1,0.1
Guam,2024,0.1,0.44,0.44,0,0.1,0.1
Guatemala,2000,0.7,0.83,0.69,0.7,0.7,0
Guatemala,2001,0.73,0.84,0.7,0.73,0.73,0
Guatemala,2002,0.83,0.93,0.79,0.83,0.83,0
Guatemala,2003,0.86,1.06,0.92,0.86,0.86,0
Guatemala,2004,0.94,1.14,1,0.94,0.94,0
Guatemala,2005,1.05,1.12,0.98,1.05,1.05,0
Guatemala,2006,1.1,0.96,0.82,1.1,1.1,0
Guatemala,2007,1.14,1.03,0.89,1.14,1.14,0
Guatemala,2008,1.19,1.07,0.93,1.19,1.19,0
Guatemala,2009,1.19,1.15,1.01,1.19,1.19,0
Guatemala,2010,1.29,1.15,1.01,1.29,1.29,0
Guatemala,2011,1.37,1.31,1.09,1.37,1.37,0
Guatemala,2012,1.53,1.25,1.03,1.53,1.53,0
Guatemala,2013,1.6,1.27,1.05,1.6,1.6,0
Guatemala,2014,1.74,1.26,1.04,1.73,1.74,0.01
Guatemala,2015,2.14,1.2,0.98,1.97,2.14,0.17
Guatemala,2016,2.55,1.5,0.98,2.38,2.55,0.17
Guatemala,2017,2.64,1.28,0.76,2.47,2.64,0.17
Guatemala,2018,2.78,1.28,0.76,2.58,2.78,0.2
Guatemala,2019,2.82,1.28,0.76,2.62,2.82,0.2
Guatemala,2020,2.82,1.28,0.76,2.62,2.82,0.2
Guatemala,2021,2.64,1.07,0.63,2.44,2.64,0.2
Guatemala,2022,2.65,1.07,0.63,2.44,2.65,0.21
Guatemala,2023,2.66,1.07,0.63,2.45,2.66,0.21
Guatemala,2024,2.66,1.07,0.63,2.45,2.66,0.21
Guinea,2000,0.13,0.21,0.21,0.13,0.13,0
Guinea,2001,0.13,0.21,0.21,0.13,0.13,0
Guinea,2002,0.13,0.21,0.21,0.13,0.13,0
Guinea,2003,0.13,0.21,0.21,0.13,0.13,0
Guinea,2004,0.13,0.21,0.21,0.13,0.13,0
Guinea,2005,0.13,0.21,0.21,0.13,0.13,0
Guinea,2006,0.13,0.21,0.21,0.13,0.13,0
Guinea,2007,0.13,0.22,0.22,0.13,0.13,0
Guinea,2008,0.13,0.19,0.19,0.13,0.13,0
Guinea,2009,0.13,0.19,0.19,0.13,0.13,0
Guinea,2010,0.13,0.12,0.12,0.13,0.13,0
Guinea,2011,0.13,0.08,0.08,0.13,0.13,0
Guinea,2012,0.13,0.09,0.09,0.13,0.13,0
Guinea,2013,0.13,0.21,0.21,0.13,0.13,0
Guinea,2014,0.13,0.21,0.21,0.13,0.13,0
Guinea,2015,0.37,0.24,0.24,0.37,0.37,0
Guinea,2016,0.37,0.23,0.23,0.37,0.37,0
Guinea,2017,0.37,0.24,0.24,0.37,0.37,0
Guinea,2018,0.38,0.25,0.25,0.37,0.38,0.01
Guinea,2019,0.37,0.23,0.23,0.36,0.37,0.01
Guinea,2020,0.6,0.38,0.38,0.59,0.6,0.01
Guinea,2021,0.83,0.43,0.43,0.81,0.83,0.02
Guinea,2022,0.83,0.43,0.43,0.81,0.83,0.02
Guinea,2023,0.83,0.43,0.43,0.81,0.83,0.02
Guinea,2024,0.83,0.43,0.43,0.81,0.83,0.02
Guinea-Bissau,2000,0,0.02,0.02,0,0,0
Guinea-Bissau,2001,0,0.02,0.02,0,0,0
Guinea-Bissau,2002,0,0.02,0.02,0,0,0
Guinea-Bissau,2003,0,0.02,0.02,0,0,0
Guinea-Bissau,2004,0,0.02,0.02,0,0,0
Guinea-Bissau,2005,0,0.02,0.02,0,0,0
Guinea-Bissau,2006,0,0.02,0.02,0,0,0
Guinea-Bissau,2007,0,0.02,0.02,0,0,0
Guinea-Bissau,2008,0,0.03,0.03,0,0,0
Guinea-Bissau,2009,0,0.03,0.03,0,0,0
Guinea-Bissau,2010,0,0.03,0.03,0,0,0
Guinea-Bissau,2011,0,0.03,0.03,0,0,0
Guinea-Bissau,2012,0,0.03,0.03,0,0,0
Guinea-Bissau,2013,0,0.03,0.03,0,0,0
Guinea-Bissau,2014,0,0.03,0.03,0,0,0
Guinea-Bissau,2015,0,0.03,0.03,0,0,0
Guinea-Bissau,2016,0,0.03,0.03,0,0,0
Guinea-Bissau,2017,0,0.03,0.03,0,0,0
Guinea-Bissau,2018,0,0.03,0.03,0,0,0
Guinea-Bissau,2019,0,0.03,0.03,0,0,0
Guinea-Bissau,2020,0,0.03,0.03,0,0,0
Guinea-Bissau,2021,0,0.03,0.03,0,0,0
Guinea-Bissau,2022,0,0.03,0.03,0,0,0
Guinea-Bissau,2023,0,0.03,0.03,0,0,0
Guinea-Bissau,2024,0,0.03,0.03,0,0,0
Guyana,2000,0.02,0.23,0.23,0.02,0.02,0
Guyana,2001,0.02,0.23,0.23,0.02,0.02,0
Guyana,2002,0.02,0.23,0.23,0.02,0.02,0
Guyana,2003,0.02,0.23,0.23,0.02,0.02,0
Guyana,2004,0.02,0.23,0.23,0.02,0.02,0
Guyana,2005,0.02,0.2,0.2,0.02,0.02,0
Guyana,2006,0.02,0.2,0.2,0.02,0.02,0
Guyana,2007,0.02,0.21,0.21,0.02,0.02,0
Guyana,2008,0.02,0.21,0.21,0.02,0.02,0
Guyana,2009,0.04,0.2,0.2,0.04,0.04,0
Guyana,2010,0.04,0.2,0.2,0.04,0.04,0
Guyana,2011,0.04,0.21,0.21,0.04,0.04,0
Guyana,2012,0.04,0.21,0.21,0.04,0.04,0
Guyana,2013,0.04,0.21,0.21,0.04,0.04,0
Guyana,2014,0.04,0.21,0.21,0.04,0.04,0
Guyana,2015,0.04,0.26,0.26,0.04,0.04,0
Guyana,2016,0.04,0.27,0.27,0.04,0.04,0
Guyana,2017,0.04,0.27,0.27,0.04,0.04,0
Guyana,2018,0.05,0.27,0.27,0.04,0.05,0.01
Guyana,2019,0.05,0.27,0.27,0.04,0.05,0.01
Guyana,2020,0.05,0.27,0.27,0.04,0.05,0.01
Guyana,2021,0.05,0.32,0.32,0.04,0.05,0.01
Guyana,2022,0.05,0.32,0.32,0.04,0.05,0.01
Guyana,2023,0.06,0.32,0.32,0.04,0.06,0.02
Guyana,2024,0.06,0.32,0.32,0.04,0.06,0.02
Haiti,2000,0.06,0.15,0.15,0.06,0.06,0
Haiti,2001,0.06,0.15,0.15,0.06,0.06,0
Haiti,2002,0.06,0.16,0.16,0.06,0.06,0
Haiti,2003,0.06,0.2,0.2,0.06,0.06,0
Haiti,2004,0.06,0.21,0.21,0.06,0.06,0
Haiti,2005,0.06,0.21,0.21,0.06,0.06,0
Haiti,2006,0.06,0.21,0.21,0.06,0.06,0
Haiti,2007,0.06,0.21,0.21,0.06,0.06,0
Haiti,2008,0.06,0.28,0.28,0.06,0.06,0
Haiti,2009,0.06,0.34,0.34,0.06,0.06,0
Haiti,2010,0.06,0.34,0.34,0.06,0.06,0
Haiti,2011,0.06,0.37,0.37,0.06,0.06,0
Haiti,2012,0.06,0.37,0.37,0.06,0.06,0
Haiti,2013,0.06,0.4,0.4,0.06,0.06,0
Haiti,2014,0.06,0.4,0.4,0.06,0.06,0
Haiti,2015,0.06,0.4,0.4,0.06,0.06,0
Haiti,2016,0.06,0.4,0.4,0.06,0.06,0
Haiti,2017,0.06,0.4,0.4,0.06,0.06,0
Haiti,2018,0.08,0.4,0.4,0.08,0.08,0
Haiti,2019,0.08,0.4,0.4,0.08,0.08,0
Haiti,2020,0.08,0.4,0.4,0.08,0.08,0
Haiti,2021,0.08,0.4,0.4,0.08,0.08,0
Haiti,2022,0.08,0.4,0.4,0.08,0.08,0
Haiti,2023,0.08,0.4,0.4,0.08,0.08,0
Haiti,2024,0.08,0.4,0.4,0.08,0.08,0
Honduras,2000,0.44,0.21,0.21,0.44,0.44,0
Honduras,2001,0.44,0.21,0.21,0.44,0.44,0
Honduras,2002,0.48,0.21,0.21,0.48,0.48,0
Honduras,2003,0.5,0.21,0.21,0.5,0.5,0
Honduras,2004,0.52,0.48,0.48,0.52,0.52,0
Honduras,2005,0.55,0.73,0.73,0.55,0.55,0
Honduras,2006,0.56,0.73,0.73,0.56,0.56,0
Honduras,2007,0.6,0.73,0.73,0.6,0.6,0
Honduras,2008,0.59,0.73,0.73,0.59,0.59,0
Honduras,2009,0.6,0.73,0.73,0.6,0.6,0
Honduras,2010,0.62,0.73,0.73,0.62,0.62,0
Honduras,2011,0.72,0.73,0.73,0.62,0.72,0.1
Honduras,2012,0.78,0.73,0.73,0.67,0.78,0.11
Honduras,2013,0.79,0.73,0.73,0.68,0.79,0.11
Honduras,2014,0.93,0.73,0.73,0.77,0.93,0.16
Honduras,2015,1.37,0.8,0.73,0.81,1.37,0.56
Honduras,2016,1.48,0.8,0.73,0.89,1.48,0.59
Honduras,2017,1.57,0.73,0.73,0.89,1.57,0.68
Honduras,2018,1.66,0.73,0.73,0.92,1.66,0.74
Honduras,2019,1.71,0.82,0.82,0.95,1.71,0.76
Honduras,2020,1.83,0.87,0.87,1.06,1.83,0.77
Honduras,2021,1.84,0.87,0.87,1.07,1.84,0.77
Honduras,2022,1.9,0.87,0.87,1.13,1.9,0.77
Honduras,2023,1.9,0.87,0.87,1.13,1.9,0.77
Honduras,2024,1.92,1.05,1.05,1.13,1.92,0.79
Hong Kong,2000,0,10.12,3.51,0,0,0
Hong Kong,2001,0,10.12,3.51,0,0,0
Hong Kong,2002,0,10.48,3.87,0,0,0
Hong Kong,2003,0,10.48,3.87,0,0,0
Hong Kong,2004,0,10.48,3.87,0,0,0
Hong Kong,2005,0,10.48,3.87,0,0,0
Hong Kong,2006,0,10.78,4.17,0,0,0
Hong Kong,2007,0,10.78,4.17,0,0,0
Hong Kong,2008,0,10.78,4.17,0,0,0
Hong Kong,2009,0,10.78,4.17,0,0,0
Hong Kong,2010,0,10.78,4.17,0,0,0
Hong Kong,2011,0,10.78,4.17,0,0,0
Hong Kong,2012,0,10.78,4.17,0,0,0
Hong Kong,2013,0,10.78,4.17,0,0,0
Hong Kong,2014,0,10.78,4.17,0,0,0
Hong Kong,2015,0,10.78,4.17,0,0,0
Hong Kong,2016,0,10.78,4.17,0,0,0
Hong Kong,2017,0.04,10.53,4.17,0.04,0.04,0
Hong Kong,2018,0.04,10.28,4.17,0.04,0.04,0
Hong Kong,2019,0.14,10.28,4.17,0.05,0.14,0.09
Hong Kong,2020,0.14,11.21,5.1,0.05,0.14,0.09
Hong Kong,2021,0.15,11.21,5.1,0.05,0.15,0.1
Hong Kong,2022,0.24,11.23,5.12,0.06,0.24,0.18
Hong Kong,2023,0.39,10.28,5.12,0.06,0.39,0.33
Hong Kong,2024,0.47,10.21,6.1,0.06,0.47,0.41
Hungary,2000,1.92,8.51,6.8,0.07,0.07,0
Hungary,2001,1.94,8.61,6.9,0.07,0.07,0
Hungary,2002,1.98,8.69,6.98,0.11,0.11,0
Hungary,2003,1.97,8.48,6.77,0.1,0.1,0
Hungary,2004,2.12,8.56,6.95,0.25,0.25,0
Hungary,2005,2.29,8.34,6.73,0.4,0.42,0.02
Hungary,2006,2.3,8.36,6.75,0.4,0.43,0.03
Hungary,2007,2.28,8.3,6.69,0.39,0.45,0.06
Hungary,2008,2.52,8.21,6.6,0.45,0.58,0.13
Hungary,2009,2.7,8.2,6.59,0.56,0.76,0.2
Hungary,2010,2.85,8.17,6.56,0.56,0.85,0.29
Hungary,2011,2.88,8.49,7.19,0.55,0.88,0.33
Hungary,2012,2.72,8.29,7.1,0.39,0.72,0.33
Hungary,2013,2.76,7.27,6.08,0.39,0.76,0.37
Hungary,2014,3.03,7.24,6.05,0.61,1.03,0.42
Hungary,2015,3.07,7.15,5.96,0.57,1.07,0.5
Hungary,2016,3.05,7.27,6.08,0.49,1.05,0.56
Hungary,2017,3.22,7.23,6.04,0.55,1.22,0.67
Hungary,2018,3.64,7.14,6.01,0.57,1.63,1.06
Hungary,2019,4.29,7.19,6.06,0.56,2.28,1.72
Hungary,2020,5.03,7.17,6.04,0.57,3.02,2.45
Hungary,2021,5.93,7.14,6.01,0.61,3.9,3.29
Hungary,2022,7.18,7.04,5.91,0.59,5.15,4.56
Hungary,2023,8.84,6.16,5.03,0.58,6.81,6.23
Hungary,2024,10.22,5.88,4.75,0.7,8.19,7.49
Hungary,2025,11.23,5.64,4.63,0.7,9.2,8.5
Iceland,2000,1.06,0.15,0.15,1.06,1.06,0
Iceland,2001,1.11,0.15,0.15,1.11,1.11,0
Iceland,2002,1.15,0.15,0.15,1.15,1.15,0
Iceland,2003,1.15,0.15,0.15,1.15,1.15,0
Iceland,2004,1.16,0.14,0.14,1.16,1.16,0
Iceland,2005,1.16,0.14,0.14,1.16,1.16,0
Iceland,2006,1.16,0.14,0.14,1.16,1.16,0
Iceland,2007,1.76,0.12,0.12,1.76,1.76,0
Iceland,2008,1.88,0.12,0.12,1.88,1.88,0
Iceland,2009,1.88,0.12,0.12,1.88,1.88,0
Iceland,2010,1.88,0.12,0.12,1.88,1.88,0
Iceland,2011,1.88,0.12,0.12,1.88,1.88,0
Iceland,2012,1.88,0.11,0.11,1.88,1.88,0
Iceland,2013,1.98,0.11,0.11,1.98,1.98,0
Iceland,2014,1.98,0.11,0.11,1.98,1.98,0
Iceland,2015,1.99,0.12,0.12,1.99,1.99,0
Iceland,2016,1.99,0.12,0.12,1.99,1.99,0
Iceland,2017,1.99,0.12,0.12,1.99,1.99,0
Iceland,2018,2.11,0.12,0.12,2.1,2.11,0.01
Iceland,2019,2.11,0.12,0.12,2.1,2.11,0.01
Iceland,2020,2.12,0.12,0.12,2.11,2.12,0.01
Iceland,2021,2.12,0.13,0.13,2.11,2.12,0.01
Iceland,2022,2.12,0.13,0.13,2.11,2.12,0.01
Iceland,2023,2.16,0.07,0.07,2.15,2.16,0.01
Iceland,2024,2.14,0.07,0.07,2.13,2.14,0.01
India,2000,27.86,81.55,19.4,24.06,25,0.94
India,2001,29.39,83.63,20.48,25.1,26.67,1.57
India,2002,29.55,85.65,21.46,25.21,26.83,1.62
India,2003,32.98,87.87,22.18,27.79,30.26,2.47
India,2004,35.96,88.97,22.75,29.37,33.19,3.82
India,2005,39.7,93.7,24.07,31.9,36.34,4.44
India,2006,44.49,97.44,25.52,34.26,40.59,6.33
India,2007,47.5,105.38,28.25,35.51,43.38,7.87
India,2008,51.25,110.95,28.62,36.86,47.13,10.27
India,2009,52.77,119.56,31.77,37.24,48.21,10.97
India,2010,56.98,132.25,33.22,38.95,52.2,13.25
India,2011,62.75,148.65,35.22,41.22,57.97,16.75
India,2012,65.15,167.48,35.89,42.08,60.37,18.29
India,2013,68.27,188.49,39.14,43.47,63.49,20.02
India,2014,77.56,210.83,41.34,45.53,71.78,26.25
India,2015,84.23,233.11,43.56,47.66,78.45,30.79
India,2016,96.06,252.5,45.45,51.6,90.28,38.68
India,2017,111.9,258.69,46.22,54.01,105.12,51.11
India,2018,124.85,267.07,49.08,55.3,118.07,62.77
India,2019,135.09,272.4,46.77,55.55,128.31,72.76
India,2020,141.38,275.06,49.37,56.33,134.6,78.27
India,2021,153.98,281.11,50.1,57.15,147.2,90.05
India,2022,169.82,282.28,50.09,57.63,163.04,105.41
India,2023,183.06,288.13,50.63,57.79,175.58,117.79
India,2024,213.26,292.01,50.52,58.44,205.08,146.64
India,2025,258.87,296.59,45.94,60.08,250.09,190.01
Indonesia,2000,4.95,29.77,21.36,4.95,4.95,0
Indonesia,2001,3.87,21.57,13.16,3.87,3.87,0
Indonesia,2002,3.91,21.14,12.73,3.91,3.91,0
Indonesia,2003,3.92,21.28,12.87,3.92,3.92,0
Indonesia,2004,3.95,21.72,13.28,3.95,3.95,0
Indonesia,2005,4.5,22.78,14.34,4.5,4.5,0
Indonesia,2006,4.83,24.84,14.42,4.83,4.83,0
Indonesia,2007,4.82,25.77,15.25,4.81,4.82,0.01
Indonesia,2008,4.82,26.32,15.43,4.81,4.82,0.01
Indonesia,2009,5.51,26.64,15.42,5.5,5.51,0.01
Indonesia,2010,5.66,29.19,17.34,5.65,5.66,0.01
Indonesia,2011,5.92,34.69,19.07,5.9,5.92,0.02
Indonesia,2012,6.16,40.04,20.45,6.13,6.16,0.03
Indonesia,2013,6.92,42.8,20.82,6.88,6.92,0.04
Indonesia,2014,7.01,44.2,21.2,6.97,7.01,0.04
Indonesia,2015,7.14,44.81,19.47,7.06,7.14,0.08
Indonesia,2016,7.54,47.18,20.47,7.45,7.54,0.09
Indonesia,2017,7.65,50.12,20.94,7.55,7.65,0.1
Indonesia,2018,7.86,51.15,21.18,7.65,7.86,0.21
Indonesia,2019,8.18,57.17,22.79,7.87,8.18,0.31
Indonesia,2020,8.33,61.38,24.07,8.01,8.33,0.32
Indonesia,2021,9.24,64.77,24.94,8.87,9.24,0.37
Indonesia,2022,10.23,72.05,25.14,9.77,10.23,0.46
Indonesia,2023,10.73,79.24,25.64,9.95,10.73,0.78
Indonesia,2024,11.22,86.11,29.42,10.13,11.22,1.09
Iran (Islamic Republic of),2000,2.01,18.65,18.65,2,2.01,0.01
Iran (Islamic Republic of),2001,2.01,22.02,22.02,2,2.01,0.01
Iran (Islamic Republic of),2002,3.04,22.09,22.09,3.03,3.04,0.01
Iran (Islamic Republic of),2003,4.44,23.52,23.52,4.42,4.44,0.02
Iran (Islamic Republic of),2004,5.03,23.95,23.95,5.01,5.03,0.02
Iran (Islamic Republic of),2005,6.08,27.22,27.22,6.04,6.08,0.04
Iran (Islamic Republic of),2006,6.62,29.19,29.19,6.57,6.62,0.05
Iran (Islamic Republic of),2007,7.48,29.35,29.35,7.42,7.48,0.06
Iran (Islamic Republic of),2008,7.73,31.35,31.35,7.67,7.73,0.06
Iran (Islamic Republic of),2009,7.8,34.55,34.55,7.71,7.8,0.09
Iran (Islamic Republic of),2010,8.59,39.16,39.16,8.5,8.59,0.09
Iran (Islamic Republic of),2011,9.87,39.41,39.41,8.75,8.85,0.1
Iran (Islamic Republic of),2012,10.88,45.42,45.42,9.75,9.86,0.11
Iran (Islamic Republic of),2013,11.41,47.83,47.83,10.28,10.39,0.11
Iran (Islamic Republic of),2014,11.97,50.1,50.1,10.79,10.95,0.16
Iran (Islamic Republic of),2015,11.43,50.67,50.67,10.25,10.41,0.16
Iran (Islamic Republic of),2016,11.8,52.83,52.83,10.55,10.78,0.23
Iran (Islamic Republic of),2017,12.38,55.8,55.8,10.92,11.36,0.44
Iran (Islamic Republic of),2018,12.66,56.49,56.49,11.07,11.64,0.57
Iran (Islamic Republic of),2019,12.82,61.17,61.17,11.15,11.8,0.65
Iran (Islamic Republic of),2020,12.92,63.79,63.79,11.16,11.9,0.74
Iran (Islamic Republic of),2021,12.95,65.81,65.81,11.16,11.93,0.77
Iran (Islamic Republic of),2022,13.41,68.53,68.53,11.51,12.39,0.88
Iran (Islamic Republic of),2023,13.67,72.96,72.96,11.69,12.65,0.96
Iran (Islamic Republic of),2024,13.98,74.61,74.61,11.8,12.96,1.16
Iran (Islamic Republic of),2025,14.98,76.63,76.63,11.8,13.96,2.16
Iraq,2000,0.67,8.9,8.9,0.67,0.67,0
Iraq,2001,0.67,8.9,8.9,0.67,0.67,0
Iraq,2002,0.36,9.4,9.4,0.36,0.36,0
Iraq,2003,0.46,9.4,9.4,0.46,0.46,0
Iraq,2004,1.57,9.65,9.65,1.57,1.57,0
Iraq,2005,1.62,9.98,9.98,1.62,1.62,0
Iraq,2006,1.99,10.23,10.23,1.99,1.99,0
Iraq,2007,2.03,10.23,10.23,2.03,2.03,0
Iraq,2008,2.27,10.35,10.35,2.27,2.27,0
Iraq,2009,2.27,10.4,10.4,2.27,2.27,0
Iraq,2010,2.27,10.65,10.65,2.27,2.27,0
Iraq,2011,2.27,11.03,11.03,2.27,2.27,0
Iraq,2012,2.27,13.64,13.64,2.27,2.27,0
Iraq,2013,2.3,21.38,21.38,2.27,2.3,0.03
Iraq,2014,2.31,22.32,22.32,2.27,2.31,0.04
Iraq,2015,2.31,22.88,22.88,2.27,2.31,0.04
Iraq,2016,2.31,24.94,24.94,2.27,2.31,0.04
Iraq,2017,1.6,27.37,27.37,1.56,1.6,0.04
Iraq,2018,1.6,27.63,27.63,1.56,1.6,0.04
Iraq,2019,1.6,29.03,29.03,1.56,1.6,0.04
Iraq,2020,1.6,33.63,33.63,1.56,1.6,0.04
Iraq,2021,1.6,35.17,35.17,1.56,1.6,0.04
Iraq,2022,1.6,40.72,40.72,1.56,1.6,0.04
Iraq,2023,1.6,43.39,43.39,1.56,1.6,0.04
Iraq,2024,1.6,44.64,44.64,1.56,1.6,0.04
Ireland,2000,0.37,2.84,1.92,0.25,0.37,0.12
Ireland,2001,0.37,2.84,1.92,0.25,0.37,0.12
Ireland,2002,0.38,3.58,2.66,0.25,0.38,0.13
Ireland,2003,0.46,3.68,2.76,0.25,0.46,0.21
Ireland,2004,0.6,3.79,2.87,0.26,0.6,0.34
Ireland,2005,0.74,3.96,3.04,0.25,0.74,0.49
Ireland,2006,0.94,4.36,3.44,0.26,0.94,0.68
Ireland,2007,1,4.76,3.84,0.26,1,0.74
Ireland,2008,1.2,4.76,3.84,0.26,1.2,0.94
Ireland,2009,1.51,4.76,3.84,0.26,1.51,1.25
Ireland,2010,1.67,5.75,4.83,0.28,1.67,1.39
Ireland,2011,1.86,5.75,4.83,0.28,1.86,1.58
Ireland,2012,2,5.75,4.83,0.3,2,1.7
Ireland,2013,2.21,5.75,4.83,0.29,2.21,1.92
Ireland,2014,2.57,5.75,4.83,0.29,2.57,2.28
Ireland,2015,2.75,6.21,5.29,0.29,2.75,2.46
Ireland,2016,3.1,6.21,5.29,0.29,3.1,2.81
Ireland,2017,3.67,6.21,5.29,0.32,3.67,3.35
Ireland,2018,4.05,6.21,5.29,0.32,4.05,3.73
Ireland,2019,4.56,6.21,5.29,0.33,4.56,4.23
Ireland,2020,4.8,6.21,5.29,0.33,4.8,4.47
Ireland,2021,4.92,6.1,5.18,0.33,4.92,4.59
Ireland,2022,5.23,6.1,5.18,0.33,5.23,4.9
Ireland,2023,5.99,5.64,4.72,0.33,5.99,5.66
Ireland,2024,6.87,6.36,5.44,0.44,6.87,6.43
Ireland,2025,8.06,6.47,6.47,0.44,8.06,7.62
Israel,2000,0.01,7.3,2.95,0.01,0.01,0
Israel,2001,0.01,7.85,2.95,0.01,0.01,0
Israel,2002,0.02,8.51,3.61,0.01,0.02,0.01
Israel,2003,0.02,8.51,3.61,0.01,0.02,0.01
Israel,2004,0.02,8.51,3.61,0.01,0.02,0.01
Israel,2005,0.02,8.88,3.98,0.01,0.02,0.01
Israel,2006,0.02,8.88,3.98,0.01,0.02,0.01
Israel,2007,0.02,9.9,5,0.01,0.02,0.01
Israel,2008,0.03,10.73,5.83,0.01,0.03,0.02
Israel,2009,0.05,10.85,5.95,0.01,0.05,0.04
Israel,2010,0.11,11.34,6.44,0.02,0.11,0.09
Israel,2011,0.23,12.08,7.18,0.02,0.23,0.21
Israel,2012,0.33,12.14,7.24,0.03,0.33,0.3
Israel,2013,0.49,13.34,8.44,0.03,0.49,0.46
Israel,2014,0.7,14.72,9.82,0.03,0.7,0.67
Israel,2015,0.84,15.91,11.01,0.03,0.84,0.81
Israel,2016,0.98,16.05,11.15,0.04,0.98,0.94
Israel,2017,1.08,16.17,11.27,0.04,1.08,1.04
Israel,2018,1.42,16.55,11.65,0.04,1.42,1.38
Israel,2019,2.21,16.62,11.72,0.04,2.21,2.17
Israel,2020,2.72,16.77,11.87,0.04,2.72,2.68
Israel,2021,3.66,17.22,12.32,0.04,3.66,3.62
Israel,2022,4.81,16.64,12.32,0.04,4.81,4.77
Israel,2023,5.91,17.23,12.91,0.05,5.91,5.86
Israel,2024,6.02,18.06,13.74,0.06,6.02,5.96
Israel,2025,7.77,18.06,13.74,0.06,7.77,7.71
Italy,2000,17.31,65.05,56.38,16.93,17.31,0.38
Italy,2001,17.72,65.48,56.88,17.04,17.72,0.68
Italy,2002,18.06,65.45,56.85,17.26,18.06,0.8
Italy,2003,18.46,66.75,58.15,17.56,18.46,0.9
Italy,2004,18.83,69.34,60.99,17.67,18.83,1.16
Italy,2005,19.57,72.94,64.24,17.91,19.57,1.66
Italy,2006,19.96,76.46,67.76,18.01,19.96,1.95
Italy,2007,20.93,79.61,70.91,18.12,20.93,2.81
Italy,2008,22.49,82.46,74.4,18.48,22.49,4.01
Italy,2009,25.07,83.31,74.59,18.93,25.07,6.14
Italy,2010,28.78,85.95,75.91,19.39,28.78,9.39
Italy,2011,40,86.82,76.78,20.04,40,19.96
Italy,2012,45.86,86.71,76.67,21.1,45.86,24.76
Italy,2013,47.97,84.44,74.4,21.4,47.97,26.57
Italy,2014,48.6,80.83,70.93,21.48,48.6,27.12
Italy,2015,49.49,75.06,65.3,21.61,49.49,27.88
Italy,2016,50.26,70.49,61.71,21.76,50.26,28.5
Italy,2017,51.18,69.52,60.89,21.94,51.18,29.24
Italy,2018,52.2,69.47,60.84,22.05,52.2,30.15
Italy,2019,53.35,69.38,60.9,22.05,53.35,31.3
Italy,2020,54.42,66.83,59.73,22.19,54.42,32.23
Italy,2021,55.77,65.29,59.12,22.23,55.77,33.54
Italy,2022,58.71,65.98,59.81,22.33,58.71,36.38
Italy,2023,64.01,66.19,60.66,22.34,64.01,41.67
Italy,2024,71.06,64.89,59.7,22.66,71.06,48.4
Italy,2025,77.51,67.24,62.05,22.75,77.51,54.76
Jamaica,2000,0.05,0.65,0.65,0.05,0.05,0
Jamaica,2001,0.05,0.67,0.67,0.05,0.05,0
Jamaica,2002,0.05,0.72,0.72,0.05,0.05,0
Jamaica,2003,0.05,0.88,0.88,0.05,0.05,0
Jamaica,2004,0.07,0.85,0.85,0.05,0.07,0.02
Jamaica,2005,0.07,0.85,0.85,0.05,0.07,0.02
Jamaica,2006,0.07,0.92,0.92,0.05,0.07,0.02
Jamaica,2007,0.07,0.92,0.92,0.05,0.07,0.02
Jamaica,2008,0.07,0.92,0.92,0.05,0.07,0.02
Jamaica,2009,0.07,0.93,0.93,0.05,0.07,0.02
Jamaica,2010,0.09,0.9,0.9,0.05,0.09,0.04
Jamaica,2011,0.09,0.92,0.92,0.05,0.09,0.04
Jamaica,2012,0.09,0.99,0.99,0.05,0.09,0.04
Jamaica,2013,0.1,0.99,0.99,0.06,0.1,0.04
Jamaica,2014,0.1,0.99,0.99,0.06,0.1,0.04
Jamaica,2015,0.11,1.01,1.01,0.06,0.11,0.05
Jamaica,2016,0.19,1.01,1.01,0.06,0.19,0.13
Jamaica,2017,0.22,1.01,1.01,0.06,0.22,0.16
Jamaica,2018,0.22,1.01,1.01,0.06,0.22,0.16
Jamaica,2019,0.27,1.2,1.2,0.06,0.27,0.21
Jamaica,2020,0.27,1.35,1.35,0.06,0.27,0.21
Jamaica,2021,0.27,1.35,1.35,0.06,0.27,0.21
Jamaica,2022,0.27,1.35,1.35,0.06,0.27,0.21
Jamaica,2023,0.27,1.35,1.35,0.06,0.27,0.21
Jamaica,2024,0.28,1.35,1.35,0.06,0.28,0.22
Japan,2000,68.05,130.27,98.46,22.39,22.8,0.41
Japan,2001,74.25,125.53,92.6,27.72,28.34,0.62
Japan,2002,74.62,129.33,92.85,27.79,28.71,0.92
Japan,2003,75.21,130.87,92.25,28.1,29.47,1.37
Japan,2004,77.25,133.11,92.18,28.23,30.13,1.9
Japan,2005,80.62,133.38,92.26,28.39,31.04,2.65
Japan,2006,81.67,133.58,92.36,28.69,32.2,3.51
Japan,2007,81.36,136.71,95.09,28.44,31.89,3.45
Japan,2008,80.32,140.69,98.67,28.48,32.38,3.9
Japan,2009,81.97,144.49,101.87,28.49,33.12,4.63
Japan,2010,83.97,148.94,105.34,29.1,35.01,5.91
Japan,2011,85.34,149.05,105.45,29.05,36.38,7.33
Japan,2012,83.22,150.45,106.85,27.88,37.07,9.19
Japan,2013,88.4,155.23,109.78,27.89,44.14,16.25
Japan,2014,98.39,160.85,115.4,28.04,54.13,26.09
Japan,2015,107.54,162.62,117.09,28.53,65.49,36.96
Japan,2016,115.6,165.87,120.16,28.87,74.12,45.25
Japan,2017,121.32,164.73,118.62,29.21,82.19,52.98
Japan,2018,127.33,164.54,118.25,29.63,89.29,59.66
Japan,2019,130.31,162.3,115.23,30.09,97.23,67.14
Japan,2020,139.51,165.74,117,30.44,106.43,75.99
Japan,2021,146.71,162.7,112.13,30.96,113.63,82.67
Japan,2022,152.96,161.9,108.57,32.34,119.88,87.54
Japan,2023,158.34,158.3,102.68,32.82,125.26,92.44
Japan,2024,161.83,157.71,102.46,33.29,128.75,95.46
Japan,2025,165.89,157.02,102.44,34.36,132.81,98.45
Jordan,2000,0.01,0.39,0.39,0.01,0.01,0
Jordan,2001,0.01,0.39,0.39,0.01,0.01,0
Jordan,2002,0.01,0.39,0.39,0.01,0.01,0
Jordan,2003,0.01,0.39,0.39,0.01,0.01,0
Jordan,2004,0.01,0.39,0.39,0.01,0.01,0
Jordan,2005,0.01,0.69,0.69,0.01,0.01,0
Jordan,2006,0.01,0.99,0.99,0.01,0.01,0
Jordan,2007,0.01,0.99,0.99,0.01,0.01,0
Jordan,2008,0.01,0.99,0.99,0.01,0.01,0
Jordan,2009,0.01,1.39,1.39,0.01,0.01,0
Jordan,2010,0.01,1.69,1.69,0.01,0.01,0
Jordan,2011,0.01,1.74,1.74,0.01,0.01,0
Jordan,2012,0.01,2.11,2.11,0.01,0.01,0
Jordan,2013,0.01,2.11,2.11,0.01,0.01,0
Jordan,2014,0.01,2.93,2.93,0.01,0.01,0
Jordan,2015,0.2,3.36,3.36,0.02,0.2,0.18
Jordan,2016,0.51,3.36,3.36,0.02,0.51,0.49
Jordan,2017,0.64,3.36,3.36,0.02,0.64,0.62
Jordan,2018,1.07,4.05,4.05,0.02,1.07,1.05
Jordan,2019,1.37,4.05,4.05,0.02,1.37,1.35
Jordan,2020,2.09,4.05,4.05,0.02,2.09,2.07
Jordan,2021,2.45,4.52,4.52,0.01,2.45,2.44
Jordan,2022,2.61,4.52,4.52,0.01,2.61,2.6
Jordan,2023,2.63,4.52,4.52,0.01,2.63,2.62
Jordan,2024,2.84,4.52,4.52,0.01,2.84,2.83
Kazakhstan,2000,2.26,14.79,2.73,2.26,2.26,0
Kazakhstan,2001,2.26,14.79,2.73,2.26,2.26,0
Kazakhstan,2002,2.26,14.82,2.73,2.26,2.26,0
Kazakhstan,2003,2.26,14.82,2.73,2.26,2.26,0
Kazakhstan,2004,2.26,14.82,2.73,2.26,2.26,0
Kazakhstan,2005,2.25,14.82,2.73,2.25,2.25,0
Kazakhstan,2006,2.25,14.94,2.73,2.25,2.25,0
Kazakhstan,2007,2.25,15.18,2.97,2.25,2.25,0
Kazakhstan,2008,2.26,15.42,3.21,2.26,2.26,0
Kazakhstan,2009,2.27,15.48,3.21,2.27,2.27,0
Kazakhstan,2010,2.27,15.54,3.21,2.27,2.27,0
Kazakhstan,2011,2.27,15.61,3.21,2.27,2.27,0
Kazakhstan,2012,2.57,15.83,3.27,2.57,2.57,0
Kazakhstan,2013,2.59,15.99,3.27,2.59,2.59,0
Kazakhstan,2014,2.74,16.16,3.37,2.68,2.74,0.06
Kazakhstan,2015,2.81,16.51,3.37,2.68,2.81,0.13
Kazakhstan,2016,2.86,17.09,3.63,2.7,2.86,0.16
Kazakhstan,2017,2.9,17.03,3.75,2.73,2.9,0.17
Kazakhstan,2018,3.09,17.02,3.75,2.76,3.09,0.33
Kazakhstan,2019,3.6,17.46,4.06,2.78,3.6,0.82
Kazakhstan,2020,4.19,17.46,4.06,2.79,4.19,1.4
Kazakhstan,2021,4.54,17.58,4.06,2.82,4.54,1.72
Kazakhstan,2022,5.08,17.66,4.14,2.82,5.08,2.26
Kazakhstan,2023,5.49,17.78,4.26,2.9,5.49,2.59
Kazakhstan,2024,5.56,17.49,4.27,2.81,5.56,2.75
Kazakhstan,2025,6.09,18.17,4.92,2.85,6.09,3.24
Kenya,2000,0.71,0.13,0.13,0.71,0.71,0
Kenya,2001,0.71,0.21,0.21,0.71,0.71,0
Kenya,2002,0.72,0.21,0.21,0.72,0.72,0
Kenya,2003,0.72,0.21,0.21,0.72,0.72,0
Kenya,2004,0.72,0.26,0.26,0.72,0.72,0
Kenya,2005,0.73,0.26,0.26,0.73,0.73,0
Kenya,2006,0.73,0.26,0.26,0.73,0.73,0
Kenya,2007,0.73,0.26,0.26,0.73,0.73,0
Kenya,2008,0.79,0.26,0.26,0.79,0.79,0
Kenya,2009,0.82,0.35,0.35,0.82,0.82,0
Kenya,2010,0.84,0.46,0.46,0.83,0.84,0.01
Kenya,2011,0.84,0.46,0.46,0.83,0.84,0.01
Kenya,2012,0.89,0.46,0.46,0.88,0.89,0.01
Kenya,2013,0.91,0.55,0.55,0.89,0.91,0.02
Kenya,2014,0.91,0.63,0.63,0.89,0.91,0.02
Kenya,2015,0.95,0.71,0.71,0.89,0.95,0.06
Kenya,2016,0.97,0.71,0.71,0.91,0.97,0.06
Kenya,2017,1,0.71,0.71,0.93,1,0.07
Kenya,2018,1.37,0.71,0.71,0.94,1.37,0.43
Kenya,2019,1.38,0.71,0.71,0.94,1.38,0.44
Kenya,2020,1.4,0.71,0.71,0.95,1.4,0.45
Kenya,2021,1.57,0.64,0.64,0.96,1.57,0.61
Kenya,2022,1.67,0.64,0.64,0.96,1.67,0.71
Kenya,2023,1.9,0.57,0.57,0.99,1.9,0.91
Kenya,2024,2.05,0.57,0.57,1.06,2.05,0.99
Kenya,2025,2.05,0.57,0.57,1.06,2.05,0.99
Kiribati,2000,0,0,0,0,0,0
Kiribati,2001,0,0,0,0,0,0
Kiribati,2002,0,0.01,0.01,0,0,0
Kiribati,2003,0,0.01,0.01,0,0,0
Kiribati,2004,0,0.01,0.01,0,0,0
Kiribati,2005,0,0,0,0,0,0
Kiribati,2006,0,0.01,0.01,0,0,0
Kiribati,2007,0,0.01,0.01,0,0,0
Kiribati,2008,0,0.01,0.01,0,0,0
Kiribati,2009,0,0.01,0.01,0,0,0
Kiribati,2010,0,0.01,0.01,0,0,0
Kiribati,2011,0,0.01,0.01,0,0,0
Kiribati,2012,0,0.01,0.01,0,0,0
Kiribati,2013,0,0.01,0.01,0,0,0
Kiribati,2014,0,0.01,0.01,0,0,0
Kiribati,2015,0,0.01,0.01,0,0,0
Kiribati,2016,0,0.01,0.01,0,0,0
Kiribati,2017,0,0.01,0.01,0,0,0
Kiribati,2018,0,0.01,0.01,0,0,0
Kiribati,2019,0,0.01,0.01,0,0,0
Kiribati,2020,0,0.01,0.01,0,0,0
Kiribati,2021,0,0.01,0.01,0,0,0
Kiribati,2022,0,0.01,0.01,0,0,0
Kiribati,2023,0,0.01,0.01,0,0,0
Kiribati,2024,0,0.01,0.01,0,0,0
Korea (the Democratic People's Republic of),2000,4.59,2.96,NA,4.59,4.59,0
Korea (the Democratic People's Republic of),2001,4.79,2.96,NA,4.79,4.79,0
Korea (the Democratic People's Republic of),2002,4.81,2.96,NA,4.81,4.81,0
Korea (the Democratic People's Republic of),2003,4.81,2.96,NA,4.81,4.81,0
Korea (the Democratic People's Republic of),2004,4.81,2.96,NA,4.81,4.81,0
Korea (the Democratic People's Republic of),2005,4.81,3.01,NA,4.81,4.81,0
Korea (the Democratic People's Republic of),2006,4.81,3.01,NA,4.81,4.81,0
Korea (the Democratic People's Republic of),2007,4.94,3.01,NA,4.94,4.94,0
Korea (the Democratic People's Republic of),2008,4.49,3.01,NA,4.49,4.49,0
Korea (the Democratic People's Republic of),2009,3.92,3.01,NA,3.92,3.92,0
Korea (the Democratic People's Republic of),2010,3.96,3.01,NA,3.96,3.96,0
Korea (the Democratic People's Republic of),2011,3.96,2.96,NA,3.96,3.96,0
Korea (the Democratic People's Republic of),2012,4.26,2.96,NA,4.26,4.26,0
Korea (the Democratic People's Republic of),2013,4.29,2.96,NA,4.28,4.29,0.01
Korea (the Democratic People's Republic of),2014,4.3,2.96,NA,4.29,4.3,0.01
Korea (the Democratic People's Republic of),2015,4.49,2.96,NA,4.47,4.49,0.02
Korea (the Democratic People's Republic of),2016,4.73,2.96,NA,4.7,4.73,0.03
Korea (the Democratic People's Republic of),2017,4.8,2.96,NA,4.76,4.8,0.04
Korea (the Democratic People's Republic of),2018,4.84,3.36,NA,4.79,4.84,0.05
Korea (the Democratic People's Republic of),2019,4.85,3.36,NA,4.79,4.85,0.06
Korea (the Democratic People's Republic of),2020,4.94,3.36,NA,4.86,4.94,0.08
Korea (the Democratic People's Republic of),2021,4.96,3.36,NA,4.86,4.96,0.1
Korea (the Democratic People's Republic of),2022,5.01,3.38,NA,4.89,5.01,0.12
Korea (the Democratic People's Republic of),2023,5.06,3.38,NA,4.91,5.04,0.13
Korea (the Democratic People's Republic of),2024,5.13,3.38,NA,4.97,5.11,0.14
Kosovo,2000,NA,1.51,NA,NA,NA,NA
Kosovo,2001,NA,1.51,NA,NA,NA,NA
Kosovo,2002,NA,1.51,NA,NA,NA,NA
Kosovo,2003,NA,1.51,NA,NA,NA,NA
Kosovo,2004,NA,1.51,NA,NA,NA,NA
Kosovo,2005,NA,1.51,NA,NA,NA,NA
Kosovo,2006,NA,1.45,NA,NA,NA,NA
Kosovo,2007,NA,1.45,NA,NA,NA,NA
Kosovo,2008,NA,1.45,NA,NA,NA,NA
Kosovo,2009,NA,1.45,NA,NA,NA,NA
Kosovo,2010,NA,1.33,NA,NA,NA,NA
Kosovo,2011,NA,1.33,NA,NA,NA,NA
Kosovo,2012,NA,1.33,NA,NA,NA,NA
Kosovo,2013,NA,1.33,NA,NA,NA,NA
Kosovo,2014,NA,1.33,NA,NA,NA,NA
Kosovo,2015,NA,1.33,NA,NA,NA,NA
Kosovo,2016,NA,1.33,NA,NA,NA,NA
Kosovo,2017,NA,1.33,NA,NA,NA,NA
Kosovo,2018,NA,1.33,NA,NA,NA,NA
Kosovo,2019,NA,1.33,NA,NA,NA,NA
Kosovo,2020,NA,1.33,NA,NA,NA,NA
Kosovo,2021,NA,1.33,NA,NA,NA,NA
Kosovo,2022,NA,1.33,NA,NA,NA,NA
Kosovo,2023,NA,1.33,NA,NA,NA,NA
Kosovo,2024,NA,1.33,NA,NA,NA,NA
Kosovo,2025,NA,1.33,NA,NA,NA,NA
Kuwait,2000,0,9.19,9.19,0,0,0
Kuwait,2001,0,9.19,9.19,0,0,0
Kuwait,2002,0,9.19,9.19,0,0,0
Kuwait,2003,0,9.19,9.19,0,0,0
Kuwait,2004,0,9.69,9.69,0,0,0
Kuwait,2005,0,10.19,10.19,0,0,0
Kuwait,2006,0,10.19,10.19,0,0,0
Kuwait,2007,0,10.48,10.48,0,0,0
Kuwait,2008,0,11.64,11.64,0,0,0
Kuwait,2009,0,11.92,11.92,0,0,0
Kuwait,2010,0,13.38,13.38,0,0,0
Kuwait,2011,0,14.7,14.7,0,0,0
Kuwait,2012,0,15.35,15.35,0,0,0
Kuwait,2013,0,15.72,15.72,0,0,0
Kuwait,2014,0,15.72,15.72,0,0,0
Kuwait,2015,0,18.26,18.26,0,0,0
Kuwait,2016,0.02,18.85,18.85,0,0.02,0.02
Kuwait,2017,0.02,18.72,18.72,0,0.02,0.02
Kuwait,2018,0.04,18.72,18.72,0,0.04,0.04
Kuwait,2019,0.09,19.6,19.6,0,0.09,0.09
Kuwait,2020,0.09,20.15,20.15,0,0.09,0.09
Kuwait,2021,0.09,20.18,20.18,0,0.09,0.09
Kuwait,2022,0.11,20.18,20.18,0,0.11,0.11
Kuwait,2023,0.11,20.18,20.18,0,0.11,0.11
Kuwait,2024,0.11,20.22,20.22,0,0.11,0.11
Kuwait,2025,0.11,20.22,20.22,0,0.11,0.11
Kyrgyzstan,2000,2.94,0.66,NA,2.94,2.94,0
Kyrgyzstan,2001,2.94,0.66,NA,2.94,2.94,0
Kyrgyzstan,2002,2.94,0.66,NA,2.94,2.94,0
Kyrgyzstan,2003,2.94,0.66,NA,2.94,2.94,0
Kyrgyzstan,2004,2.94,0.66,NA,2.94,2.94,0
Kyrgyzstan,2005,2.94,0.66,NA,2.94,2.94,0
Kyrgyzstan,2006,2.94,0.66,NA,2.94,2.94,0
Kyrgyzstan,2007,2.94,0.66,NA,2.94,2.94,0
Kyrgyzstan,2008,2.94,0.66,NA,2.94,2.94,0
Kyrgyzstan,2009,2.94,0.66,NA,2.94,2.94,0
Kyrgyzstan,2010,3.06,0.66,NA,3.06,3.06,0
Kyrgyzstan,2011,3.07,0.66,NA,3.07,3.07,0
Kyrgyzstan,2012,3.07,0.66,NA,3.07,3.07,0
Kyrgyzstan,2013,3.57,0.66,NA,3.57,3.57,0
Kyrgyzstan,2014,3.67,0.66,NA,3.67,3.67,0
Kyrgyzstan,2015,3.68,0.66,NA,3.68,3.68,0
Kyrgyzstan,2016,3.68,0.66,NA,3.68,3.68,0
Kyrgyzstan,2017,3.69,0.81,NA,3.69,3.69,0
Kyrgyzstan,2018,3.67,0.81,NA,3.67,3.67,0
Kyrgyzstan,2019,3.67,0.81,NA,3.67,3.67,0
Kyrgyzstan,2020,3.67,0.81,NA,3.67,3.67,0
Kyrgyzstan,2021,2.78,0.81,NA,2.78,2.78,0
Kyrgyzstan,2022,3.14,0.81,NA,3.14,3.14,0
Kyrgyzstan,2023,3.14,0.81,NA,3.14,3.14,0
Kyrgyzstan,2024,3.31,0.81,NA,3.31,3.31,0
Kyrgyzstan,2025,3.53,0.81,NA,3.43,3.53,0.1
Lao People's Democratic Republic (the),2000,0.68,0,NA,0.68,0.68,0
Lao People's Democratic Republic (the),2001,0.68,0,NA,0.68,0.68,0
Lao People's Democratic Republic (the),2002,0.68,0,NA,0.68,0.68,0
Lao People's Democratic Republic (the),2003,0.68,0,NA,0.68,0.68,0
Lao People's Democratic Republic (the),2004,0.68,0,NA,0.68,0.68,0
Lao People's Democratic Republic (the),2005,0.72,0,NA,0.72,0.72,0
Lao People's Democratic Republic (the),2006,0.72,0,NA,0.72,0.72,0
Lao People's Democratic Republic (the),2007,0.72,0,NA,0.72,0.72,0
Lao People's Democratic Republic (the),2008,0.72,0,NA,0.72,0.72,0
Lao People's Democratic Republic (the),2009,1.87,0,NA,1.87,1.87,0
Lao People's Democratic Republic (the),2010,2.59,0,NA,2.59,2.59,0
Lao People's Democratic Republic (the),2011,2.59,0,NA,2.59,2.59,0
Lao People's Democratic Republic (the),2012,3,0,NA,3,3,0
Lao People's Democratic Republic (the),2013,3.05,0,NA,3.05,3.05,0
Lao People's Democratic Republic (the),2014,3.33,0,NA,3.33,3.33,0
Lao People's Democratic Republic (the),2015,4.43,1.25,NA,4.43,4.43,0
Lao People's Democratic Republic (the),2016,4.91,1.88,NA,4.91,4.91,0
Lao People's Democratic Republic (the),2017,5.16,1.88,NA,5.15,5.16,0.01
Lao People's Democratic Republic (the),2018,5.54,1.88,NA,5.51,5.54,0.03
Lao People's Democratic Republic (the),2019,6.38,1.88,NA,6.35,6.38,0.03
Lao People's Democratic Republic (the),2020,8.18,1.88,NA,8.14,8.18,0.04
Lao People's Democratic Republic (the),2021,9.14,1.88,NA,9.08,9.14,0.06
Lao People's Democratic Republic (the),2022,9.83,1.88,NA,9.77,9.83,0.06
Lao People's Democratic Republic (the),2023,9.96,1.88,NA,9.9,9.96,0.06
Lao People's Democratic Republic (the),2024,10.37,1.88,NA,10.31,10.37,0.06
Latin America and Caribbean,2000,140.17,85.94,75.76,135.76,135.89,0.13
Latin America and Caribbean,2001,142.81,89.09,78.85,138.39,138.53,0.14
Latin America and Caribbean,2002,145.74,95.95,85.71,141.27,141.42,0.15
Latin America and Caribbean,2003,148.11,105.88,95.64,143.62,143.79,0.17
Latin America and Caribbean,2004,151.47,110.55,100.31,146.93,147.15,0.22
Latin America and Caribbean,2005,154.26,112.33,102.09,149.73,149.94,0.21
Latin America and Caribbean,2006,157.76,117.77,107.53,152.93,153.44,0.51
Latin America and Caribbean,2007,161.82,125.46,115.22,156.94,157.5,0.56
Latin America and Caribbean,2008,163.44,129.79,119.55,158.43,159.12,0.69
Latin America and Caribbean,2009,167.95,133.42,122.96,162.03,163.63,1.6
Latin America and Caribbean,2010,173.83,146,134.33,167.07,169.21,2.14
Latin America and Caribbean,2011,179.63,151.12,137.95,171.9,175.01,3.11
Latin America and Caribbean,2012,187.9,156.97,142.74,177.98,183.28,5.3
Latin America and Caribbean,2013,195.94,164.79,149.2,185.05,191.33,6.28
Latin America and Caribbean,2014,205.62,168.74,153.15,189.4,200.5,11.1
Latin America and Caribbean,2015,215.74,171.64,155.49,193.71,210.41,16.7
Latin America and Caribbean,2016,239.93,178.99,162.06,212.52,234.58,22.06
Latin America and Caribbean,2017,247.88,182.32,165.91,214.67,242.53,27.86
Latin America and Caribbean,2018,257.08,193,176.01,216.45,251.73,35.28
Latin America and Caribbean,2019,270.73,198.61,180.86,218.43,265.38,46.95
Latin America and Caribbean,2020,281.89,206.62,188.78,220.1,276.54,56.44
Latin America and Caribbean,2021,299.04,210.15,192.51,221.06,293.69,72.63
Latin America and Caribbean,2022,320.23,222.93,205.92,223.93,314.88,90.95
Latin America and Caribbean,2023,344.97,225.63,208.84,224.95,339.62,114.67
Latin America and Caribbean,2024,370.38,229.13,212.69,224.42,365.03,140.61
Latin America and Caribbean,2025,392.64,232.37,216.81,226.05,387.29,161.24
Latvia,2000,1.51,0.58,0.58,1.51,1.51,0
Latvia,2001,1.52,0.57,0.57,1.52,1.52,0
Latvia,2002,1.56,0.58,0.58,1.54,1.56,0.02
Latvia,2003,1.58,0.59,0.59,1.55,1.58,0.03
Latvia,2004,1.58,0.59,0.59,1.55,1.58,0.03
Latvia,2005,1.58,0.59,0.59,1.55,1.58,0.03
Latvia,2006,1.58,0.58,0.58,1.55,1.58,0.03
Latvia,2007,1.58,0.56,0.56,1.55,1.58,0.03
Latvia,2008,1.58,0.58,0.58,1.55,1.58,0.03
Latvia,2009,1.58,0.93,0.93,1.55,1.58,0.03
Latvia,2010,1.63,0.94,0.94,1.6,1.63,0.03
Latvia,2011,1.65,0.94,0.94,1.61,1.65,0.04
Latvia,2012,1.71,0.96,0.96,1.65,1.71,0.06
Latvia,2013,1.77,1.15,1.15,1.7,1.77,0.07
Latvia,2014,1.78,1.14,1.14,1.71,1.78,0.07
Latvia,2015,1.79,1.15,1.15,1.72,1.79,0.07
Latvia,2016,1.77,1.15,1.15,1.7,1.77,0.07
Latvia,2017,1.79,1.15,1.15,1.71,1.79,0.08
Latvia,2018,1.8,1.14,1.14,1.72,1.8,0.08
Latvia,2019,1.83,1.11,1.11,1.75,1.83,0.08
Latvia,2020,1.84,1.12,1.12,1.75,1.84,0.09
Latvia,2021,1.83,1.12,1.12,1.74,1.83,0.09
Latvia,2022,1.92,1.09,1.09,1.73,1.92,0.19
Latvia,2023,2.17,1.03,1.03,1.72,2.17,0.45
Latvia,2024,2.51,1.03,1.03,1.72,2.51,0.79
Latvia,2025,2.75,1.07,1.07,1.7,2.75,1.05
Lebanon,2000,0.28,1.09,1.09,0.28,0.28,0
Lebanon,2001,0.28,1.56,1.56,0.28,0.28,0
Lebanon,2002,0.28,2.02,2.02,0.28,0.28,0
Lebanon,2003,0.28,2.02,2.02,0.28,0.28,0
Lebanon,2004,0.28,2.02,2.02,0.28,0.28,0
Lebanon,2005,0.28,2.02,2.02,0.28,0.28,0
Lebanon,2006,0.28,2.02,2.02,0.28,0.28,0
Lebanon,2007,0.28,2.02,2.02,0.28,0.28,0
Lebanon,2008,0.28,2.02,2.02,0.28,0.28,0
Lebanon,2009,0.28,2.02,2.02,0.28,0.28,0
Lebanon,2010,0.28,2.02,2.02,0.28,0.28,0
Lebanon,2011,0.28,2.02,2.02,0.28,0.28,0
Lebanon,2012,0.28,2.22,2.22,0.28,0.28,0
Lebanon,2013,0.28,2.62,2.62,0.28,0.28,0
Lebanon,2014,0.28,2.62,2.62,0.28,0.28,0
Lebanon,2015,0.29,2.62,2.62,0.28,0.29,0.01
Lebanon,2016,0.31,2.62,2.62,0.29,0.31,0.02
Lebanon,2017,0.33,3.09,3.09,0.29,0.33,0.04
Lebanon,2018,0.35,3.09,3.09,0.29,0.35,0.06
Lebanon,2019,0.37,3.09,3.09,0.29,0.37,0.08
Lebanon,2020,0.38,3.09,3.09,0.29,0.38,0.09
Lebanon,2021,0.5,2.69,2.69,0.29,0.5,0.21
Lebanon,2022,1.16,2.69,2.69,0.29,1.16,0.87
Lebanon,2023,1.37,2.69,2.69,0.29,1.37,1.08
Lebanon,2024,1.37,2.69,2.69,0.29,1.37,1.08
Lesotho,2000,0.08,0,0,0.08,0.08,0
Lesotho,2001,0.08,0,0,0.08,0.08,0
Lesotho,2002,0.08,0,0,0.08,0.08,0
Lesotho,2003,0.07,0,0,0.07,0.07,0
Lesotho,2004,0.07,0,0,0.07,0.07,0
Lesotho,2005,0.07,0,0,0.07,0.07,0
Lesotho,2006,0.07,0,0,0.07,0.07,0
Lesotho,2007,0.07,0,0,0.07,0.07,0
Lesotho,2008,0.07,0,0,0.07,0.07,0
Lesotho,2009,0.07,0,0,0.07,0.07,0
Lesotho,2010,0.07,0,0,0.07,0.07,0
Lesotho,2011,0.07,0,0,0.07,0.07,0
Lesotho,2012,0.07,0,0,0.07,0.07,0
Lesotho,2013,0.07,0,0,0.07,0.07,0
Lesotho,2014,0.07,0,0,0.07,0.07,0
Lesotho,2015,0.07,0,0,0.07,0.07,0
Lesotho,2016,0.07,0,0,0.07,0.07,0
Lesotho,2017,0.07,0,0,0.07,0.07,0
Lesotho,2018,0.07,0,0,0.07,0.07,0
Lesotho,2019,0.07,0,0,0.07,0.07,0
Lesotho,2020,0.07,0,0,0.07,0.07,0
Lesotho,2021,0.07,0,0,0.07,0.07,0
Lesotho,2022,0.07,0,0,0.07,0.07,0
Lesotho,2023,0.1,0,0,0.07,0.1,0.03
Lesotho,2024,0.11,0,0,0.08,0.11,0.03
Liberia,2000,0,0.07,0.07,0,0,0
Liberia,2001,0,0.07,0.07,0,0,0
Liberia,2002,0,0.07,0.07,0,0,0
Liberia,2003,0,0.07,0.07,0,0,0
Liberia,2004,0,0.07,0.07,0,0,0
Liberia,2005,0,0.07,0.07,0,0,0
Liberia,2006,0,0.07,0.07,0,0,0
Liberia,2007,0,0.08,0.08,0,0,0
Liberia,2008,0,0.08,0.08,0,0,0
Liberia,2009,0,0.08,0.08,0,0,0
Liberia,2010,0,0.09,0.09,0,0,0
Liberia,2011,0,0.09,0.09,0,0,0
Liberia,2012,0,0.09,0.09,0,0,0
Liberia,2013,0,0.09,0.09,0,0,0
Liberia,2014,0,0.09,0.09,0,0,0
Liberia,2015,0,0.09,0.09,0,0,0
Liberia,2016,0.03,0.1,0.1,0.03,0.03,0
Liberia,2017,0.09,0.1,0.1,0.09,0.09,0
Liberia,2018,0.09,0.1,0.1,0.09,0.09,0
Liberia,2019,0.09,0.1,0.1,0.09,0.09,0
Liberia,2020,0.09,0.1,0.1,0.09,0.09,0
Liberia,2021,0.09,0.1,0.1,0.09,0.09,0
Liberia,2022,0.09,0.1,0.1,0.09,0.09,0
Liberia,2023,0.09,0.1,0.1,0.09,0.09,0
Liberia,2024,0.09,0.1,0.1,0.09,0.09,0
Libya,2000,0,3.24,3.24,0,0,0
Libya,2001,0,3.24,3.24,0,0,0
Libya,2002,0,3.24,3.24,0,0,0
Libya,2003,0,3.24,3.24,0,0,0
Libya,2004,0,3.24,3.24,0,0,0
Libya,2005,0,3.55,3.55,0,0,0
Libya,2006,0,3.86,3.86,0,0,0
Libya,2007,0,6.22,6.22,0,0,0
Libya,2008,0,6.22,6.22,0,0,0
Libya,2009,0,6.97,6.97,0,0,0
Libya,2010,0,7.98,7.98,0,0,0
Libya,2011,0,7.98,7.98,0,0,0
Libya,2012,0,9.24,9.24,0,0,0
Libya,2013,0,10.59,10.59,0,0,0
Libya,2014,0,10.94,10.94,0,0,0
Libya,2015,0,10.94,10.94,0,0,0
Libya,2016,0,11.41,11.41,0,0,0
Libya,2017,0.01,11.77,11.77,0,0.01,0.01
Libya,2018,0.01,11.91,11.91,0,0.01,0.01
Libya,2019,0.01,12.07,12.07,0,0.01,0.01
Libya,2020,0.01,12.07,12.07,0,0.01,0.01
Libya,2021,0.01,12.55,12.55,0,0.01,0.01
Libya,2022,0.01,13.72,13.72,0,0.01,0.01
Libya,2023,0.01,13.72,13.72,0,0.01,0.01
Libya,2024,0.01,14.27,14.27,0,0.01,0.01
Lithuania,2000,2.47,2.46,2.46,0.1,0.1,0
Lithuania,2001,2.47,2.46,2.46,0.1,0.1,0
Lithuania,2002,2.47,2.46,2.46,0.1,0.1,0
Lithuania,2003,2.48,2.46,2.46,0.11,0.11,0
Lithuania,2004,2.49,2.46,2.46,0.12,0.12,0
Lithuania,2005,1.31,2.46,2.46,0.13,0.13,0
Lithuania,2006,1.35,2.46,2.46,0.14,0.17,0.03
Lithuania,2007,1.37,2.46,2.46,0.14,0.19,0.05
Lithuania,2008,1.37,2.49,2.49,0.14,0.19,0.05
Lithuania,2009,1.42,2.51,2.51,0.14,0.24,0.1
Lithuania,2010,0.28,2.51,2.51,0.15,0.28,0.13
Lithuania,2011,0.35,2.56,2.56,0.15,0.35,0.2
Lithuania,2012,0.46,3,3,0.17,0.46,0.29
Lithuania,2013,0.53,3,3,0.18,0.53,0.35
Lithuania,2014,0.55,2.7,2.7,0.19,0.55,0.36
Lithuania,2015,0.7,2.1,2.1,0.19,0.7,0.51
Lithuania,2016,0.77,2.1,2.1,0.19,0.77,0.58
Lithuania,2017,0.79,1.74,1.74,0.2,0.79,0.59
Lithuania,2018,0.85,1.72,1.72,0.23,0.85,0.62
Lithuania,2019,0.89,1.72,1.72,0.23,0.89,0.66
Lithuania,2020,1.02,1.74,1.74,0.24,1.02,0.78
Lithuania,2021,1.32,1.73,1.73,0.23,1.32,1.09
Lithuania,2022,1.93,1.73,1.73,0.24,1.93,1.69
Lithuania,2023,2.9,1.73,1.73,0.29,2.9,2.61
Lithuania,2024,4.7,1.73,1.73,0.29,4.7,4.41
Lithuania,2025,6.13,1.68,1.68,0.32,6.13,5.81
Luxembourg,2000,0.04,0,0,0.03,0.04,0.01
Luxembourg,2001,0.04,0,0,0.03,0.04,0.01
Luxembourg,2002,0.04,0,0,0.03,0.04,0.01
Luxembourg,2003,0.06,0,0,0.03,0.06,0.03
Luxembourg,2004,0.08,0,0,0.03,0.08,0.05
Luxembourg,2005,0.08,0,0,0.03,0.08,0.05
Luxembourg,2006,0.09,0,0,0.04,0.09,0.05
Luxembourg,2007,0.09,0,0,0.04,0.09,0.05
Luxembourg,2008,0.1,0,0,0.04,0.1,0.06
Luxembourg,2009,0.11,0,0,0.04,0.11,0.07
Luxembourg,2010,0.12,0.01,0.01,0.05,0.12,0.07
Luxembourg,2011,0.13,0.01,0.01,0.05,0.13,0.08
Luxembourg,2012,0.18,0.01,0.01,0.05,0.18,0.13
Luxembourg,2013,0.21,0.01,0.01,0.05,0.21,0.16
Luxembourg,2014,0.22,0.01,0.01,0.05,0.22,0.17
Luxembourg,2015,0.24,0.01,0.01,0.06,0.24,0.18
Luxembourg,2016,0.3,0.01,0.01,0.06,0.3,0.24
Luxembourg,2017,0.32,0.01,0.01,0.07,0.32,0.25
Luxembourg,2018,0.32,0.01,0.01,0.07,0.32,0.25
Luxembourg,2019,0.39,0.01,0.01,0.09,0.39,0.3
Luxembourg,2020,0.43,0.01,0.01,0.09,0.43,0.34
Luxembourg,2021,0.51,0.01,0.01,0.09,0.51,0.42
Luxembourg,2022,0.58,0.01,0.01,0.09,0.58,0.49
Luxembourg,2023,0.72,0.01,0.01,0.12,0.72,0.6
Luxembourg,2024,0.88,0.01,0.01,0.12,0.88,0.76
Luxembourg,2025,1.12,0.01,0.01,0.12,1.12,1
Macao,2000,NA,0.27,0.27,NA,NA,NA
Macao,2001,NA,0.27,0.27,NA,NA,NA
Macao,2002,NA,0.27,0.27,NA,NA,NA
Macao,2003,NA,0.41,0.41,NA,NA,NA
Macao,2004,NA,0.41,0.41,NA,NA,NA
Macao,2005,NA,0.41,0.41,NA,NA,NA
Macao,2006,NA,0.41,0.41,NA,NA,NA
Macao,2007,NA,0.41,0.41,NA,NA,NA
Macao,2008,NA,0.41,0.41,NA,NA,NA
Macao,2009,NA,0.41,0.41,NA,NA,NA
Macao,2010,NA,0.41,0.41,NA,NA,NA
Macao,2011,NA,0.41,0.41,NA,NA,NA
Macao,2012,NA,0.41,0.41,NA,NA,NA
Macao,2013,NA,0.41,0.41,NA,NA,NA
Macao,2014,NA,0.41,0.41,NA,NA,NA
Macao,2015,NA,0.41,0.41,NA,NA,NA
Macao,2016,NA,0.41,0.41,NA,NA,NA
Macao,2017,NA,0.41,0.41,NA,NA,NA
Macao,2018,NA,0.41,0.41,NA,NA,NA
Macao,2019,NA,0.41,0.41,NA,NA,NA
Macao,2020,NA,0.41,0.41,NA,NA,NA
Macao,2021,NA,0.41,0.41,NA,NA,NA
Macao,2022,NA,0.41,0.41,NA,NA,NA
Macao,2023,NA,0.41,0.41,NA,NA,NA
Macao,2024,NA,0.41,0.41,NA,NA,NA
Madagascar,2000,0.11,0.12,0.12,0.11,0.11,0
Madagascar,2001,0.11,0.12,0.12,0.11,0.11,0
Madagascar,2002,0.11,0.12,0.12,0.11,0.11,0
Madagascar,2003,0.11,0.14,0.14,0.11,0.11,0
Madagascar,2004,0.11,0.17,0.17,0.11,0.11,0
Madagascar,2005,0.11,0.2,0.2,0.11,0.11,0
Madagascar,2006,0.11,0.24,0.24,0.11,0.11,0
Madagascar,2007,0.11,0.24,0.24,0.11,0.11,0
Madagascar,2008,0.12,0.28,0.28,0.12,0.12,0
Madagascar,2009,0.12,0.28,0.28,0.12,0.12,0
Madagascar,2010,0.13,0.38,0.38,0.13,0.13,0
Madagascar,2011,0.13,0.5,0.38,0.13,0.13,0
Madagascar,2012,0.16,0.5,0.38,0.16,0.16,0
Madagascar,2013,0.16,0.5,0.38,0.16,0.16,0
Madagascar,2014,0.16,0.51,0.39,0.16,0.16,0
Madagascar,2015,0.16,0.51,0.39,0.16,0.16,0
Madagascar,2016,0.16,0.51,0.39,0.16,0.16,0
Madagascar,2017,0.16,0.57,0.45,0.16,0.16,0
Madagascar,2018,0.18,0.62,0.5,0.16,0.18,0.02
Madagascar,2019,0.18,0.62,0.5,0.16,0.18,0.02
Madagascar,2020,0.18,0.62,0.5,0.16,0.18,0.02
Madagascar,2021,0.18,0.62,0.5,0.16,0.18,0.02
Madagascar,2022,0.24,0.62,0.5,0.19,0.24,0.05
Madagascar,2023,0.25,0.62,0.5,0.19,0.25,0.06
Madagascar,2024,0.25,0.62,0.5,0.19,0.25,0.06
Malawi,2000,0.33,0.04,0.04,0.33,0.33,0
Malawi,2001,0.33,0.04,0.04,0.33,0.33,0
Malawi,2002,0.33,0.04,0.04,0.33,0.33,0
Malawi,2003,0.33,0.02,0.02,0.33,0.33,0
Malawi,2004,0.33,0.03,0.03,0.33,0.33,0
Malawi,2005,0.33,0.03,0.03,0.33,0.33,0
Malawi,2006,0.33,0.03,0.03,0.33,0.33,0
Malawi,2007,0.33,0.03,0.03,0.33,0.33,0
Malawi,2008,0.33,0.02,0.02,0.33,0.33,0
Malawi,2009,0.33,0.03,0.03,0.33,0.33,0
Malawi,2010,0.33,0.03,0.03,0.33,0.33,0
Malawi,2011,0.33,0.03,0.03,0.33,0.33,0
Malawi,2012,0.33,0.03,0.03,0.33,0.33,0
Malawi,2013,0.39,0.03,0.03,0.39,0.39,0
Malawi,2014,0.39,0.03,0.03,0.39,0.39,0
Malawi,2015,0.39,0.03,0.03,0.39,0.39,0
Malawi,2016,0.39,0.04,0.04,0.39,0.39,0
Malawi,2017,0.39,0.09,0.09,0.39,0.39,0
Malawi,2018,0.39,0.12,0.12,0.39,0.39,0
Malawi,2019,0.39,0.13,0.13,0.39,0.39,0
Malawi,2020,0.39,0.13,0.13,0.39,0.39,0
Malawi,2021,0.47,0.13,0.13,0.41,0.47,0.06
Malawi,2022,0.51,0.13,0.13,0.41,0.51,0.1
Malawi,2023,0.51,0.13,0.13,0.41,0.51,0.1
Malawi,2024,0.51,0.13,0.13,0.41,0.51,0.1
Malaysia,2000,2.77,10.65,8.95,2.77,2.77,0
Malaysia,2001,2.75,11.6,9.9,2.75,2.75,0
Malaysia,2002,2.79,13,10.6,2.79,2.79,0
Malaysia,2003,2.8,15.4,11.6,2.8,2.8,0
Malaysia,2004,2.8,14.68,10.77,2.8,2.8,0
Malaysia,2005,2.75,15.03,11.12,2.75,2.75,0
Malaysia,2006,2.79,15.99,11.38,2.79,2.79,0
Malaysia,2007,2.81,18.2,12.19,2.81,2.81,0
Malaysia,2008,2.81,18.36,12.35,2.81,2.81,0
Malaysia,2009,2.83,20.79,13.11,2.83,2.83,0
Malaysia,2010,2.76,21.23,13.55,2.76,2.76,0
Malaysia,2011,3.78,22,14.32,3.78,3.78,0
Malaysia,2012,4.11,21.45,13.77,4.08,4.11,0.03
Malaysia,2013,5.08,22.15,14.47,4.96,5.08,0.12
Malaysia,2014,6.36,21.54,13.86,6.19,6.36,0.17
Malaysia,2015,7.81,22.46,13.78,7.59,7.81,0.22
Malaysia,2016,7.93,24.88,15.2,7.64,7.93,0.29
Malaysia,2017,7.02,27.71,17.03,6.69,7.02,0.33
Malaysia,2018,7.45,27.24,16.56,6.97,7.45,0.48
Malaysia,2019,7.9,29.6,16.32,7.07,7.9,0.83
Malaysia,2020,8.55,27.75,14.47,7.07,8.55,1.48
Malaysia,2021,8.7,30.79,17.51,7.12,8.7,1.58
Malaysia,2022,9.27,31.37,18.09,7.14,9.27,2.13
Malaysia,2023,9.62,31.43,18.15,7.2,9.62,2.42
Malaysia,2024,10.27,30.56,17.28,7.2,10.27,3.07
Malaysia,2025,10.27,31.76,18.48,7.2,10.27,3.07
Maldives,2000,0,0.12,0.12,0,0,0
Maldives,2001,0,0.12,0.12,0,0,0
Maldives,2002,0,0.14,0.14,0,0,0
Maldives,2003,0,0.14,0.14,0,0,0
Maldives,2004,0,0.14,0.14,0,0,0
Maldives,2005,0,0.14,0.14,0,0,0
Maldives,2006,0,0.14,0.14,0,0,0
Maldives,2007,0,0.14,0.14,0,0,0
Maldives,2008,0,0.14,0.14,0,0,0
Maldives,2009,0,0.14,0.14,0,0,0
Maldives,2010,0,0.14,0.14,0,0,0
Maldives,2011,0,0.14,0.14,0,0,0
Maldives,2012,0,0.14,0.14,0,0,0
Maldives,2013,0,0.14,0.14,0,0,0
Maldives,2014,0,0.14,0.14,0,0,0
Maldives,2015,0,0.14,0.14,0,0,0
Maldives,2016,0.01,0.21,0.21,0,0.01,0.01
Maldives,2017,0.01,0.21,0.21,0,0.01,0.01
Maldives,2018,0.02,0.53,0.53,0,0.02,0.02
Maldives,2019,0.03,0.61,0.61,0,0.03,0.03
Maldives,2020,0.04,0.61,0.61,0,0.04,0.04
Maldives,2021,0.04,0.61,0.61,0,0.04,0.04
Maldives,2022,0.05,0.61,0.61,0,0.05,0.05
Maldives,2023,0.05,0.61,0.61,0,0.05,0.05
Maldives,2024,0.07,0.61,0.61,0,0.07,0.07
Mali,2000,0.05,0.21,0.21,0.05,0.05,0
Mali,2001,0.05,0.21,0.21,0.05,0.05,0
Mali,2002,0.25,0.21,0.21,0.25,0.25,0
Mali,2003,0.25,0.21,0.21,0.25,0.25,0
Mali,2004,0.25,0.21,0.21,0.25,0.25,0
Mali,2005,0.25,0.21,0.21,0.25,0.25,0
Mali,2006,0.25,0.21,0.21,0.25,0.25,0
Mali,2007,0.25,0.22,0.22,0.25,0.25,0
Mali,2008,0.25,0.19,0.19,0.25,0.25,0
Mali,2009,0.25,0.21,0.21,0.25,0.25,0
Mali,2010,0.25,0.23,0.23,0.25,0.25,0
Mali,2011,0.25,0.29,0.29,0.25,0.25,0
Mali,2012,0.26,0.29,0.29,0.26,0.26,0
Mali,2013,0.33,0.33,0.33,0.33,0.33,0
Mali,2014,0.33,0.35,0.35,0.33,0.33,0
Mali,2015,0.34,0.36,0.36,0.33,0.34,0.01
Mali,2016,0.34,0.42,0.42,0.33,0.34,0.01
Mali,2017,0.37,0.46,0.46,0.36,0.37,0.01
Mali,2018,0.37,0.46,0.46,0.36,0.37,0.01
Mali,2019,0.37,0.47,0.47,0.36,0.37,0.01
Mali,2020,0.42,0.48,0.48,0.36,0.42,0.06
Mali,2021,0.45,0.49,0.49,0.36,0.45,0.09
Mali,2022,0.6,0.51,0.51,0.5,0.6,0.1
Mali,2023,0.6,0.61,0.61,0.5,0.6,0.1
Mali,2024,0.64,0.61,0.61,0.5,0.64,0.14
Malta,2000,0,0.19,0.19,0,0,0
Malta,2001,0,0.19,0.19,0,0,0
Malta,2002,0,0.19,0.19,0,0,0
Malta,2003,0,0.19,0.19,0,0,0
Malta,2004,0,0.19,0.19,0,0,0
Malta,2005,0,0.19,0.19,0,0,0
Malta,2006,0,0.19,0.19,0,0,0
Malta,2007,0,0.19,0.19,0,0,0
Malta,2008,0,0.19,0.19,0,0,0
Malta,2009,0,0.19,0.19,0,0,0
Malta,2010,0,0.19,0.19,0,0,0
Malta,2011,0.01,0.19,0.19,0,0.01,0.01
Malta,2012,0.02,0.19,0.19,0,0.02,0.02
Malta,2013,0.03,0.19,0.19,0,0.03,0.03
Malta,2014,0.05,0.19,0.19,0,0.05,0.05
Malta,2015,0.07,0.19,0.19,0,0.07,0.07
Malta,2016,0.09,0.19,0.19,0,0.09,0.09
Malta,2017,0.11,0.55,0.55,0,0.11,0.11
Malta,2018,0.13,0.55,0.55,0,0.13,0.13
Malta,2019,0.15,0.55,0.55,0,0.15,0.15
Malta,2020,0.18,0.55,0.55,0,0.18,0.18
Malta,2021,0.2,0.55,0.55,0.01,0.2,0.19
Malta,2022,0.21,0.55,0.55,0,0.21,0.21
Malta,2023,0.23,0.55,0.55,0,0.23,0.23
Malta,2024,0.24,0.55,0.55,0,0.24,0.24
Malta,2025,0.25,0.55,0.55,0,0.25,0.25
Martinique,2000,NA,0.06,0.06,NA,NA,NA
Martinique,2001,NA,0.06,0.06,NA,NA,NA
Martinique,2002,0,0.06,0.06,0,0,NA
Martinique,2003,0,0.06,0.06,0,0,NA
Martinique,2004,0,0.06,0.06,0,0,0
Martinique,2005,0,0.06,0.06,0,0,0
Martinique,2006,0,0.06,0.06,0,0,0
Martinique,2007,0,0.06,0.06,0,0,0
Martinique,2008,0.01,0.06,0.06,0,0.01,0.01
Martinique,2009,0.01,0.06,0.06,0,0.01,0.01
Martinique,2010,0.03,0.06,0.06,0,0.03,0.03
Martinique,2011,0.05,0.06,0.06,0,0.05,0.05
Martinique,2012,0.06,0.06,0.06,0,0.06,0.06
Martinique,2013,0.06,0.06,0.06,0,0.06,0.06
Martinique,2014,0.06,0.28,0.28,0,0.06,0.06
Martinique,2015,0.07,0.28,0.28,0,0.07,0.07
Martinique,2016,0.07,0.28,0.28,0,0.07,0.07
Martinique,2017,0.07,0.28,0.28,0,0.07,0.07
Martinique,2018,0.11,0.28,0.28,0.04,0.11,0.07
Martinique,2019,0.13,0.28,0.28,0.04,0.13,0.09
Martinique,2020,0.14,0.28,0.28,0.04,0.14,0.1
Martinique,2021,0.14,0.28,0.28,0.04,0.14,0.1
Martinique,2022,0.15,0.28,0.28,0.04,0.15,0.11
Martinique,2023,0.15,0.28,0.28,0.04,0.15,0.11
Mauritania,2000,0,0.24,0.24,0,0,0
Mauritania,2001,0,0.24,0.24,0,0,0
Mauritania,2002,0,0.24,0.24,0,0,0
Mauritania,2003,0,0.24,0.24,0,0,0
Mauritania,2004,0,0.24,0.24,0,0,0
Mauritania,2005,0,0.24,0.24,0,0,0
Mauritania,2006,0,0.24,0.24,0,0,0
Mauritania,2007,0,0.24,0.24,0,0,0
Mauritania,2008,0,0.24,0.24,0,0,0
Mauritania,2009,0,0.24,0.24,0,0,0
Mauritania,2010,0,0.24,0.24,0,0,0
Mauritania,2011,0,0.24,0.24,0,0,0
Mauritania,2012,0,0.24,0.24,0,0,0
Mauritania,2013,0.02,0.24,0.24,0,0.02,0.02
Mauritania,2014,0.02,0.24,0.24,0,0.02,0.02
Mauritania,2015,0.05,0.42,0.42,0,0.05,0.05
Mauritania,2016,0.06,0.42,0.42,0,0.06,0.06
Mauritania,2017,0.06,0.42,0.42,0,0.06,0.06
Mauritania,2018,0.12,0.42,0.42,0,0.12,0.12
Mauritania,2019,0.12,0.42,0.42,0,0.12,0.12
Mauritania,2020,0.12,0.42,0.42,0,0.12,0.12
Mauritania,2021,0.12,0.42,0.42,0,0.12,0.12
Mauritania,2022,0.12,0.42,0.42,0,0.12,0.12
Mauritania,2023,0.26,0.42,0.42,0,0.26,0.26
Mauritania,2024,0.3,0.42,0.42,0,0.3,0.3
Mauritius,2000,0.11,0.38,0.31,0.11,0.11,0
Mauritius,2001,0.12,0.38,0.31,0.12,0.12,0
Mauritius,2002,0.12,0.38,0.31,0.12,0.12,0
Mauritius,2003,0.12,0.39,0.32,0.12,0.12,0
Mauritius,2004,0.12,0.39,0.32,0.12,0.12,0
Mauritius,2005,0.2,0.42,0.32,0.2,0.2,0
Mauritius,2006,0.13,0.46,0.36,0.13,0.13,0
Mauritius,2007,0.14,0.55,0.36,0.14,0.14,0
Mauritius,2008,0.13,0.55,0.36,0.13,0.13,0
Mauritius,2009,0.16,0.55,0.36,0.16,0.16,0
Mauritius,2010,0.16,0.58,0.39,0.16,0.16,0
Mauritius,2011,0.15,0.58,0.39,0.15,0.15,0
Mauritius,2012,0.14,0.64,0.45,0.14,0.14,0
Mauritius,2013,0.14,0.64,0.45,0.14,0.14,0
Mauritius,2014,0.14,0.63,0.44,0.14,0.14,0
Mauritius,2015,0.17,0.63,0.44,0.15,0.17,0.02
Mauritius,2016,0.18,0.65,0.46,0.15,0.18,0.03
Mauritius,2017,0.19,0.72,0.53,0.15,0.19,0.04
Mauritius,2018,0.23,0.65,0.46,0.15,0.23,0.08
Mauritius,2019,0.26,0.65,0.46,0.15,0.26,0.11
Mauritius,2020,0.27,0.65,0.46,0.15,0.27,0.12
Mauritius,2021,0.27,0.65,0.46,0.15,0.27,0.12
Mauritius,2022,0.27,0.65,0.46,0.15,0.27,0.12
Mauritius,2023,0.29,0.65,0.46,0.15,0.29,0.14
Mauritius,2024,0.32,0.65,0.46,0.15,0.32,0.17
Mexico,2000,11.32,29.58,24.88,9.98,10.01,0.03
Mexico,2001,11.46,30.35,25.65,10.12,10.15,0.03
Mexico,2002,11.47,33.27,28.57,10.12,10.16,0.04
Mexico,2003,11.49,39.58,34.88,10.14,10.18,0.04
Mexico,2004,12.4,39.79,35.09,11.05,11.09,0.04
Mexico,2005,12.43,40.4,35.7,11.08,11.12,0.04
Mexico,2006,12.71,43.61,38.91,11.28,11.4,0.12
Mexico,2007,13.49,46.27,41.57,12.06,12.18,0.12
Mexico,2008,13.26,46.59,41.89,11.83,11.95,0.12
Mexico,2009,13.56,47.23,42.53,11.79,12.25,0.46
Mexico,2010,14.17,49.18,43.8,12.01,12.56,0.55
Mexico,2011,14.2,49.35,43.97,11.95,12.59,0.64
Mexico,2012,15.58,49.53,44.15,12.08,13.97,1.89
Mexico,2013,15.99,51.57,46.19,12.15,14.38,2.23
Mexico,2014,17.42,52.97,47.59,13.07,15.81,2.74
Mexico,2015,18.12,53.77,48.39,12.95,16.51,3.56
Mexico,2016,19.69,56.63,51.25,13.42,18.08,4.66
Mexico,2017,20.36,58.76,53.38,13.5,18.75,5.25
Mexico,2018,22.06,66.49,61.11,13.5,20.45,6.95
Mexico,2019,28.35,70.32,64.94,13.95,26.74,12.79
Mexico,2020,29.94,72.73,67.35,14.17,28.33,14.16
Mexico,2021,32.19,74.41,69.03,14.18,30.58,16.4
Mexico,2022,32.32,89.05,83.67,13.72,30.71,16.99
Mexico,2023,33.57,89.64,84.26,13.73,31.96,18.23
Mexico,2024,34.84,90.41,85.03,13.73,33.23,19.5
Mexico,2025,35.78,92.55,87.17,13.73,34.17,20.44
Middle East,2000,4.52,81.41,77.06,4.51,4.52,0.01
Middle East,2001,4.52,88.46,83.56,4.51,4.52,0.01
Middle East,2002,4.89,93.58,88.68,4.87,4.89,0.02
Middle East,2003,6.42,99.6,94.7,6.4,6.42,0.02
Middle East,2004,8.45,105.39,100.49,8.42,8.45,0.03
Middle East,2005,9.54,114.14,109.24,9.5,9.54,0.04
Middle East,2006,10.45,119.05,114.15,10.4,10.45,0.05
Middle East,2007,11.34,130.55,125.65,11.27,11.34,0.07
Middle East,2008,11.24,140.68,135.78,11.16,11.24,0.08
Middle East,2009,11.35,152.28,147.38,11.21,11.35,0.14
Middle East,2010,12.12,168.12,163.16,11.93,12.12,0.19
Middle East,2011,13.56,180.48,175.52,12.22,12.54,0.32
Middle East,2012,14.67,197.32,192.36,13.22,13.65,0.43
Middle East,2013,15.52,220.76,215.8,13.75,14.5,0.75
Middle East,2014,16.97,239.87,234.91,14.91,15.95,1.04
Middle East,2015,16.92,249.69,244.73,14.46,15.9,1.44
Middle East,2016,17.73,261.58,256.62,14.68,16.71,2.03
Middle East,2017,18.1,272.05,267.09,14.34,17.08,2.74
Middle East,2018,19.66,282.37,277.41,14.48,18.64,4.16
Middle East,2019,22.44,302.4,297.44,14.56,21.42,6.86
Middle East,2020,26.03,316.39,310.83,14.58,23.62,9.04
Middle East,2021,28.3,321.76,315.6,14.57,25.89,11.32
Middle East,2022,34.78,334.88,330.5,14.94,30.98,16.04
Middle East,2023,43.06,345.7,341.32,15.15,37.87,22.72
Middle East,2024,50.36,350.6,346.22,15.48,43.78,28.3
Middle East,2025,63.03,355.44,351.06,15.57,56.45,40.88
Moldova,2000,0.06,2.78,1.38,0.06,0.06,0
Moldova,2001,0.06,2.78,1.38,0.06,0.06,0
Moldova,2002,0.06,2.78,1.38,0.06,0.06,0
Moldova,2003,0.06,2.78,1.38,0.06,0.06,0
Moldova,2004,0.06,2.78,1.38,0.06,0.06,0
Moldova,2005,0.06,2.78,1.38,0.06,0.06,0
Moldova,2006,0.06,2.78,1.38,0.06,0.06,0
Moldova,2007,0.06,2.78,1.38,0.06,0.06,0
Moldova,2008,0.06,2.78,1.38,0.06,0.06,0
Moldova,2009,0.06,2.78,1.38,0.06,0.06,0
Moldova,2010,0.06,2.78,1.38,0.06,0.06,0
Moldova,2011,0.06,2.78,1.38,0.06,0.06,0
Moldova,2012,0.06,2.78,1.38,0.06,0.06,0
Moldova,2013,0.06,2.78,1.38,0.06,0.06,0
Moldova,2014,0.06,2.78,1.38,0.06,0.06,0
Moldova,2015,0.06,2.78,1.38,0.06,0.06,0
Moldova,2016,0.06,2.78,1.38,0.06,0.06,0
Moldova,2017,0.08,2.78,1.38,0.07,0.08,0.01
Moldova,2018,0.1,2.78,1.38,0.07,0.1,0.03
Moldova,2019,0.11,2.78,1.38,0.07,0.11,0.04
Moldova,2020,0.11,2.78,1.38,0.07,0.11,0.04
Moldova,2021,0.15,2.78,1.38,0.07,0.15,0.08
Moldova,2022,0.26,2.78,1.38,0.08,0.26,0.18
Moldova,2023,0.42,2.78,1.38,0.08,0.42,0.34
Moldova,2024,0.63,2.78,1.38,0.07,0.63,0.56
Moldova,2025,1.03,2.78,1.38,0.07,1.03,0.96
Mongolia,2000,0.02,0.79,0.09,0.02,0.02,0
Mongolia,2001,0.02,0.79,0.09,0.02,0.02,0
Mongolia,2002,0.02,0.78,0.08,0.02,0.02,0
Mongolia,2003,0.02,0.78,0.08,0.02,0.02,0
Mongolia,2004,0.02,0.77,0.07,0.02,0.02,0
Mongolia,2005,0.02,0.76,0.06,0.02,0.02,0
Mongolia,2006,0.02,0.74,0.04,0.02,0.02,0
Mongolia,2007,0.02,0.74,0.04,0.02,0.02,0
Mongolia,2008,0.03,0.75,0.05,0.02,0.03,0.01
Mongolia,2009,0.03,0.75,0.05,0.02,0.03,0.01
Mongolia,2010,0.04,0.75,0.05,0.03,0.04,0.01
Mongolia,2011,0.04,0.75,0.05,0.03,0.04,0.01
Mongolia,2012,0.04,0.72,0.02,0.03,0.04,0.01
Mongolia,2013,0.09,0.72,0.02,0.03,0.09,0.06
Mongolia,2014,0.09,0.77,0.02,0.03,0.09,0.06
Mongolia,2015,0.09,0.89,0.02,0.03,0.09,0.06
Mongolia,2016,0.1,0.89,0.02,0.03,0.1,0.07
Mongolia,2017,0.19,0.87,0,0.03,0.19,0.16
Mongolia,2018,0.26,0.87,0,0.03,0.26,0.23
Mongolia,2019,0.29,0.91,0,0.03,0.29,0.26
Mongolia,2020,0.29,0.91,0,0.03,0.29,0.26
Mongolia,2021,0.29,0.95,0.01,0.03,0.29,0.26
Mongolia,2022,0.29,0.95,0.01,0.03,0.29,0.26
Mongolia,2023,0.29,0.95,0.01,0.03,0.29,0.26
Mongolia,2024,0.33,1.16,0.01,0.03,0.33,0.3
Mongolia,2025,0.32,1.4,0.1,0.03,0.32,0.29
Montenegro,2005,0.63,0.22,NA,0.63,0.63,0
Montenegro,2006,0.63,0.22,NA,0.63,0.63,0
Montenegro,2007,0.63,0.22,NA,0.63,0.63,0
Montenegro,2008,0.63,0.22,NA,0.63,0.63,0
Montenegro,2009,0.63,0.22,NA,0.63,0.63,0
Montenegro,2010,0.63,0.22,NA,0.63,0.63,0
Montenegro,2011,0.63,0.22,NA,0.63,0.63,0
Montenegro,2012,0.63,0.22,NA,0.63,0.63,0
Montenegro,2013,0.63,0.22,NA,0.63,0.63,0
Montenegro,2014,0.65,0.22,NA,0.65,0.65,0
Montenegro,2015,0.66,0.22,NA,0.66,0.66,0
Montenegro,2016,0.67,0.22,NA,0.67,0.67,0
Montenegro,2017,0.74,0.22,NA,0.67,0.74,0.07
Montenegro,2018,0.75,0.22,NA,0.68,0.75,0.07
Montenegro,2019,0.8,0.22,NA,0.68,0.8,0.12
Montenegro,2020,0.82,0.22,NA,0.7,0.82,0.12
Montenegro,2021,0.82,0.22,NA,0.7,0.82,0.12
Montenegro,2022,0.82,0.22,NA,0.7,0.82,0.12
Montenegro,2023,0.84,0.22,NA,0.7,0.84,0.14
Montenegro,2024,0.88,0.22,NA,0.7,0.88,0.18
Montenegro,2025,0.92,0.22,NA,0.7,0.92,0.22
Montserrat,2000,0,0.01,0.01,0,0,0
Montserrat,2001,0,0.01,0.01,0,0,0
Montserrat,2002,0,0.01,0.01,0,0,0
Montserrat,2003,0,0.01,0.01,0,0,0
Montserrat,2004,0,0.01,0.01,0,0,0
Montserrat,2005,0,0,0,0,0,0
Montserrat,2006,0,0,0,0,0,0
Montserrat,2007,0,0,0,0,0,0
Montserrat,2008,0,0,0,0,0,0
Montserrat,2009,0,0,0,0,0,0
Montserrat,2010,0,0,0,0,0,0
Montserrat,2011,0,0,0,0,0,0
Montserrat,2012,0,0,0,0,0,0
Montserrat,2013,0,0,0,0,0,0
Montserrat,2014,0,0.01,0.01,0,0,0
Montserrat,2015,0,0.01,0.01,0,0,0
Montserrat,2016,0,0.01,0.01,0,0,0
Montserrat,2017,0,0.01,0.01,0,0,0
Montserrat,2018,0,0.01,0.01,0,0,0
Montserrat,2019,0,0.01,0.01,0,0,0
Montserrat,2020,0,0.01,0.01,0,0,0
Montserrat,2021,0,0.01,0.01,0,0,0
Montserrat,2022,0,0.01,0.01,0,0,0
Montserrat,2023,0,0.01,0.01,0,0,0
Montserrat,2024,0,0.01,0.01,0,0,0
Morocco,2000,1.23,1.77,0.3,1.17,1.23,0.06
Morocco,2001,1.23,2.12,0.3,1.17,1.23,0.06
Morocco,2002,1.23,2.12,0.3,1.17,1.23,0.06
Morocco,2003,1.33,2.12,0.3,1.27,1.33,0.06
Morocco,2004,1.33,2.12,0.3,1.27,1.33,0.06
Morocco,2005,1.33,2.52,0.7,1.27,1.33,0.06
Morocco,2006,1.33,2.52,0.7,1.27,1.33,0.06
Morocco,2007,1.39,2.52,0.7,1.27,1.39,0.12
Morocco,2008,1.39,2.52,0.7,1.27,1.39,0.12
Morocco,2009,1.52,2.94,1.12,1.29,1.52,0.23
Morocco,2010,1.56,3.41,1.59,1.31,1.56,0.25
Morocco,2011,1.59,3.41,1.59,1.31,1.59,0.28
Morocco,2012,1.6,3.72,1.9,1.31,1.6,0.29
Morocco,2013,1.85,3.72,1.9,1.31,1.85,0.54
Morocco,2014,2.15,4.42,1.9,1.31,2.15,0.84
Morocco,2015,2.31,4.42,1.9,1.31,2.31,1
Morocco,2016,2.42,4.42,1.9,1.32,2.42,1.1
Morocco,2017,2.54,4.77,1.9,1.32,2.54,1.22
Morocco,2018,3.28,6.16,1.9,1.32,3.28,1.96
Morocco,2019,3.28,6.16,1.9,1.32,3.28,1.96
Morocco,2020,3.52,6.16,1.9,1.32,3.52,2.2
Morocco,2021,3.64,6.16,1.9,1.32,3.64,2.32
Morocco,2022,3.73,6.16,1.9,1.32,3.73,2.41
Morocco,2023,4.25,6.16,1.9,1.32,4.25,2.93
Morocco,2024,4.66,5.99,1.9,1.32,4.66,3.34
Morocco,2025,4.86,5.99,1.9,1.32,4.86,3.54
Mozambique,2000,2.23,0,0,2.23,2.23,0
Mozambique,2001,2.25,0,0,2.25,2.25,0
Mozambique,2002,2.25,0,0,2.25,2.25,0
Mozambique,2003,2.25,0,0,2.25,2.25,0
Mozambique,2004,2.25,0,0,2.25,2.25,0
Mozambique,2005,2.25,0,0,2.25,2.25,0
Mozambique,2006,2.25,0,0,2.25,2.25,0
Mozambique,2007,2.25,0,0,2.25,2.25,0
Mozambique,2008,2.25,0,0,2.25,2.25,0
Mozambique,2009,2.25,0,0,2.25,2.25,0
Mozambique,2010,2.25,0,0,2.25,2.25,0
Mozambique,2011,2.26,0,0,2.26,2.26,0
Mozambique,2012,2.26,0,0,2.26,2.26,0
Mozambique,2013,2.26,0,0,2.26,2.26,0
Mozambique,2014,2.26,0,0,2.26,2.26,0
Mozambique,2015,2.26,0.41,0.41,2.26,2.26,0
Mozambique,2016,2.26,0.41,0.41,2.26,2.26,0
Mozambique,2017,2.26,0.41,0.41,2.26,2.26,0
Mozambique,2018,2.26,0.66,0.66,2.26,2.26,0
Mozambique,2019,2.31,0.66,0.66,2.26,2.31,0.05
Mozambique,2020,2.31,0.66,0.66,2.26,2.31,0.05
Mozambique,2021,2.32,0.66,0.66,2.26,2.32,0.06
Mozambique,2022,2.37,0.66,0.66,2.26,2.37,0.11
Mozambique,2023,2.42,0.66,0.66,2.26,2.42,0.16
Mozambique,2024,2.44,0.66,0.66,2.26,2.44,0.18
Myanmar,2000,0.39,0.36,0.36,0.39,0.39,0
Myanmar,2001,0.39,0.36,0.36,0.39,0.39,0
Myanmar,2002,0.42,0.36,0.36,0.42,0.42,0
Myanmar,2003,0.33,0.36,0.36,0.33,0.33,0
Myanmar,2004,0.78,0.42,0.36,0.78,0.78,0
Myanmar,2005,0.78,0.48,0.36,0.78,0.78,0
Myanmar,2006,0.81,0.48,0.36,0.81,0.81,0
Myanmar,2007,0.86,0.48,0.36,0.86,0.86,0
Myanmar,2008,1,0.48,0.36,1,1,0
Myanmar,2009,1.71,0.48,0.36,1.71,1.71,0
Myanmar,2010,2.56,0.48,0.36,2.56,2.56,0
Myanmar,2011,2.75,0.48,0.36,2.75,2.75,0
Myanmar,2012,2.86,0.48,0.36,2.86,2.86,0
Myanmar,2013,3.06,0.7,0.58,3.06,3.06,0
Myanmar,2014,3.25,1.22,1.1,3.24,3.25,0.01
Myanmar,2015,3.26,1.33,1.21,3.24,3.26,0.02
Myanmar,2016,3.34,1.33,1.21,3.31,3.34,0.03
Myanmar,2017,3.35,1.37,1.21,3.31,3.35,0.04
Myanmar,2018,3.38,1.73,1.54,3.33,3.38,0.05
Myanmar,2019,3.42,2.17,1.98,3.33,3.42,0.09
Myanmar,2020,3.41,2.32,2.13,3.33,3.41,0.08
Myanmar,2021,3.44,2.32,2.13,3.33,3.44,0.11
Myanmar,2022,3.51,2.63,2.44,3.33,3.51,0.18
Myanmar,2023,3.51,2.63,2.44,3.33,3.51,0.18
Myanmar,2024,3.55,2.63,2.44,3.33,3.55,0.22
Namibia,2000,0.24,0.15,0.03,0.24,0.24,0
Namibia,2001,0.24,0.15,0.03,0.24,0.24,0
Namibia,2002,0.24,0.15,0.03,0.24,0.24,0
Namibia,2003,0.24,0.15,0.03,0.24,0.24,0
Namibia,2004,0.24,0.15,0.03,0.24,0.24,0
Namibia,2005,0.24,0.15,0.03,0.24,0.24,0
Namibia,2006,0.24,0.15,0.03,0.24,0.24,0
Namibia,2007,0.24,0.15,0.03,0.24,0.24,0
Namibia,2008,0.24,0.15,0.03,0.24,0.24,0
Namibia,2009,0.24,0.16,0.04,0.24,0.24,0
Namibia,2010,0.24,0.16,0.04,0.24,0.24,0
Namibia,2011,0.24,0.19,0.07,0.24,0.24,0
Namibia,2012,0.33,0.19,0.07,0.33,0.33,0
Namibia,2013,0.33,0.19,0.07,0.33,0.33,0
Namibia,2014,0.33,0.21,0.09,0.33,0.33,0
Namibia,2015,0.34,0.21,0.09,0.33,0.34,0.01
Namibia,2016,0.38,0.18,0.06,0.35,0.38,0.03
Namibia,2017,0.43,0.18,0.06,0.35,0.43,0.08
Namibia,2018,0.48,0.18,0.06,0.35,0.48,0.13
Namibia,2019,0.55,0.18,0.06,0.35,0.55,0.2
Namibia,2020,0.55,0.22,0.1,0.35,0.55,0.2
Namibia,2021,0.55,0.22,0.1,0.35,0.55,0.2
Namibia,2022,0.61,0.19,0.07,0.35,0.61,0.26
Namibia,2023,0.6,0.19,0.07,0.35,0.6,0.25
Namibia,2024,0.6,0.19,0.07,0.35,0.6,0.25
Nauru,2000,0,0.01,0.01,0,0,0
Nauru,2001,0,0.01,0.01,0,0,0
Nauru,2002,0,0.01,0.01,0,0,0
Nauru,2003,0,0.01,0.01,0,0,0
Nauru,2004,0,0.01,0.01,0,0,0
Nauru,2005,0,0.01,0.01,0,0,0
Nauru,2006,0,0.01,0.01,0,0,0
Nauru,2007,0,0.01,0.01,0,0,0
Nauru,2008,0,0.01,0.01,0,0,0
Nauru,2009,0,0.01,0.01,0,0,0
Nauru,2010,0,0.01,0.01,0,0,0
Nauru,2011,0,0.01,0.01,0,0,0
Nauru,2012,0,0.01,0.01,0,0,0
Nauru,2013,0,0.01,0.01,0,0,0
Nauru,2014,0,0.01,0.01,0,0,0
Nauru,2015,0,0.01,0.01,0,0,0
Nauru,2016,0,0.01,0.01,0,0,0
Nauru,2017,0,0.02,0.02,0,0,0
Nauru,2018,0,0.02,0.02,0,0,0
Nauru,2019,0,0.02,0.02,0,0,0
Nauru,2020,0,0.02,0.02,0,0,0
Nauru,2021,0,0.02,0.02,0,0,0
Nauru,2022,0,0.02,0.02,0,0,0
Nauru,2023,0,0.02,0.02,0,0,0
Nauru,2024,0,0.02,0.02,0,0,0
Nepal,2000,0.27,0.05,0.05,0.27,0.27,0
Nepal,2001,0.39,0.05,0.05,0.39,0.39,0
Nepal,2002,0.4,0.05,0.05,0.4,0.4,0
Nepal,2003,0.55,0.05,0.05,0.55,0.55,0
Nepal,2004,0.56,0.05,0.05,0.56,0.56,0
Nepal,2005,0.56,0.05,0.05,0.56,0.56,0
Nepal,2006,0.56,0.05,0.05,0.56,0.56,0
Nepal,2007,0.57,0.05,0.05,0.57,0.57,0
Nepal,2008,0.58,0.05,0.05,0.58,0.58,0
Nepal,2009,0.68,0.05,0.05,0.68,0.68,0
Nepal,2010,0.68,0.05,0.05,0.68,0.68,0
Nepal,2011,0.7,0.05,0.05,0.69,0.7,0.01
Nepal,2012,0.71,0.05,0.05,0.7,0.71,0.01
Nepal,2013,0.74,0.05,0.05,0.73,0.74,0.01
Nepal,2014,0.76,0.05,0.05,0.75,0.76,0.01
Nepal,2015,0.81,0.05,0.05,0.8,0.81,0.01
Nepal,2016,0.83,0.05,0.05,0.82,0.83,0.01
Nepal,2017,0.98,0.05,0.05,0.93,0.98,0.05
Nepal,2018,1.11,0.05,0.05,1.05,1.11,0.06
Nepal,2019,1.22,0.05,0.05,1.17,1.22,0.05
Nepal,2020,1.35,0.05,0.05,1.29,1.35,0.06
Nepal,2021,2.07,0.05,0.05,1.98,2.07,0.09
Nepal,2022,2.32,0.05,0.05,2.21,2.32,0.11
Nepal,2023,2.81,0.05,0.05,2.69,2.81,0.12
Nepal,2024,3.47,0.05,0.05,3.3,3.47,0.17
Netherlands,2000,1.24,10.86,6.6,0.33,0.79,0.46
Netherlands,2001,1.3,10.86,6.6,0.34,0.85,0.51
Netherlands,2002,1.49,10.86,6.6,0.34,1.04,0.7
Netherlands,2003,1.74,10.93,6.67,0.34,1.29,0.95
Netherlands,2004,1.92,11.74,7.48,0.34,1.47,1.13
Netherlands,2005,2.08,11.78,7.52,0.36,1.63,1.27
Netherlands,2006,2.5,11.78,7.52,0.38,1.99,1.61
Netherlands,2007,2.83,11.88,7.62,0.52,2.32,1.8
Netherlands,2008,3.35,12.19,7.93,0.63,2.84,2.21
Netherlands,2009,3.47,12.19,7.93,0.67,2.96,2.29
Netherlands,2010,3.54,14.5,10.24,0.7,3.03,2.33
Netherlands,2011,3.71,15.37,11.11,0.73,3.2,2.47
Netherlands,2012,3.98,17.53,13.27,0.75,3.47,2.72
Netherlands,2013,4.65,19.37,15.11,0.8,4.16,3.36
Netherlands,2014,5.16,19.37,15.11,0.79,4.67,3.88
Netherlands,2015,6.26,20,15.11,0.83,5.75,4.92
Netherlands,2016,7.72,21.1,15.11,0.81,7.21,6.4
Netherlands,2017,8.44,19.89,15.11,0.82,7.93,7.11
Netherlands,2018,10.37,19.89,15.11,0.86,9.86,9
Netherlands,2019,13.07,20.02,15.92,0.85,12.56,11.71
Netherlands,2020,19.17,19.99,15.89,0.9,18.66,17.76
Netherlands,2021,23.88,19.99,15.89,0.9,23.37,22.47
Netherlands,2022,27.49,19.99,15.89,0.92,26.98,26.06
Netherlands,2023,34.19,19.5,16,0.92,33.68,32.76
Netherlands,2024,37.9,19.5,16,0.92,37.39,36.47
Netherlands,2025,39.09,19.5,16,0.92,38.58,37.66
New Caledonia,2000,0.08,0.28,0.28,0.08,0.08,0
New Caledonia,2001,0.08,0.28,0.28,0.08,0.08,0
New Caledonia,2002,0.09,0.28,0.28,0.08,0.09,0.01
New Caledonia,2003,0.09,0.28,0.28,0.08,0.09,0.01
New Caledonia,2004,0.1,0.28,0.28,0.08,0.1,0.02
New Caledonia,2005,0.1,0.28,0.28,0.08,0.1,0.02
New Caledonia,2006,0.11,0.28,0.28,0.08,0.11,0.03
New Caledonia,2007,0.11,0.38,0.28,0.08,0.11,0.03
New Caledonia,2008,0.11,0.38,0.28,0.08,0.11,0.03
New Caledonia,2009,0.12,0.43,0.33,0.08,0.12,0.04
New Caledonia,2010,0.12,0.43,0.33,0.08,0.12,0.04
New Caledonia,2011,0.12,0.43,0.33,0.08,0.12,0.04
New Caledonia,2012,0.12,0.44,0.34,0.08,0.12,0.04
New Caledonia,2013,0.12,0.53,0.43,0.08,0.12,0.04
New Caledonia,2014,0.12,0.8,0.43,0.08,0.12,0.04
New Caledonia,2015,0.13,0.81,0.44,0.08,0.13,0.05
New Caledonia,2016,0.13,0.81,0.44,0.08,0.13,0.05
New Caledonia,2017,0.15,0.81,0.44,0.08,0.15,0.07
New Caledonia,2018,0.18,0.81,0.44,0.08,0.18,0.1
New Caledonia,2019,0.22,0.81,0.44,0.08,0.22,0.14
New Caledonia,2020,0.24,0.81,0.44,0.08,0.24,0.16
New Caledonia,2021,0.29,0.81,0.44,0.08,0.29,0.21
New Caledonia,2022,0.35,1.01,0.64,0.08,0.35,0.27
New Caledonia,2023,0.35,1.01,0.64,0.08,0.35,0.27
New Caledonia,2024,0.35,0.66,0.55,0.08,0.35,0.27
New Zealand,2000,5.32,1.56,0.56,5.28,5.32,0.04
New Zealand,2001,5.39,1.56,0.56,5.35,5.39,0.04
New Zealand,2002,5.53,1.56,0.56,5.48,5.53,0.05
New Zealand,2003,5.56,1.56,0.56,5.49,5.56,0.07
New Zealand,2004,5.67,1.61,0.61,5.5,5.67,0.17
New Zealand,2005,5.68,1.61,0.61,5.51,5.68,0.17
New Zealand,2006,5.68,1.61,0.61,5.51,5.68,0.17
New Zealand,2007,5.83,2.01,1.01,5.51,5.83,0.32
New Zealand,2008,5.85,2.01,1.01,5.53,5.85,0.32
New Zealand,2009,5.99,2.01,1.01,5.48,5.99,0.51
New Zealand,2010,6.01,2.01,1.01,5.47,6.01,0.54
New Zealand,2011,6.17,2.22,1.22,5.55,6.17,0.62
New Zealand,2012,6.18,1.97,1.22,5.56,6.18,0.62
New Zealand,2013,6.21,2.07,1.32,5.58,6.21,0.63
New Zealand,2014,6.28,2.07,1.32,5.58,6.28,0.7
New Zealand,2015,6.31,2.07,1.32,5.58,6.31,0.73
New Zealand,2016,6.32,2.07,1.32,5.58,6.32,0.74
New Zealand,2017,6.34,2.07,1.32,5.58,6.34,0.76
New Zealand,2018,6.36,2.07,1.32,5.58,6.36,0.78
New Zealand,2019,6.39,2.07,1.32,5.59,6.39,0.8
New Zealand,2020,6.42,2.17,1.42,5.58,6.42,0.84
New Zealand,2021,6.68,2.17,1.42,5.58,6.68,1.1
New Zealand,2022,6.85,2.17,1.42,5.64,6.85,1.21
New Zealand,2023,7.06,2.17,1.42,5.64,7.06,1.42
New Zealand,2024,7.49,2.17,1.42,5.65,7.49,1.84
New Zealand,2025,7.73,2.17,1.42,5.63,7.73,2.1
Nicaragua,2000,0.14,0.3,0.3,0.14,0.14,0
Nicaragua,2001,0.14,0.3,0.3,0.14,0.14,0
Nicaragua,2002,0.14,0.3,0.3,0.14,0.14,0
Nicaragua,2003,0.17,0.3,0.3,0.17,0.17,0
Nicaragua,2004,0.22,0.3,0.3,0.22,0.22,0
Nicaragua,2005,0.22,0.3,0.3,0.22,0.22,0
Nicaragua,2006,0.22,0.3,0.3,0.22,0.22,0
Nicaragua,2007,0.23,0.3,0.3,0.23,0.23,0
Nicaragua,2008,0.23,0.3,0.3,0.23,0.23,0
Nicaragua,2009,0.27,0.3,0.3,0.23,0.27,0.04
Nicaragua,2010,0.29,0.3,0.3,0.23,0.29,0.06
Nicaragua,2011,0.29,0.3,0.3,0.23,0.29,0.06
Nicaragua,2012,0.39,0.3,0.3,0.24,0.39,0.15
Nicaragua,2013,0.4,0.3,0.3,0.25,0.4,0.15
Nicaragua,2014,0.44,0.3,0.3,0.25,0.44,0.19
Nicaragua,2015,0.46,0.3,0.3,0.27,0.46,0.19
Nicaragua,2016,0.51,0.3,0.3,0.32,0.51,0.19
Nicaragua,2017,0.52,0.45,0.45,0.32,0.52,0.2
Nicaragua,2018,0.52,0.45,0.45,0.32,0.52,0.2
Nicaragua,2019,0.59,0.45,0.45,0.38,0.59,0.21
Nicaragua,2020,0.59,0.45,0.45,0.38,0.59,0.21
Nicaragua,2021,0.59,0.45,0.45,0.38,0.59,0.21
Nicaragua,2022,0.59,0.38,0.38,0.38,0.59,0.21
Nicaragua,2023,0.59,0.38,0.38,0.38,0.59,0.21
Nicaragua,2024,0.61,0.38,0.38,0.38,0.61,0.23
Niger (the),2000,0,0.14,0.14,0,0,0
Niger (the),2001,0,0.14,0.14,0,0,0
Niger (the),2002,0,0.14,0.14,0,0,0
Niger (the),2003,0,0.14,0.14,0,0,0
Niger (the),2004,0,0.14,0.14,0,0,0
Niger (the),2005,0,0.14,0.14,0,0,0
Niger (the),2006,0.01,0.14,0.14,0,0.01,0.01
Niger (the),2007,0.01,0.14,0.14,0,0.01,0.01
Niger (the),2008,0.01,0.14,0.14,0,0.01,0.01
Niger (the),2009,0.01,0.14,0.14,0,0.01,0.01
Niger (the),2010,0.01,0.14,0.14,0,0.01,0.01
Niger (the),2011,0.01,0.19,0.19,0,0.01,0.01
Niger (the),2012,0.01,0.22,0.22,0,0.01,0.01
Niger (the),2013,0.01,0.22,0.22,0,0.01,0.01
Niger (the),2014,0.01,0.22,0.22,0,0.01,0.01
Niger (the),2015,0.01,0.22,0.22,0,0.01,0.01
Niger (the),2016,0.01,0.22,0.22,0,0.01,0.01
Niger (the),2017,0.01,0.3,0.3,0,0.01,0.01
Niger (the),2018,0.01,0.3,0.3,0,0.01,0.01
Niger (the),2019,0.01,0.31,0.31,0,0.01,0.01
Niger (the),2020,0.01,0.31,0.31,0,0.01,0.01
Niger (the),2021,0.01,0.31,0.31,0,0.01,0.01
Niger (the),2022,0.05,0.41,0.41,0,0.05,0.05
Niger (the),2023,0.08,0.44,0.41,0,0.08,0.08
Niger (the),2024,0.08,0.44,0.41,0,0.08,0.08
Nigeria,2000,2.08,4.11,4.11,2.08,2.08,0
Nigeria,2001,2.08,4.11,4.11,2.08,2.08,0
Nigeria,2002,2.08,4.39,4.39,2.08,2.08,0
Nigeria,2003,2.08,4.39,4.39,2.08,2.08,0
Nigeria,2004,2.08,4.39,4.39,2.08,2.08,0
Nigeria,2005,2.08,4.87,4.87,2.08,2.08,0
Nigeria,2006,2.08,4.87,4.87,2.08,2.08,0
Nigeria,2007,2.08,5.3,5.3,2.08,2.08,0
Nigeria,2008,2.08,5.95,5.95,2.08,2.08,0
Nigeria,2009,2.08,6.14,6.14,2.08,2.08,0
Nigeria,2010,2.09,6.14,6.14,2.09,2.09,0
Nigeria,2011,2.12,6.32,6.32,2.12,2.12,0
Nigeria,2012,2.12,7.39,7.28,2.12,2.12,0
Nigeria,2013,2.12,8.35,8.24,2.12,2.12,0
Nigeria,2014,2.12,8.35,8.24,2.12,2.12,0
Nigeria,2015,2.14,10.21,10.06,2.12,2.14,0.02
Nigeria,2016,2.14,10.46,10.18,2.12,2.14,0.02
Nigeria,2017,2.15,10.46,10.18,2.12,2.15,0.03
Nigeria,2018,2.15,11.04,10.76,2.12,2.15,0.03
Nigeria,2019,2.17,11.15,10.87,2.12,2.17,0.05
Nigeria,2020,2.2,11.28,11,2.12,2.2,0.08
Nigeria,2021,2.23,11.57,11.29,2.13,2.23,0.1
Nigeria,2022,2.26,11.63,11.29,2.13,2.26,0.13
Nigeria,2023,3.09,11.68,11.34,2.92,3.09,0.17
Nigeria,2024,3.15,12.25,11.91,2.92,3.15,0.23
Nigeria,2025,3.2,12.25,11.91,2.92,3.2,0.28
North America,2000,270.74,581.37,228.7,159.2,162.26,3.06
North America,2001,272.12,627.71,273.96,158.89,163.35,4.46
North America,2002,276.34,687.09,332.86,162.03,167.07,5.04
North America,2003,279.65,742.99,390.07,162.83,169.83,7
North America,2004,282.73,767.59,414.66,162.65,170.3,7.65
North America,2005,287.24,780.99,430.1,163.65,173.91,10.26
North America,2006,292.62,792.82,441.63,165.09,178.94,13.85
North America,2007,299.82,797.24,447.35,166.42,186.21,19.79
North America,2008,310.41,810.22,459.4,167.7,196.31,28.61
North America,2009,322.24,824.06,471.87,168.85,208.57,39.72
North America,2010,330.29,833.18,479.88,169.79,216.46,46.67
North America,2011,341.41,840.86,487.21,170.32,227.33,57.01
North America,2012,361.01,840.6,493.59,171.21,245.75,74.54
North America,2013,367.85,837.52,498.58,172.74,254.58,81.84
North America,2014,379.54,842.01,507.85,173.79,266.94,93.15
North America,2015,400.32,826.31,514.78,178.25,287.62,109.37
North America,2016,423.26,824.02,527.49,179.42,309.66,130.24
North America,2017,439.1,826.65,538.99,179.98,325.44,145.46
North America,2018,454.88,836.09,565.02,180.58,342.11,161.53
North America,2019,471.71,829.49,574.82,179.71,360.25,180.54
North America,2020,499.46,819.06,576.44,179.58,390.45,210.87
North America,2021,535.28,816.96,586.52,181.28,426.65,245.37
North America,2022,563.46,810.84,595.99,181.81,455.72,273.91
North America,2023,598.74,806.61,602.58,181.44,490.36,308.92
North America,2024,644.17,804.76,608.64,181.21,534.67,353.46
North America,2025,685.35,804.11,611.87,181.68,575.79,394.11
North Macedonia,2000,0.44,1.02,0.2,0.44,0.44,0
North Macedonia,2001,0.44,1.02,0.2,0.44,0.44,0
North Macedonia,2002,0.44,1.02,0.2,0.44,0.44,0
North Macedonia,2003,0.44,1.02,0.2,0.44,0.44,0
North Macedonia,2004,0.54,1.02,0.2,0.54,0.54,0
North Macedonia,2005,0.54,1.02,0.2,0.54,0.54,0
North Macedonia,2006,0.55,1.02,0.2,0.55,0.55,0
North Macedonia,2007,0.55,1.02,0.2,0.55,0.55,0
North Macedonia,2008,0.55,1.02,0.2,0.55,0.55,0
North Macedonia,2009,0.55,1.02,0.2,0.55,0.55,0
North Macedonia,2010,0.56,1.02,0.2,0.56,0.56,0
North Macedonia,2011,0.56,1.02,0.2,0.56,0.56,0
North Macedonia,2012,0.6,1.24,0.42,0.6,0.6,0
North Macedonia,2013,0.63,1.24,0.42,0.62,0.63,0.01
North Macedonia,2014,0.68,1.24,0.42,0.63,0.68,0.05
North Macedonia,2015,0.72,1.24,0.42,0.66,0.72,0.06
North Macedonia,2016,0.72,1.24,0.42,0.66,0.72,0.06
North Macedonia,2017,0.76,1.24,0.42,0.7,0.76,0.06
North Macedonia,2018,0.76,1.24,0.42,0.7,0.76,0.06
North Macedonia,2019,0.77,1.24,0.42,0.71,0.77,0.06
North Macedonia,2020,0.79,1.24,0.42,0.72,0.79,0.07
North Macedonia,2021,0.81,1.24,0.42,0.72,0.81,0.09
North Macedonia,2022,0.92,1.24,0.42,0.74,0.92,0.18
North Macedonia,2023,1.36,1.24,0.42,0.74,1.36,0.62
North Macedonia,2024,1.67,1.24,0.42,0.73,1.67,0.94
North Macedonia,2025,1.89,1.24,0.42,0.73,1.89,1.16
Norway,2000,28.19,0.22,0.22,28.18,28.19,0.01
Norway,2001,27.74,0.22,0.22,27.73,27.74,0.01
Norway,2002,28.12,0.16,0.16,28.02,28.12,0.1
Norway,2003,28.21,0.16,0.16,28.11,28.21,0.1
Norway,2004,28.28,0.18,0.18,28.13,28.28,0.15
Norway,2005,28.9,0.21,0.21,28.64,28.9,0.26
Norway,2006,29.1,0.2,0.2,28.82,29.1,0.28
Norway,2007,29.41,0.59,0.59,29.06,29.41,0.35
Norway,2008,29.93,0.64,0.64,29.52,29.93,0.41
Norway,2009,30.08,1.18,1.18,29.65,30.08,0.43
Norway,2010,30.24,1.44,1.44,29.81,30.24,0.43
Norway,2011,30.63,1.46,1.46,30.11,30.63,0.52
Norway,2012,31.37,1.51,1.51,30.65,31.37,0.72
Norway,2013,32,1.5,1.5,31.17,32,0.83
Norway,2014,32.25,1.46,1.46,31.38,32.25,0.87
Norway,2015,32.39,1.46,1.46,31.51,32.39,0.88
Norway,2016,32.82,1.03,1.03,31.91,32.82,0.91
Norway,2017,33.25,1.03,1.03,32,33.25,1.25
Norway,2018,34.41,1.04,1.04,32.62,34.41,1.79
Norway,2019,35.93,1.03,1.03,32.88,35.93,3.05
Norway,2020,37.98,0.92,0.92,33.81,37.98,4.17
Norway,2021,39.38,0.9,0.9,34.15,39.38,5.23
Norway,2022,39.74,0.74,0.74,34.34,39.74,5.4
Norway,2023,40.06,0.48,0.48,34.37,40.06,5.69
Norway,2024,40.6,0.48,0.48,34.65,40.6,5.95
Norway,2025,40.81,0.48,0.48,34.75,40.81,6.06
Oceania,2000,13.04,38.29,9.54,12.94,13.04,0.1
Oceania,2001,13.3,39.46,9.64,13.15,13.3,0.15
Oceania,2002,13.51,42.15,12.29,13.3,13.51,0.21
Oceania,2003,13.66,43.04,12.29,13.35,13.66,0.31
Oceania,2004,14.12,42.88,12.13,13.5,14.12,0.62
Oceania,2005,15.17,42.41,11.66,14.19,15.17,0.98
Oceania,2006,15.34,43.03,12.28,14.26,15.34,1.08
Oceania,2007,15.98,46.51,14.91,14.29,15.98,1.69
Oceania,2008,16.18,47.02,15.42,14.28,16.18,1.9
Oceania,2009,16.88,50,17.94,14.27,16.88,2.61
Oceania,2010,17.83,52.44,20.87,14.28,17.83,3.55
Oceania,2011,18.59,53.11,21.66,14.35,18.59,4.24
Oceania,2012,20.19,52.26,21.82,14.41,20.19,5.78
Oceania,2013,21.68,53.23,22.79,14.42,21.68,7.26
Oceania,2014,23.17,52.6,23.19,14.43,23.17,8.74
Oceania,2015,24.68,58.23,29.41,14.45,24.68,10.23
Oceania,2016,25.98,57.03,28.97,14.49,25.98,11.49
Oceania,2017,28.12,54.32,28.1,14.5,28.12,13.62
Oceania,2018,33.33,54.99,28.77,14.76,33.33,18.57
Oceania,2019,39.22,54.8,28.58,14.77,39.22,24.45
Oceania,2020,45.93,56.18,29.96,14.78,45.93,31.15
Oceania,2021,51.23,56.64,30.42,14.78,51.23,36.45
Oceania,2022,57.45,56.79,31.27,14.85,57.45,42.6
Oceania,2023,60.47,55.1,31.12,14.91,60.47,45.56
Oceania,2024,68.99,56.28,32.59,15,68.99,53.99
Oceania,2025,75.06,55.12,31.63,14.93,75.06,60.13
OECD,2000,710,1197.37,565.31,388.32,404.95,16.63
OECD,2001,724.86,1248.5,612.01,395.79,418.82,23.03
OECD,2002,741.54,1327.33,686.69,401.07,431,29.93
OECD,2003,751.62,1403.41,761.48,404.39,441.96,37.57
OECD,2004,768.56,1439.71,794.32,408.86,454.78,45.92
OECD,2005,789.03,1464.41,820.77,415.72,472.85,57.13
OECD,2006,806.32,1492.88,848.25,420.56,490.55,69.99
OECD,2007,826.55,1518.91,873.35,424.89,511.7,86.81
OECD,2008,853.27,1549.54,901.6,429.17,539.16,109.99
OECD,2009,891.4,1585.6,931.84,435.62,577.38,141.76
OECD,2010,930.01,1623.67,965.54,442.39,616.21,173.82
OECD,2011,985.44,1643.33,986.1,450.5,670.01,219.51
OECD,2012,1034.87,1647.81,1002.63,456.07,728,271.93
OECD,2013,1074.53,1651.27,1019.05,463.28,771.81,308.53
OECD,2014,1124.65,1666.93,1042.31,470.23,822.02,351.79
OECD,2015,1186.55,1654.46,1051.64,481.25,886.54,405.29
OECD,2016,1250.94,1657.5,1070.62,489.92,949.34,459.42
OECD,2017,1303.5,1663.3,1085.61,495.26,1005.8,510.54
OECD,2018,1361.29,1680.06,1122.74,501.67,1066.58,564.91
OECD,2019,1432.55,1672.22,1136.01,504.67,1143.99,639.32
OECD,2020,1514.58,1657.97,1145.9,509.66,1233.84,724.18
OECD,2021,1614.26,1642.29,1152.67,512.33,1335.11,822.78
OECD,2022,1716.63,1650.73,1176.14,519.61,1443.83,924.22
OECD,2023,1844.6,1643.76,1183.22,521.18,1574.66,1053.48
OECD,2024,1994.58,1637.84,1198.15,523.93,1721.67,1197.74
OECD,2025,2132.2,1637.18,1207.16,527.39,1861.03,1333.64
Oman,2000,0,0.91,0.91,0,0,0
Oman,2001,0,0.91,0.91,0,0,0
Oman,2002,0,0.97,0.97,0,0,0
Oman,2003,0,1.71,1.71,0,0,0
Oman,2004,0,1.98,1.98,0,0,0
Oman,2005,0,2.26,2.26,0,0,0
Oman,2006,0,2.26,2.26,0,0,0
Oman,2007,0,3.11,3.11,0,0,0
Oman,2008,0,4.11,4.11,0,0,0
Oman,2009,0,4.8,4.8,0,0,0
Oman,2010,0,4.8,4.8,0,0,0
Oman,2011,0,4.8,4.8,0,0,0
Oman,2012,0,5.62,5.62,0,0,0
Oman,2013,0,7.15,7.15,0,0,0
Oman,2014,0,9.15,9.15,0,0,0
Oman,2015,0,9.15,9.15,0,0,0
Oman,2016,0,9.15,9.15,0,0,0
Oman,2017,0.01,9.27,9.27,0,0.01,0.01
Oman,2018,0.03,9.8,9.8,0,0.03,0.03
Oman,2019,0.08,13.42,13.42,0,0.08,0.08
Oman,2020,0.18,13.53,13.53,0,0.18,0.18
Oman,2021,0.21,13.49,13.49,0,0.21,0.21
Oman,2022,0.71,13.49,13.49,0,0.71,0.71
Oman,2023,0.72,13.62,13.62,0,0.72,0.72
Oman,2024,0.72,13.62,13.62,0,0.72,0.72
Oman,2025,1.72,13.62,13.62,0,1.72,1.72
Pakistan,2000,5.64,11.3,11.15,5.18,5.18,0
Pakistan,2001,5.78,11.53,11.38,5.32,5.32,0
Pakistan,2002,5.78,11.53,11.38,5.32,5.32,0
Pakistan,2003,6.36,11.53,11.38,5.9,5.9,0
Pakistan,2004,7.24,11.53,11.38,6.78,6.78,0
Pakistan,2005,7.24,11.53,11.38,6.78,6.78,0
Pakistan,2006,7.23,11.53,11.38,6.77,6.77,0
Pakistan,2007,7.25,11.53,11.38,6.79,6.79,0
Pakistan,2008,7.38,11.53,11.38,6.91,6.92,0.01
Pakistan,2009,7.4,12.07,11.92,6.92,6.94,0.02
Pakistan,2010,7.47,13.35,13.2,6.99,7.01,0.02
Pakistan,2011,7.82,13.94,13.79,7,7.03,0.03
Pakistan,2012,7.94,14.72,14.57,7.04,7.15,0.11
Pakistan,2013,8.36,14.72,14.57,7.36,7.57,0.21
Pakistan,2014,8.71,16.44,16.29,7.54,7.92,0.38
Pakistan,2015,8.92,16.68,16.53,7.55,8.13,0.58
Pakistan,2016,9.55,16.75,16.53,7.62,8.8,1.18
Pakistan,2017,10.36,19.11,16.63,7.78,9.22,1.44
Pakistan,2018,13.35,23.5,20.36,10.34,12.21,1.87
Pakistan,2019,13.48,25.48,20.36,10.35,12.34,1.99
Pakistan,2020,13.9,25.35,20.23,10.47,12.76,2.29
Pakistan,2021,15.53,25.38,20.23,10.47,13.24,2.77
Pakistan,2022,18.72,26.53,20.39,11.07,15.1,4.03
Pakistan,2023,19.75,29.45,21.66,11.07,16.13,5.06
Pakistan,2024,21.14,29.45,21.66,11.95,17.52,5.57
Pakistan,2025,21.14,30.14,21.66,11.95,17.52,5.57
"Palestine, State of",2000,0,0,0,0,0,0
"Palestine, State of",2001,0,0,0,0,0,0
"Palestine, State of",2002,0,0,0,0,0,0
"Palestine, State of",2003,0,0,0,0,0,0
"Palestine, State of",2004,0,0,0,0,0,0
"Palestine, State of",2005,0,0,0,0,0,0
"Palestine, State of",2006,0,0,0,0,0,0
"Palestine, State of",2007,0,0,0,0,0,0
"Palestine, State of",2008,0,0,0,0,0,0
"Palestine, State of",2009,0,0,0,0,0,0
"Palestine, State of",2010,0,0,0,0,0,0
"Palestine, State of",2011,0,0,0,0,0,0
"Palestine, State of",2012,0,0,0,0,0,0
"Palestine, State of",2013,0,0,0,0,0,0
"Palestine, State of",2014,0,0,0,0,0,0
"Palestine, State of",2015,0.01,0,0,0,0.01,0.01
"Palestine, State of",2016,0.03,0,0,0,0.03,0.03
"Palestine, State of",2017,0.04,0,0,0,0.04,0.04
"Palestine, State of",2018,0.04,0,0,0,0.04,0.04
"Palestine, State of",2019,0.08,0,0,0,0.08,0.08
"Palestine, State of",2020,0.12,0,0,0,0.12,0.12
"Palestine, State of",2021,0.18,0,0,0,0.18,0.18
"Palestine, State of",2022,0.19,0,0,0,0.19,0.19
"Palestine, State of",2023,0.26,0.14,0.14,0,0.26,0.26
"Palestine, State of",2024,0.3,0.14,0.14,0,0.3,0.3
Panama,2000,0.67,0.67,0.67,0.67,0.67,0
Panama,2001,0.68,0.69,0.69,0.68,0.68,0
Panama,2002,0.76,0.77,0.77,0.76,0.76,0
Panama,2003,0.89,0.74,0.74,0.89,0.89,0
Panama,2004,0.89,0.77,0.77,0.89,0.89,0
Panama,2005,0.89,0.7,0.7,0.89,0.89,0
Panama,2006,0.91,0.69,0.69,0.91,0.91,0
Panama,2007,0.92,0.67,0.67,0.92,0.92,0
Panama,2008,0.93,0.77,0.77,0.93,0.93,0
Panama,2009,0.94,0.91,0.91,0.94,0.94,0
Panama,2010,0.99,1.05,1.05,0.99,0.99,0
Panama,2011,1.29,1.01,0.89,1.29,1.29,0
Panama,2012,1.53,0.95,0.83,1.53,1.53,0
Panama,2013,1.55,0.95,0.83,1.55,1.55,0
Panama,2014,1.68,1.15,1.03,1.63,1.68,0.05
Panama,2015,2.02,1.04,0.92,1.78,2.02,0.24
Panama,2016,2.05,1.39,1.27,1.69,2.05,0.36
Panama,2017,2.12,1.43,1.31,1.72,2.12,0.4
Panama,2018,2.31,2.08,1.65,1.84,2.31,0.47
Panama,2019,2.35,2.05,1.62,1.86,2.35,0.49
Panama,2020,2.39,2,1.57,1.88,2.39,0.51
Panama,2021,2.65,1.46,1.15,1.88,2.65,0.77
Panama,2022,2.78,1.49,1.18,1.91,2.78,0.87
Panama,2023,2.94,1.62,1.31,1.95,2.94,0.99
Panama,2024,3.03,2.29,1.98,1.95,3.03,1.08
Papua New Guinea,2000,0.2,0.31,0.31,0.2,0.2,0
Papua New Guinea,2001,0.2,0.31,0.31,0.2,0.2,0
Papua New Guinea,2002,0.2,0.31,0.31,0.2,0.2,0
Papua New Guinea,2003,0.2,0.31,0.31,0.2,0.2,0
Papua New Guinea,2004,0.2,0.31,0.31,0.2,0.2,0
Papua New Guinea,2005,0.2,0.31,0.31,0.2,0.2,0
Papua New Guinea,2006,0.2,0.31,0.31,0.2,0.2,0
Papua New Guinea,2007,0.21,0.33,0.33,0.21,0.21,0
Papua New Guinea,2008,0.22,0.33,0.33,0.22,0.22,0
Papua New Guinea,2009,0.23,0.44,0.44,0.23,0.23,0
Papua New Guinea,2010,0.23,0.44,0.44,0.23,0.23,0
Papua New Guinea,2011,0.23,0.55,0.55,0.23,0.23,0
Papua New Guinea,2012,0.24,0.55,0.55,0.24,0.24,0
Papua New Guinea,2013,0.24,0.56,0.56,0.24,0.24,0
Papua New Guinea,2014,0.24,0.59,0.59,0.24,0.24,0
Papua New Guinea,2015,0.26,0.61,0.61,0.26,0.26,0
Papua New Guinea,2016,0.26,0.61,0.61,0.26,0.26,0
Papua New Guinea,2017,0.26,0.64,0.64,0.26,0.26,0
Papua New Guinea,2018,0.26,0.64,0.64,0.26,0.26,0
Papua New Guinea,2019,0.26,0.65,0.65,0.26,0.26,0
Papua New Guinea,2020,0.26,0.7,0.7,0.26,0.26,0
Papua New Guinea,2021,0.26,0.74,0.74,0.26,0.26,0
Papua New Guinea,2022,0.26,0.74,0.74,0.26,0.26,0
Papua New Guinea,2023,0.33,0.75,0.75,0.33,0.33,0
Papua New Guinea,2024,0.33,0.75,0.75,0.33,0.33,0
Paraguay,2000,8.1,0,0,8.1,8.1,0
Paraguay,2001,8.1,0,0,8.1,8.1,0
Paraguay,2002,8.1,0,0,8.1,8.1,0
Paraguay,2003,8.1,0,0,8.1,8.1,0
Paraguay,2004,8.1,0,0,8.1,8.1,0
Paraguay,2005,8.1,0.01,0.01,8.1,8.1,0
Paraguay,2006,8.45,0.01,0.01,8.45,8.45,0
Paraguay,2007,8.8,0.01,0.01,8.8,8.8,0
Paraguay,2008,8.8,0.01,0.01,8.8,8.8,0
Paraguay,2009,8.8,0.01,0.01,8.8,8.8,0
Paraguay,2010,8.8,0.01,0.01,8.8,8.8,0
Paraguay,2011,8.8,0.01,0.01,8.8,8.8,0
Paraguay,2012,8.8,0.01,0.01,8.8,8.8,0
Paraguay,2013,8.82,0.01,0.01,8.82,8.82,0
Paraguay,2014,8.82,0.01,0.01,8.82,8.82,0
Paraguay,2015,8.82,0.01,0.01,8.82,8.82,0
Paraguay,2016,8.82,0,0,8.82,8.82,0
Paraguay,2017,8.82,0,0,8.82,8.82,0
Paraguay,2018,8.82,0,0,8.82,8.82,0
Paraguay,2019,8.84,0.03,0.03,8.84,8.84,0
Paraguay,2020,8.84,0.03,0.03,8.84,8.84,0
Paraguay,2021,8.84,0.03,0.03,8.84,8.84,0
Paraguay,2022,8.84,0.03,0.03,8.84,8.84,0
Paraguay,2023,8.84,0.03,0.03,8.84,8.84,0
Paraguay,2024,8.84,0.03,0.03,8.84,8.84,0
Paraguay,2025,8.84,0.03,0.03,8.84,8.84,0
Peru,2000,2.9,3.22,3.08,2.9,2.9,0
Peru,2001,3.01,3.18,3.04,3.01,3.01,0
Peru,2002,3.04,3.12,2.98,3.04,3.04,0
Peru,2003,3.07,3.11,2.97,3.07,3.07,0
Peru,2004,3.1,3.1,2.96,3.1,3.1,0
Peru,2005,3.25,3.15,3.01,3.25,3.25,0
Peru,2006,3.27,3.58,3.44,3.26,3.27,0.01
Peru,2007,3.27,3.96,3.82,3.26,3.27,0.01
Peru,2008,3.29,4.11,3.97,3.28,3.29,0.01
Peru,2009,3.37,4.64,4.5,3.36,3.37,0.01
Peru,2010,3.5,4.73,4.59,3.49,3.5,0.01
Peru,2011,3.57,4.76,4.62,3.55,3.57,0.02
Peru,2012,3.71,5.64,5.5,3.61,3.71,0.1
Peru,2013,3.8,6.86,6.72,3.69,3.8,0.11
Peru,2014,4.07,6.78,6.64,3.8,4.07,0.27
Peru,2015,4.71,7.15,7.01,4.34,4.71,0.37
Peru,2016,5.76,8.44,8.3,5.37,5.76,0.39
Peru,2017,5.85,8.45,8.31,5.31,5.85,0.54
Peru,2018,6.12,8.58,8.44,5.43,6.12,0.69
Peru,2019,6.31,8.49,8.35,5.61,6.31,0.7
Peru,2020,6.37,8.5,8.36,5.63,6.37,0.74
Peru,2021,6.43,8.53,8.39,5.69,6.43,0.74
Peru,2022,6.57,8.75,8.75,5.7,6.57,0.87
Peru,2023,7.19,7.86,7.86,5.72,7.19,1.47
Peru,2024,7.3,7.89,7.89,5.74,7.3,1.56
Peru,2025,8.37,7.89,7.89,6.01,8.37,2.36
Philippines (the),2000,1.64,7.6,3.53,1.64,1.64,0
Philippines (the),2001,1.72,8.14,4.07,1.72,1.72,0
Philippines (the),2002,1.93,9.96,5.89,1.93,1.93,0
Philippines (the),2003,2.37,9.97,5.9,2.37,2.37,0
Philippines (the),2004,2.67,9.98,5.91,2.67,2.67,0
Philippines (the),2005,2.7,10.12,6.05,2.67,2.7,0.03
Philippines (the),2006,2.7,10.42,6.07,2.67,2.7,0.03
Philippines (the),2007,2.7,10.43,6.08,2.67,2.7,0.03
Philippines (the),2008,2.7,10.48,6.13,2.67,2.7,0.03
Philippines (the),2009,2.74,10.53,6.18,2.71,2.74,0.03
Philippines (the),2010,3.02,10.94,6.23,2.99,3.02,0.03
Philippines (the),2011,3.02,11.22,6.24,2.99,3.02,0.03
Philippines (the),2012,3.05,11.26,6.28,3.02,3.05,0.03
Philippines (the),2013,3.06,12.5,6.73,3.03,3.06,0.03
Philippines (the),2014,3.43,12.67,6.81,3.06,3.43,0.37
Philippines (the),2015,3.78,13.25,6.91,3.18,3.78,0.6
Philippines (the),2016,4.42,14.86,7.41,3.2,4.42,1.22
Philippines (the),2017,4.59,15.5,7.47,3.24,4.59,1.35
Philippines (the),2018,4.74,16.33,7.59,3.38,4.74,1.36
Philippines (the),2019,4.93,17.88,7.62,3.49,4.93,1.44
Philippines (the),2020,5.15,18.31,7.56,3.63,5.15,1.52
Philippines (the),2021,5.48,18.49,7.74,3.63,5.48,1.85
Philippines (the),2022,5.84,19.87,7.79,3.74,5.84,2.1
Philippines (the),2023,6.02,19.67,7.63,3.78,6.02,2.24
Philippines (the),2024,7.36,20,7.51,3.93,7.36,3.43
Philippines (the),2025,8.37,21.02,8.38,3.96,8.37,4.41
Poland,2000,0.83,29.55,0.39,0.83,0.83,0
Poland,2001,0.91,29.55,0.39,0.89,0.91,0.02
Poland,2002,0.9,30.17,0.66,0.87,0.9,0.03
Poland,2003,0.96,30.32,0.76,0.92,0.96,0.04
Poland,2004,0.97,30.52,0.96,0.93,0.97,0.04
Poland,2005,1.1,30.52,0.96,0.98,1.1,0.12
Poland,2006,1.16,30.52,0.96,0.99,1.16,0.17
Poland,2007,1.3,30.5,1,0.99,1.3,0.31
Poland,2008,1.55,30.92,1.02,1.02,1.55,0.53
Poland,2009,1.75,31.14,1.02,1.04,1.75,0.71
Poland,2010,2.18,31,1.02,1.07,2.18,1.11
Poland,2011,3.01,31.64,1.02,1.21,3.01,1.8
Poland,2012,4.08,30.89,1.06,1.52,4.08,2.56
Poland,2013,5.12,30.44,1.06,1.69,5.12,3.43
Poland,2014,5.64,30.11,1.11,1.77,5.64,3.87
Poland,2015,6.91,29.94,1.18,1.92,6.91,4.99
Poland,2016,7.88,29.76,1.18,1.95,7.88,5.93
Poland,2017,7.97,30.95,1.89,1.94,7.97,6.03
Poland,2018,8.27,31.73,2.52,1.97,8.27,6.3
Poland,2019,9.26,32.82,2.52,1.99,9.26,7.27
Poland,2020,11.99,32.38,2.97,2.03,11.99,9.96
Poland,2021,16.13,32.6,3.46,2.07,16.13,14.06
Poland,2022,21.41,32.53,3.46,2.2,21.41,19.21
Poland,2023,27.42,32.08,3.46,2.16,27.42,25.26
Poland,2024,34.01,32.88,4.95,2.14,34.01,31.87
Poland,2025,38.22,32.46,5.2,2.2,38.22,36.02
Portugal,2000,4.86,3.3,1.32,4.78,4.86,0.08
Portugal,2001,4.94,3.3,1.32,4.81,4.94,0.13
Portugal,2002,5.04,3.3,1.32,4.85,5.04,0.19
Portugal,2003,5.12,3.69,1.71,4.85,5.12,0.27
Portugal,2004,5.65,4.15,2.17,5.1,5.65,0.55
Portugal,2005,6.4,4.22,2.24,5.34,6.4,1.06
Portugal,2006,7.06,4.62,2.64,5.38,7.06,1.68
Portugal,2007,7.62,4.62,2.64,5.4,7.62,2.22
Portugal,2008,8.33,4.65,2.67,5.41,8.33,2.92
Portugal,2009,8.94,5.68,3.7,5.49,8.94,3.45
Portugal,2010,9.59,5.82,3.84,5.66,9.59,3.93
Portugal,2011,10.52,6.66,4.68,6.09,10.52,4.43
Portugal,2012,10.93,6.66,4.68,6.28,10.93,4.65
Portugal,2013,11.12,6.66,4.68,6.21,11.12,4.91
Portugal,2014,11.56,6.66,4.68,6.28,11.56,5.28
Portugal,2015,12.14,6.72,4.74,6.75,12.14,5.39
Portugal,2016,13.2,6.72,4.74,7.55,13.2,5.65
Portugal,2017,13.55,6.72,4.74,7.81,13.55,5.74
Portugal,2018,13.78,6.72,4.74,7.89,13.78,5.89
Portugal,2019,14.15,6.72,4.74,7.96,14.15,6.19
Portugal,2020,14.26,6.64,4.66,7.95,14.26,6.31
Portugal,2021,15.22,4.66,4.66,7.97,15.22,7.25
Portugal,2022,17.26,4.66,4.66,8.9,17.26,8.36
Portugal,2023,18.48,4.66,4.66,8.9,18.48,9.58
Portugal,2024,20.48,4.66,4.66,9.07,20.48,11.41
Portugal,2025,21.63,4.66,4.66,9.07,21.63,12.56
Puerto Rico,2000,0.1,4.28,4.28,0.1,0.1,0
Puerto Rico,2001,0.1,4.28,4.28,0.1,0.1,0
Puerto Rico,2002,0.1,4.28,4.28,0.1,0.1,0
Puerto Rico,2003,0.1,4.28,4.28,0.1,0.1,0
Puerto Rico,2004,0.1,4.29,4.29,0.1,0.1,0
Puerto Rico,2005,0.1,4.29,4.29,0.1,0.1,0
Puerto Rico,2006,0.1,4.29,4.29,0.1,0.1,0
Puerto Rico,2007,0.1,4.29,4.29,0.1,0.1,0
Puerto Rico,2008,0.1,4.31,4.31,0.1,0.1,0
Puerto Rico,2009,0.1,4.64,4.64,0.1,0.1,0
Puerto Rico,2010,0.1,4.8,4.8,0.1,0.1,0
Puerto Rico,2011,0.12,4.8,4.8,0.1,0.12,0.02
Puerto Rico,2012,0.24,4.8,4.8,0.1,0.24,0.14
Puerto Rico,2013,0.27,4.8,4.8,0.1,0.27,0.17
Puerto Rico,2014,0.28,4.8,4.8,0.1,0.28,0.18
Puerto Rico,2015,0.41,4.8,4.8,0.1,0.41,0.31
Puerto Rico,2016,0.44,4.8,4.8,0.1,0.44,0.34
Puerto Rico,2017,0.5,4.8,4.8,0.1,0.5,0.4
Puerto Rico,2018,0.51,4.8,4.8,0.1,0.51,0.41
Puerto Rico,2019,0.54,4.96,4.96,0.1,0.54,0.44
Puerto Rico,2020,0.58,4.96,4.96,0.1,0.58,0.48
Puerto Rico,2021,0.69,4.97,4.97,0.1,0.69,0.59
Puerto Rico,2022,0.84,5.03,5.03,0.1,0.84,0.74
Puerto Rico,2023,1.16,5.14,5.14,0.1,1.16,1.06
Puerto Rico,2024,1.19,5.51,5.51,0.1,1.19,1.09
Puerto Rico,2025,1.59,5.42,5.42,0.1,1.59,1.49
Qatar,2000,0,1.04,1.04,0,0,0
Qatar,2001,0,1.04,1.04,0,0,0
Qatar,2002,0,1.42,1.42,0,0,0
Qatar,2003,0,1.42,1.42,0,0,0
Qatar,2004,0,2.18,2.18,0,0,0
Qatar,2005,0,2.18,2.18,0,0,0
Qatar,2006,0,2.18,2.18,0,0,0
Qatar,2007,0,2.74,2.74,0,0,0
Qatar,2008,0,3.77,3.77,0,0,0
Qatar,2009,0,3.77,3.77,0,0,0
Qatar,2010,0,5.78,5.78,0,0,0
Qatar,2011,0.01,10.06,10.06,0.01,0.01,0
Qatar,2012,0.01,10.06,10.06,0.01,0.01,0
Qatar,2013,0.01,10.06,10.06,0.01,0.01,0
Qatar,2014,0.01,10.06,10.06,0.01,0.01,0
Qatar,2015,0.01,10.06,10.06,0.01,0.01,0
Qatar,2016,0.02,10.06,10.06,0.01,0.02,0.01
Qatar,2017,0.02,11.32,11.32,0.01,0.02,0.01
Qatar,2018,0.02,12.58,12.58,0.01,0.02,0.01
Qatar,2019,0.02,12.58,12.58,0.01,0.02,0.01
Qatar,2020,0.02,12.58,12.58,0.01,0.02,0.01
Qatar,2021,0.02,12.58,12.58,0.01,0.02,0.01
Qatar,2022,0.82,12.58,12.58,0.01,0.82,0.81
Qatar,2023,0.82,12.58,12.58,0.01,0.82,0.81
Qatar,2024,0.82,12.58,12.58,0.01,0.82,0.81
Qatar,2025,1.69,12.58,12.58,0.01,1.69,1.68
Reunion,2000,0.14,0.27,0.18,0.14,0.14,NA
Reunion,2001,0.14,0.27,0.18,0.14,0.14,NA
Reunion,2002,0.14,0.32,0.23,0.14,0.14,NA
Reunion,2003,0.14,0.32,0.23,0.14,0.14,NA
Reunion,2004,0.16,0.36,0.23,0.15,0.16,0.01
Reunion,2005,0.16,0.36,0.23,0.15,0.16,0.01
Reunion,2006,0.17,0.4,0.23,0.16,0.17,0.01
Reunion,2007,0.18,0.4,0.23,0.16,0.18,0.02
Reunion,2008,0.18,0.4,0.23,0.16,0.18,0.02
Reunion,2009,0.21,0.43,0.26,0.16,0.21,0.05
Reunion,2010,0.27,0.43,0.26,0.17,0.27,0.1
Reunion,2011,0.31,0.43,0.26,0.17,0.31,0.14
Reunion,2012,0.33,0.47,0.3,0.17,0.33,0.16
Reunion,2013,0.34,0.52,0.35,0.17,0.34,0.17
Reunion,2014,0.35,0.46,0.29,0.17,0.35,0.18
Reunion,2015,0.38,0.46,0.29,0.18,0.38,0.2
Reunion,2016,0.39,0.46,0.29,0.18,0.39,0.21
Reunion,2017,0.39,0.46,0.29,0.18,0.39,0.21
Reunion,2018,0.43,0.46,0.29,0.22,0.43,0.21
Reunion,2019,0.44,0.46,0.29,0.22,0.44,0.22
Reunion,2020,0.45,0.46,0.29,0.22,0.45,0.23
Reunion,2021,0.46,0.46,0.29,0.22,0.46,0.24
Reunion,2022,0.47,0.45,0.29,0.22,0.47,0.25
Reunion,2023,0.71,0.26,0.1,0.43,0.71,0.28
Romania,2000,7.07,10.94,3.25,6.37,6.37,0
Romania,2001,6.97,11,3.31,6.27,6.27,0
Romania,2002,6.94,11,3.31,6.24,6.24,0
Romania,2003,6.95,11,3.31,6.25,6.25,0
Romania,2004,6.98,11,3.31,6.28,6.28,0
Romania,2005,7,11,3.31,6.29,6.29,0
Romania,2006,6.99,10.67,3.31,6.28,6.28,0
Romania,2007,7.64,10.73,3.37,6.34,6.34,0
Romania,2008,7.67,10.52,3.37,6.37,6.37,0
Romania,2009,7.67,10.7,3.55,6.36,6.37,0.01
Romania,2010,8.09,10.68,3.58,6.4,6.79,0.39
Romania,2011,8.71,10.68,3.58,6.42,7.41,0.99
Romania,2012,9.65,11.33,4.44,6.49,8.35,1.86
Romania,2013,11.4,11.19,4.44,6.57,10.1,3.53
Romania,2014,12.44,11.19,4.44,6.61,11.14,4.53
Romania,2015,12.52,10.46,4.44,6.76,11.22,4.46
Romania,2016,12.46,10.4,4.48,6.76,11.16,4.4
Romania,2017,12.44,10.4,4.48,6.74,11.14,4.4
Romania,2018,12.47,10.4,4.48,6.75,11.17,4.42
Romania,2019,12.47,9.44,4.48,6.73,11.17,4.44
Romania,2020,12.42,9.44,4.48,6.73,11.12,4.39
Romania,2021,12.41,7.74,4.5,6.71,11.11,4.4
Romania,2022,12.88,7.74,4.5,6.75,11.58,4.83
Romania,2023,14.08,7.4,4.5,6.76,12.78,6.02
Romania,2024,15.39,7.4,4.5,6.73,14.09,7.36
Romania,2025,17.6,7.3,4.78,6.78,16.3,9.52
Russian Federation (the),2000,66.12,117.18,76.23,44.39,44.39,0
Russian Federation (the),2001,67.5,117.7,76.54,44.76,44.76,0
Russian Federation (the),2002,67.61,117.87,76.76,44.86,44.87,0.01
Russian Federation (the),2003,68.02,119.02,77.67,45.27,45.28,0.01
Russian Federation (the),2004,68.42,119.23,77.67,45.67,45.68,0.01
Russian Federation (the),2005,69.14,120.59,78.63,45.89,45.9,0.01
Russian Federation (the),2006,69.87,121.75,79.61,46.12,46.13,0.01
Russian Federation (the),2007,70.6,122.04,79.9,46.85,46.86,0.01
Russian Federation (the),2008,70.41,124.38,82.19,47.1,47.11,0.01
Russian Federation (the),2009,71.63,125.35,82.89,47.32,47.33,0.01
Russian Federation (the),2010,71.72,126.51,84.05,47.41,47.42,0.01
Russian Federation (the),2011,71.77,131.56,89.1,47.46,47.47,0.01
Russian Federation (the),2012,74.74,135.96,93.42,49.43,49.44,0.01
Russian Federation (the),2013,75.4,137.46,96.17,50.09,50.1,0.01
Russian Federation (the),2014,76.11,144.22,101.54,49.32,49.73,0.41
Russian Federation (the),2015,77.12,146.78,103.66,49.47,49.93,0.46
Russian Federation (the),2016,78.22,148.69,105.63,49.7,50.24,0.54
Russian Federation (the),2017,78.7,149.89,108.26,50.06,50.74,0.68
Russian Federation (the),2018,80.37,150.74,109.51,50.16,51.19,1.03
Russian Federation (the),2019,82.98,151.01,110.34,51,52.63,1.63
Russian Federation (the),2020,83.37,149.95,109.82,51.1,53.91,2.81
Russian Federation (the),2021,85.04,148.16,109.32,51.35,55.39,4.04
Russian Federation (the),2022,85.71,148.35,109.99,51.63,56.06,4.43
Russian Federation (the),2023,88.45,148.35,110.87,54.37,58.8,4.43
Russian Federation (the),2024,85.34,148.97,111.78,51.86,56.69,4.83
Russian Federation (the),2025,85.95,151.52,114.33,51.99,57.3,5.31
Rwanda,2000,0.04,0,0,0.04,0.04,0
Rwanda,2001,0.04,0,0,0.04,0.04,0
Rwanda,2002,0.04,0,0,0.04,0.04,0
Rwanda,2003,0.04,0,0,0.04,0.04,0
Rwanda,2004,0.04,0,0,0.04,0.04,0
Rwanda,2005,0.04,0.02,0.02,0.04,0.04,0
Rwanda,2006,0.04,0.03,0.03,0.04,0.04,0
Rwanda,2007,0.04,0.03,0.03,0.04,0.04,0
Rwanda,2008,0.04,0.03,0.03,0.04,0.04,0
Rwanda,2009,0.04,0.05,0.05,0.04,0.04,0
Rwanda,2010,0.05,0.05,0.05,0.05,0.05,0
Rwanda,2011,0.05,0.05,0.05,0.05,0.05,0
Rwanda,2012,0.06,0.05,0.05,0.06,0.06,0
Rwanda,2013,0.06,0.05,0.05,0.06,0.06,0
Rwanda,2014,0.08,0.05,0.05,0.07,0.08,0.01
Rwanda,2015,0.1,0.1,0.1,0.09,0.1,0.01
Rwanda,2016,0.11,0.11,0.1,0.1,0.11,0.01
Rwanda,2017,0.11,0.11,0.1,0.1,0.11,0.01
Rwanda,2018,0.11,0.11,0.1,0.1,0.11,0.01
Rwanda,2019,0.12,0.11,0.1,0.11,0.12,0.01
Rwanda,2020,0.13,0.11,0.1,0.12,0.13,0.01
Rwanda,2021,0.13,0.11,0.1,0.12,0.13,0.01
Rwanda,2022,0.14,0.15,0.1,0.12,0.14,0.02
Rwanda,2023,0.14,0.15,0.1,0.12,0.14,0.02
Rwanda,2024,0.17,0.22,0.13,0.15,0.17,0.02
"Saint Helena, Ascension and Tristan da Cunha",2000,NA,NA,NA,NA,NA,NA
"Saint Helena, Ascension and Tristan da Cunha",2001,NA,NA,NA,NA,NA,NA
"Saint Helena, Ascension and Tristan da Cunha",2002,NA,NA,NA,NA,NA,NA
"Saint Helena, Ascension and Tristan da Cunha",2003,NA,NA,NA,NA,NA,NA
"Saint Helena, Ascension and Tristan da Cunha",2004,NA,NA,NA,NA,NA,NA
"Saint Helena, Ascension and Tristan da Cunha",2005,NA,NA,NA,NA,NA,NA
"Saint Helena, Ascension and Tristan da Cunha",2006,NA,NA,NA,NA,NA,NA
"Saint Helena, Ascension and Tristan da Cunha",2007,NA,NA,NA,NA,NA,NA
"Saint Helena, Ascension and Tristan da Cunha",2008,NA,NA,NA,NA,NA,NA
"Saint Helena, Ascension and Tristan da Cunha",2009,NA,NA,NA,NA,NA,NA
"Saint Helena, Ascension and Tristan da Cunha",2010,NA,NA,NA,NA,NA,NA
"Saint Helena, Ascension and Tristan da Cunha",2011,NA,NA,NA,NA,NA,NA
"Saint Helena, Ascension and Tristan da Cunha",2012,NA,NA,NA,NA,NA,NA
"Saint Helena, Ascension and Tristan da Cunha",2013,NA,NA,NA,NA,NA,NA
"Saint Helena, Ascension and Tristan da Cunha",2014,NA,NA,NA,NA,NA,NA
"Saint Helena, Ascension and Tristan da Cunha",2015,NA,NA,NA,NA,NA,NA
"Saint Helena, Ascension and Tristan da Cunha",2016,NA,NA,NA,NA,NA,NA
"Saint Helena, Ascension and Tristan da Cunha",2017,NA,NA,NA,NA,NA,NA
"Saint Helena, Ascension and Tristan da Cunha",2018,NA,NA,NA,NA,NA,NA
"Saint Helena, Ascension and Tristan da Cunha",2019,NA,NA,NA,NA,NA,NA
"Saint Helena, Ascension and Tristan da Cunha",2020,NA,NA,NA,NA,NA,NA
"Saint Helena, Ascension and Tristan da Cunha",2021,NA,NA,NA,NA,NA,NA
"Saint Helena, Ascension and Tristan da Cunha",2022,NA,NA,NA,NA,NA,NA
"Saint Helena, Ascension and Tristan da Cunha",2023,NA,NA,NA,NA,NA,NA
Saint Kitts and Nevis,2000,0,0.05,0.05,0,0,0
Saint Kitts and Nevis,2001,0,0.05,0.05,0,0,0
Saint Kitts and Nevis,2002,0,0.05,0.05,0,0,0
Saint Kitts and Nevis,2003,0,0.05,0.05,0,0,0
Saint Kitts and Nevis,2004,0,0.05,0.05,0,0,0
Saint Kitts and Nevis,2005,0,0.05,0.05,0,0,0
Saint Kitts and Nevis,2006,0,0.05,0.05,0,0,0
Saint Kitts and Nevis,2007,0,0.05,0.05,0,0,0
Saint Kitts and Nevis,2008,0,0.05,0.05,0,0,0
Saint Kitts and Nevis,2009,0,0.06,0.06,0,0,0
Saint Kitts and Nevis,2010,0,0.06,0.06,0,0,0
Saint Kitts and Nevis,2011,0,0.07,0.07,0,0,0
Saint Kitts and Nevis,2012,0,0.07,0.07,0,0,0
Saint Kitts and Nevis,2013,0,0.07,0.07,0,0,0
Saint Kitts and Nevis,2014,0,0.07,0.07,0,0,0
Saint Kitts and Nevis,2015,0,0.07,0.07,0,0,0
Saint Kitts and Nevis,2016,0,0.07,0.07,0,0,0
Saint Kitts and Nevis,2017,0,0.07,0.07,0,0,0
Saint Kitts and Nevis,2018,0,0.07,0.07,0,0,0
Saint Kitts and Nevis,2019,0,0.07,0.07,0,0,0
Saint Kitts and Nevis,2020,0,0.07,0.07,0,0,0
Saint Kitts and Nevis,2021,0,0.07,0.07,0,0,0
Saint Kitts and Nevis,2022,0,0.07,0.07,0,0,0
Saint Kitts and Nevis,2023,0,0.07,0.07,0,0,0
Saint Kitts and Nevis,2024,0,0.08,0.08,0,0,0
Saint Lucia,2000,0,0.07,0.07,0,0,0
Saint Lucia,2001,0,0.07,0.07,0,0,0
Saint Lucia,2002,0,0.07,0.07,0,0,0
Saint Lucia,2003,0,0.06,0.06,0,0,0
Saint Lucia,2004,0,0.06,0.06,0,0,0
Saint Lucia,2005,0,0.07,0.07,0,0,0
Saint Lucia,2006,0,0.07,0.07,0,0,0
Saint Lucia,2007,0,0.08,0.08,0,0,0
Saint Lucia,2008,0,0.08,0.08,0,0,0
Saint Lucia,2009,0,0.08,0.08,0,0,0
Saint Lucia,2010,0,0.08,0.08,0,0,0
Saint Lucia,2011,0,0.08,0.08,0,0,0
Saint Lucia,2012,0,0.09,0.09,0,0,0
Saint Lucia,2013,0,0.09,0.09,0,0,0
Saint Lucia,2014,0,0.09,0.09,0,0,0
Saint Lucia,2015,0,0.09,0.09,0,0,0
Saint Lucia,2016,0,0.09,0.09,0,0,0
Saint Lucia,2017,0,0.09,0.09,0,0,0
Saint Lucia,2018,0,0.09,0.09,0,0,0
Saint Lucia,2019,0,0.09,0.09,0,0,0
Saint Lucia,2020,0,0.09,0.09,0,0,0
Saint Lucia,2021,0,0.09,0.09,0,0,0
Saint Lucia,2022,0,0.09,0.09,0,0,0
Saint Lucia,2023,0,0.09,0.09,0,0,0
Saint Lucia,2024,0,0.09,0.09,0,0,0
Saint Pierre and Miquelon,2000,0,0.03,0.03,0,0,0
Saint Pierre and Miquelon,2001,0,0.03,0.03,0,0,0
Saint Pierre and Miquelon,2002,0,0.03,0.03,0,0,0
Saint Pierre and Miquelon,2003,0,0.03,0.03,0,0,0
Saint Pierre and Miquelon,2004,0,0.03,0.03,0,0,0
Saint Pierre and Miquelon,2005,0,0.03,0.03,0,0,0
Saint Pierre and Miquelon,2006,0,0.03,0.03,0,0,0
Saint Pierre and Miquelon,2007,0,0.03,0.03,0,0,0
Saint Pierre and Miquelon,2008,0,0.03,0.03,0,0,0
Saint Pierre and Miquelon,2009,0,0.03,0.03,0,0,0
Saint Pierre and Miquelon,2010,0,0.03,0.03,0,0,0
Saint Pierre and Miquelon,2011,0,0.03,0.03,0,0,0
Saint Pierre and Miquelon,2012,0,0.03,0.03,0,0,0
Saint Pierre and Miquelon,2013,0,0.03,0.03,0,0,0
Saint Pierre and Miquelon,2014,0,0.03,0.03,0,0,0
Saint Pierre and Miquelon,2015,0,0.03,0.03,0,0,0
Saint Pierre and Miquelon,2016,0,0.03,0.03,0,0,0
Saint Pierre and Miquelon,2017,0,0.03,0.03,0,0,0
Saint Pierre and Miquelon,2018,0,0.03,0.03,0,0,0
Saint Pierre and Miquelon,2019,0,0.03,0.03,0,0,0
Saint Pierre and Miquelon,2020,0,0.03,0.03,0,0,0
Saint Pierre and Miquelon,2021,0,0.03,0.03,0,0,0
Saint Pierre and Miquelon,2022,0,0.03,0.03,0,0,0
Saint Pierre and Miquelon,2023,0,0.03,0.03,0,0,0
Saint Vincent and the Grenadines,2000,0.01,0.03,0.03,0.01,0.01,0
Saint Vincent and the Grenadines,2001,0.01,0.03,0.03,0.01,0.01,0
Saint Vincent and the Grenadines,2002,0.01,0.03,0.03,0.01,0.01,0
Saint Vincent and the Grenadines,2003,0.01,0.03,0.03,0.01,0.01,0
Saint Vincent and the Grenadines,2004,0.01,0.03,0.03,0.01,0.01,0
Saint Vincent and the Grenadines,2005,0.01,0.03,0.03,0.01,0.01,0
Saint Vincent and the Grenadines,2006,0.01,0.03,0.03,0.01,0.01,0
Saint Vincent and the Grenadines,2007,0.01,0.03,0.03,0.01,0.01,0
Saint Vincent and the Grenadines,2008,0.01,0.03,0.03,0.01,0.01,0
Saint Vincent and the Grenadines,2009,0.01,0.03,0.03,0.01,0.01,0
Saint Vincent and the Grenadines,2010,0.01,0.03,0.03,0.01,0.01,0
Saint Vincent and the Grenadines,2011,0.01,0.05,0.05,0.01,0.01,0
Saint Vincent and the Grenadines,2012,0.01,0.05,0.05,0.01,0.01,0
Saint Vincent and the Grenadines,2013,0.01,0.05,0.05,0.01,0.01,0
Saint Vincent and the Grenadines,2014,0.01,0.05,0.05,0.01,0.01,0
Saint Vincent and the Grenadines,2015,0.01,0.05,0.05,0.01,0.01,0
Saint Vincent and the Grenadines,2016,0.01,0.05,0.05,0.01,0.01,0
Saint Vincent and the Grenadines,2017,0.01,0.04,0.04,0.01,0.01,0
Saint Vincent and the Grenadines,2018,0.01,0.04,0.04,0.01,0.01,0
Saint Vincent and the Grenadines,2019,0.01,0.03,0.03,0.01,0.01,0
Saint Vincent and the Grenadines,2020,0.01,0.04,0.04,0.01,0.01,0
Saint Vincent and the Grenadines,2021,0.01,0.04,0.04,0.01,0.01,0
Saint Vincent and the Grenadines,2022,0.01,0.05,0.05,0.01,0.01,0
Saint Vincent and the Grenadines,2023,0.02,0.05,0.05,0.01,0.02,0.01
Saint Vincent and the Grenadines,2024,0.02,0.05,0.05,0.01,0.02,0.01
Samoa,2000,0.01,0.02,0.02,0.01,0.01,0
Samoa,2001,0.01,0.02,0.02,0.01,0.01,0
Samoa,2002,0.01,0.02,0.02,0.01,0.01,0
Samoa,2003,0.01,0.02,0.02,0.01,0.01,0
Samoa,2004,0.01,0.02,0.02,0.01,0.01,0
Samoa,2005,0.01,0.02,0.02,0.01,0.01,0
Samoa,2006,0.01,0.02,0.02,0.01,0.01,0
Samoa,2007,0.01,0.02,0.02,0.01,0.01,0
Samoa,2008,0.01,0.02,0.02,0.01,0.01,0
Samoa,2009,0.01,0.02,0.02,0.01,0.01,0
Samoa,2010,0.01,0.02,0.02,0.01,0.01,0
Samoa,2011,0.01,0.02,0.02,0.01,0.01,0
Samoa,2012,0.01,0.02,0.02,0.01,0.01,0
Samoa,2013,0,0.05,0.05,0,0,0
Samoa,2014,0,0.05,0.05,0,0,0
Samoa,2015,0.01,0.05,0.05,0,0.01,0.01
Samoa,2016,0.01,0.05,0.05,0,0.01,0.01
Samoa,2017,0.02,0.05,0.05,0.01,0.02,0.01
Samoa,2018,0.03,0.05,0.05,0.01,0.03,0.02
Samoa,2019,0.03,0.05,0.05,0.01,0.03,0.02
Samoa,2020,0.03,0.05,0.05,0.01,0.03,0.02
Samoa,2021,0.03,0.05,0.05,0.01,0.03,0.02
Samoa,2022,0.04,0.05,0.05,0.02,0.04,0.02
Samoa,2023,0.04,0.05,0.05,0.02,0.04,0.02
Samoa,2024,0.04,0.05,0.05,0.02,0.04,0.02
Sao Tome and Principe,2000,0,0,0,0,0,0
Sao Tome and Principe,2001,0,0,0,0,0,0
Sao Tome and Principe,2002,0,0,0,0,0,0
Sao Tome and Principe,2003,0,0,0,0,0,0
Sao Tome and Principe,2004,0,0,0,0,0,0
Sao Tome and Principe,2005,0,0,0,0,0,0
Sao Tome and Principe,2006,0,0,0,0,0,0
Sao Tome and Principe,2007,0,0,0,0,0,0
Sao Tome and Principe,2008,0,0,0,0,0,0
Sao Tome and Principe,2009,0,0.01,0.01,0,0,0
Sao Tome and Principe,2010,0,0.01,0.01,0,0,0
Sao Tome and Principe,2011,0,0.01,0.01,0,0,0
Sao Tome and Principe,2012,0,0.01,0.01,0,0,0
Sao Tome and Principe,2013,0,0.01,0.01,0,0,0
Sao Tome and Principe,2014,0,0.02,0.02,0,0,0
Sao Tome and Principe,2015,0,0.02,0.02,0,0,0
Sao Tome and Principe,2016,0,0.03,0.03,0,0,0
Sao Tome and Principe,2017,0,0.03,0.03,0,0,0
Sao Tome and Principe,2018,0,0.03,0.03,0,0,0
Sao Tome and Principe,2019,0,0.03,0.03,0,0,0
Sao Tome and Principe,2020,0,0.03,0.03,0,0,0
Sao Tome and Principe,2021,0,0.03,0.03,0,0,0
Sao Tome and Principe,2022,0,0.03,0.03,0,0,0
Sao Tome and Principe,2023,0,0.03,0.03,0,0,0
Saudi Arabia,2000,0,18.93,18.93,0,0,0
Saudi Arabia,2001,0,19.65,19.65,0,0,0
Saudi Arabia,2002,0,21.61,21.61,0,0,0
Saudi Arabia,2003,0,24.15,24.15,0,0,0
Saudi Arabia,2004,0,25.13,25.13,0,0,0
Saudi Arabia,2005,0,26.9,26.9,0,0,0
Saudi Arabia,2006,0,28.67,28.67,0,0,0
Saudi Arabia,2007,0,31.6,31.6,0,0,0
Saudi Arabia,2008,0,33.54,33.54,0,0,0
Saudi Arabia,2009,0,35.36,35.36,0,0,0
Saudi Arabia,2010,0,41.34,41.34,0,0,0
Saudi Arabia,2011,0,43.23,43.23,0,0,0
Saudi Arabia,2012,0.01,47.29,47.29,0,0.01,0.01
Saudi Arabia,2013,0.02,52.58,52.58,0,0.02,0.02
Saudi Arabia,2014,0.02,62.61,62.61,0,0.02,0.02
Saudi Arabia,2015,0.02,67.15,67.15,0,0.02,0.02
Saudi Arabia,2016,0.02,74.08,74.08,0,0.02,0.02
Saudi Arabia,2017,0.03,75.62,75.62,0,0.03,0.03
Saudi Arabia,2018,0.08,81.93,81.93,0,0.08,0.08
Saudi Arabia,2019,0.11,88.59,88.59,0,0.11,0.11
Saudi Arabia,2020,0.41,93.94,93.94,0,0.41,0.41
Saudi Arabia,2021,0.44,93.94,93.94,0,0.44,0.44
Saudi Arabia,2022,0.84,97.63,97.63,0,0.84,0.84
Saudi Arabia,2023,2.84,97.75,97.75,0,2.84,2.84
Saudi Arabia,2024,6.6,97.75,97.75,0,6.6,6.6
Senegal,2000,0,0.41,0.41,0,0,0
Senegal,2001,0,0.41,0.41,0,0,0
Senegal,2002,0,0.41,0.41,0,0,0
Senegal,2003,0,0.41,0.41,0,0,0
Senegal,2004,0,0.41,0.41,0,0,0
Senegal,2005,0,0.41,0.41,0,0,0
Senegal,2006,0,0.46,0.46,0,0,0
Senegal,2007,0,0.46,0.46,0,0,0
Senegal,2008,0,0.54,0.54,0,0,0
Senegal,2009,0,0.54,0.54,0,0,0
Senegal,2010,0.06,0.53,0.53,0.05,0.06,0.01
Senegal,2011,0.06,0.56,0.53,0.05,0.06,0.01
Senegal,2012,0.06,0.57,0.54,0.05,0.06,0.01
Senegal,2013,0.06,0.59,0.56,0.05,0.06,0.01
Senegal,2014,0.06,0.61,0.58,0.05,0.06,0.01
Senegal,2015,0.06,0.61,0.58,0.05,0.06,0.01
Senegal,2016,0.1,0.73,0.7,0.05,0.1,0.05
Senegal,2017,0.14,0.73,0.7,0.05,0.14,0.09
Senegal,2018,0.19,0.88,0.85,0.05,0.19,0.14
Senegal,2019,0.27,0.87,0.84,0.05,0.27,0.22
Senegal,2020,0.37,0.87,0.84,0.05,0.37,0.32
Senegal,2021,0.44,1,0.84,0.05,0.44,0.39
Senegal,2022,0.44,1.12,0.96,0.05,0.44,0.39
Senegal,2023,0.44,1.12,0.96,0.05,0.44,0.39
Senegal,2024,0.48,1.45,1.29,0.05,0.48,0.43
Serbia,2000,2.27,4.88,0.41,2.27,2.27,0
Serbia,2001,2.27,4.88,0.41,2.27,2.27,0
Serbia,2002,2.27,4.88,0.41,2.27,2.27,0
Serbia,2003,2.27,4.88,0.41,2.27,2.27,0
Serbia,2004,2.27,4.88,0.41,2.27,2.27,0
Serbia,2005,2.27,4.88,0.41,2.27,2.27,0
Serbia,2006,2.27,4.88,0.41,2.27,2.27,0
Serbia,2007,2.27,4.88,0.41,2.27,2.27,0
Serbia,2008,2.27,4.88,0.41,2.27,2.27,0
Serbia,2009,2.27,4.88,0.41,2.27,2.27,0
Serbia,2010,2.29,4.88,0.41,2.29,2.29,0
Serbia,2011,2.32,4.88,0.41,2.32,2.32,0
Serbia,2012,2.36,4.88,0.41,2.35,2.36,0.01
Serbia,2013,2.33,4.88,0.41,2.32,2.33,0.01
Serbia,2014,2.42,4.88,0.41,2.41,2.42,0.01
Serbia,2015,2.45,4.88,0.41,2.42,2.45,0.03
Serbia,2016,2.47,4.88,0.41,2.43,2.47,0.04
Serbia,2017,2.48,4.88,0.41,2.43,2.48,0.05
Serbia,2018,2.7,4.88,0.41,2.45,2.7,0.25
Serbia,2019,2.91,4.88,0.41,2.49,2.91,0.42
Serbia,2020,2.93,4.88,0.41,2.5,2.93,0.43
Serbia,2021,2.96,4.88,0.41,2.51,2.96,0.45
Serbia,2022,3.07,5.06,0.59,2.53,3.07,0.54
Serbia,2023,3.28,5.06,0.59,2.57,3.28,0.71
Serbia,2024,3.48,5.41,0.59,2.58,3.48,0.9
Serbia,2025,3.81,5.41,0.59,2.58,3.81,1.23
Seychelles,2000,0,0.09,0.09,0,0,0
Seychelles,2001,0,0.09,0.09,0,0,0
Seychelles,2002,0,0.08,0.08,0,0,0
Seychelles,2003,0,0.09,0.09,0,0,0
Seychelles,2004,0,0.09,0.09,0,0,0
Seychelles,2005,0,0.09,0.09,0,0,0
Seychelles,2006,0,0.09,0.09,0,0,0
Seychelles,2007,0,0.09,0.09,0,0,0
Seychelles,2008,0,0.09,0.09,0,0,0
Seychelles,2009,0,0.09,0.09,0,0,0
Seychelles,2010,0,0.09,0.09,0,0,0
Seychelles,2011,0,0.09,0.09,0,0,0
Seychelles,2012,0,0.09,0.09,0,0,0
Seychelles,2013,0.01,0.08,0.08,0,0.01,0.01
Seychelles,2014,0.01,0.08,0.08,0,0.01,0.01
Seychelles,2015,0.01,0.09,0.09,0,0.01,0.01
Seychelles,2016,0.01,0.1,0.1,0,0.01,0.01
Seychelles,2017,0.01,0.1,0.1,0,0.01,0.01
Seychelles,2018,0.01,0.1,0.1,0,0.01,0.01
Seychelles,2019,0.01,0.11,0.11,0,0.01,0.01
Seychelles,2020,0.02,0.11,0.11,0,0.02,0.02
Seychelles,2021,0.03,0.11,0.11,0,0.03,0.03
Seychelles,2022,0.03,0.11,0.11,0,0.03,0.03
Seychelles,2023,0.03,0.11,0.11,0,0.03,0.03
Seychelles,2024,0.03,0.11,0.11,0,0.03,0.03
Sierra Leone,2000,0,0.02,0.02,0,0,0
Sierra Leone,2001,0,0.02,0.02,0,0,0
Sierra Leone,2002,0,0.02,0.02,0,0,0
Sierra Leone,2003,0,0.02,0.02,0,0,0
Sierra Leone,2004,0,0.02,0.02,0,0,0
Sierra Leone,2005,0,0.02,0.02,0,0,0
Sierra Leone,2006,0,0.02,0.02,0,0,0
Sierra Leone,2007,0,0.02,0.02,0,0,0
Sierra Leone,2008,0.03,0.02,0.02,0.03,0.03,0
Sierra Leone,2009,0.03,0.02,0.02,0.03,0.03,0
Sierra Leone,2010,0.05,0.02,0.02,0.05,0.05,0
Sierra Leone,2011,0.05,0.04,0.04,0.05,0.05,0
Sierra Leone,2012,0.05,0.04,0.04,0.05,0.05,0
Sierra Leone,2013,0.05,0.04,0.04,0.05,0.05,0
Sierra Leone,2014,0.09,0.05,0.05,0.09,0.09,0
Sierra Leone,2015,0.09,0.07,0.07,0.09,0.09,0
Sierra Leone,2016,0.09,0.07,0.07,0.09,0.09,0
Sierra Leone,2017,0.09,0.07,0.07,0.09,0.09,0
Sierra Leone,2018,0.09,0.1,0.1,0.09,0.09,0
Sierra Leone,2019,0.09,0.14,0.14,0.09,0.09,0
Sierra Leone,2020,0.09,0.14,0.14,0.09,0.09,0
Sierra Leone,2021,0.1,0.14,0.14,0.09,0.1,0.01
Sierra Leone,2022,0.11,0.14,0.14,0.09,0.11,0.02
Sierra Leone,2023,0.11,0.14,0.14,0.09,0.11,0.02
Sierra Leone,2024,0.11,0.14,0.14,0.09,0.11,0.02
Singapore,2000,0,2.52,2.52,0,0,0
Singapore,2001,0,4.02,4.02,0,0,0
Singapore,2002,0,5.79,5.79,0,0,0
Singapore,2003,0,5.79,5.79,0,0,0
Singapore,2004,0,6.61,6.61,0,0,0
Singapore,2005,0,7.35,7.35,0,0,0
Singapore,2006,0,6.99,6.99,0,0,0
Singapore,2007,0,7.5,7.5,0,0,0
Singapore,2008,0,7.34,7.34,0,0,0
Singapore,2009,0,7.28,7.28,0,0,0
Singapore,2010,0,8.39,8.39,0,0,0
Singapore,2011,0,8.31,8.31,0,0,0
Singapore,2012,0.01,8.16,8.16,0,0.01,0.01
Singapore,2013,0.01,9.91,9.91,0,0.01,0.01
Singapore,2014,0.06,11.05,11.05,0.03,0.06,0.03
Singapore,2015,0.09,11.05,11.05,0.04,0.09,0.05
Singapore,2016,0.14,11.05,11.05,0.04,0.14,0.1
Singapore,2017,0.16,11.13,11.13,0.04,0.16,0.12
Singapore,2018,0.2,11.12,11.12,0.04,0.2,0.16
Singapore,2019,0.31,11.09,11.09,0.04,0.31,0.27
Singapore,2020,0.36,11.09,11.09,0.03,0.36,0.33
Singapore,2021,0.53,11.16,11.16,0.05,0.53,0.48
Singapore,2022,0.67,11.42,11.42,0.04,0.67,0.63
Singapore,2023,0.97,11.15,11.15,0.05,0.97,0.92
Singapore,2024,1.25,11.12,11.12,0.04,1.25,1.21
Singapore,2025,1.57,11.91,11.91,0.05,1.57,1.52
Slovakia,2000,4.32,3.68,2.39,1.68,1.68,0
Slovakia,2001,4.24,4.47,3.18,1.6,1.6,0
Slovakia,2002,4.28,4.23,2.94,1.64,1.64,0
Slovakia,2003,4.28,4.3,3.01,1.64,1.64,0
Slovakia,2004,4.29,4.36,3.07,1.65,1.65,0
Slovakia,2005,4.29,4.34,3.05,1.65,1.65,0
Slovakia,2006,4.35,4.23,2.94,1.71,1.71,0
Slovakia,2007,3.94,3.77,2.48,1.74,1.74,0
Slovakia,2008,3.98,3.71,2.44,1.78,1.78,0
Slovakia,2009,3.55,3.94,2.67,1.73,1.73,0
Slovakia,2010,3.62,4.38,3.33,1.78,1.8,0.02
Slovakia,2011,4.24,4.25,3.2,1.8,2.3,0.5
Slovakia,2012,4.27,4.27,3.22,1.82,2.33,0.51
Slovakia,2013,4.29,4.26,3.24,1.82,2.35,0.53
Slovakia,2014,4.32,3.86,2.84,1.85,2.38,0.53
Slovakia,2015,4.33,3.33,2.53,1.86,2.39,0.53
Slovakia,2016,4.33,3.27,2.47,1.86,2.39,0.53
Slovakia,2017,4.33,3.21,2.41,1.86,2.39,0.53
Slovakia,2018,4.27,3.22,2.42,1.86,2.33,0.47
Slovakia,2019,4.37,3.17,2.42,1.84,2.43,0.59
Slovakia,2020,4.35,3.14,2.43,1.84,2.38,0.54
Slovakia,2021,4.41,2.86,2.15,1.87,2.41,0.54
Slovakia,2022,4.44,2.81,2.1,1.89,2.44,0.55
Slovakia,2023,4.42,2.64,2.15,1.83,2.42,0.59
Slovakia,2024,5.16,2.26,1.99,1.96,2.69,0.73
Slovakia,2025,5.46,2.26,1.99,1.96,2.99,1.03
Slovenia,2000,1.52,1.3,0.3,0.86,0.86,0
Slovenia,2001,1.59,1.3,0.3,0.93,0.93,0
Slovenia,2002,1.63,1.3,0.3,0.97,0.97,0
Slovenia,2003,1.65,1.3,0.3,0.99,0.99,0
Slovenia,2004,1.65,1.3,0.3,0.99,0.99,0
Slovenia,2005,1.66,1.3,0.3,1,1,0
Slovenia,2006,1.7,1.3,0.3,1.03,1.03,0
Slovenia,2007,1.71,1.3,0.3,1.04,1.04,0
Slovenia,2008,1.76,1.35,0.38,1.09,1.09,0
Slovenia,2009,1.79,1.35,0.38,1.12,1.12,0
Slovenia,2010,1.8,1.32,0.38,1.12,1.13,0.01
Slovenia,2011,1.87,1.32,0.38,1.12,1.18,0.06
Slovenia,2012,1.96,1.32,0.38,1.13,1.27,0.14
Slovenia,2013,2.06,1.32,0.38,1.18,1.37,0.19
Slovenia,2014,2.09,1.25,0.38,1.18,1.4,0.22
Slovenia,2015,2.11,1.85,0.38,1.18,1.42,0.24
Slovenia,2016,2.09,1.85,0.38,1.17,1.4,0.23
Slovenia,2017,2.17,1.85,0.38,1.23,1.48,0.25
Slovenia,2018,2.16,1.5,0.43,1.22,1.47,0.25
Slovenia,2019,2.2,1.5,0.43,1.23,1.51,0.28
Slovenia,2020,2.3,1.56,0.49,1.24,1.61,0.37
Slovenia,2021,2.39,1.49,0.42,1.24,1.7,0.46
Slovenia,2022,2.56,1.49,0.42,1.24,1.87,0.63
Slovenia,2023,2.96,1.49,0.42,1.24,2.27,1.03
Slovenia,2024,3.36,1.61,0.54,1.24,2.66,1.42
Slovenia,2025,3.48,1.61,0.54,1.21,2.78,1.57
Solomon Islands,2000,0,0.05,0.05,0,0,0
Solomon Islands,2001,0,0.05,0.05,0,0,0
Solomon Islands,2002,0,0.05,0.05,0,0,0
Solomon Islands,2003,0,0.05,0.05,0,0,0
Solomon Islands,2004,0,0.05,0.05,0,0,0
Solomon Islands,2005,0,0.05,0.05,0,0,0
Solomon Islands,2006,0,0.05,0.05,0,0,0
Solomon Islands,2007,0,0.05,0.05,0,0,0
Solomon Islands,2008,0,0.05,0.05,0,0,0
Solomon Islands,2009,0,0.05,0.05,0,0,0
Solomon Islands,2010,0,0.05,0.05,0,0,0
Solomon Islands,2011,0,0.05,0.05,0,0,0
Solomon Islands,2012,0,0.05,0.05,0,0,0
Solomon Islands,2013,0,0.05,0.05,0,0,0
Solomon Islands,2014,0,0.05,0.05,0,0,0
Solomon Islands,2015,0,0.04,0.04,0,0,0
Solomon Islands,2016,0,0.05,0.05,0,0,0
Solomon Islands,2017,0,0.05,0.05,0,0,0
Solomon Islands,2018,0,0.05,0.05,0,0,0
Solomon Islands,2019,0,0.05,0.05,0,0,0
Solomon Islands,2020,0,0.05,0.05,0,0,0
Solomon Islands,2021,0,0.05,0.05,0,0,0
Solomon Islands,2022,0,0.05,0.05,0,0,0
Solomon Islands,2023,0.01,0.06,0.06,0,0.01,0.01
Solomon Islands,2024,0.01,0.06,0.06,0,0.01,0.01
Somalia,2000,0,0.06,0.06,0,0,0
Somalia,2001,0,0.06,0.06,0,0,0
Somalia,2002,0,0.06,0.06,0,0,0
Somalia,2003,0,0.06,0.06,0,0,0
Somalia,2004,0,0.06,0.06,0,0,0
Somalia,2005,0,0.06,0.06,0,0,0
Somalia,2006,0,0.06,0.06,0,0,0
Somalia,2007,0,0.06,0.06,0,0,0
Somalia,2008,0,0.06,0.06,0,0,0
Somalia,2009,0,0.06,0.06,0,0,0
Somalia,2010,0,0.06,0.06,0,0,0
Somalia,2011,0,0.06,0.06,0,0,0
Somalia,2012,0,0.06,0.06,0,0,0
Somalia,2013,0,0.06,0.06,0,0,0
Somalia,2014,0,0.06,0.06,0,0,0
Somalia,2015,0,0.06,0.06,0,0,0
Somalia,2016,0,0.06,0.06,0,0,0
Somalia,2017,0,0.06,0.06,0,0,0
Somalia,2018,0,0.06,0.06,0,0,0
Somalia,2019,0,0.06,0.06,0,0,0
Somalia,2020,0.01,0.06,0.06,0,0.01,0.01
Somalia,2021,0.02,0.06,0.06,0,0.02,0.02
Somalia,2022,0.04,0.06,0.06,0,0.04,0.04
Somalia,2023,0.05,0.06,0.06,0,0.05,0.05
Somalia,2024,0.05,0.06,0.06,0,0.05,0.05
South Africa,2000,3.19,38.73,0.34,1.25,1.25,0
South Africa,2001,3.22,39.45,0.34,1.28,1.28,0
South Africa,2002,3.22,39.45,0.34,1.28,1.28,0
South Africa,2003,3.52,39.45,0.34,1.58,1.58,0
South Africa,2004,2.88,39.45,0.34,0.94,0.94,0
South Africa,2005,2.88,39.45,0.34,0.94,0.94,0
South Africa,2006,2.88,39.45,0.34,0.94,0.94,0
South Africa,2007,2.89,40.49,1.38,0.95,0.95,0
South Africa,2008,2.9,40.49,1.38,0.95,0.96,0.01
South Africa,2009,2.92,41.53,2.42,0.97,0.98,0.01
South Africa,2010,2.93,41.53,2.42,0.98,0.99,0.01
South Africa,2011,2.95,41.81,2.7,0.99,1.01,0.02
South Africa,2012,2.95,41.81,2.7,0.99,1.01,0.02
South Africa,2013,3.45,41.81,2.7,0.99,1.51,0.52
South Africa,2014,4.65,41.81,2.7,0.98,2.71,1.73
South Africa,2015,5.37,42.94,3.04,1,3.43,2.43
South Africa,2016,6.32,43.61,3.71,1.01,4.38,3.37
South Africa,2017,7.25,45.2,3.71,1.01,5.31,4.3
South Africa,2018,7.55,46,3.71,1.01,5.61,4.6
South Africa,2019,7.85,47.59,3.71,1.01,5.91,4.9
South Africa,2020,9.18,48.39,3.71,1.01,7.24,6.23
South Africa,2021,9.64,49.98,3.71,1.01,7.71,6.7
South Africa,2022,11.82,49.6,3.71,1.01,9.88,8.87
South Africa,2023,14.39,49.6,3.71,1.01,12.46,11.45
South Africa,2024,15.44,50.4,3.71,1.01,13.51,12.5
South Africa,2025,18.53,51.2,3.71,1.01,16.6,15.59
South Korea,2000,15.33,31.78,17.5,1.6,1.61,0.01
South Korea,2001,15.38,35.28,19.5,1.64,1.66,0.02
South Korea,2002,17.39,36.88,20.6,1.64,1.67,0.03
South Korea,2003,17.39,38.86,22.58,1.62,1.67,0.05
South Korea,2004,18.39,38.37,20.57,1.63,1.67,0.04
South Korea,2005,19,39.68,21.38,1.63,1.82,0.19
South Korea,2006,19.64,41.17,22.37,1.69,1.92,0.23
South Korea,2007,19.68,43.97,23.08,1.69,1.96,0.27
South Korea,2008,20.08,46.49,24.1,1.7,2.36,0.66
South Korea,2009,20.29,49.77,25.02,1.72,2.57,0.85
South Korea,2010,20.5,51.63,26.63,1.76,2.78,1.02
South Korea,2011,21.75,53.74,28.29,1.87,3.03,1.16
South Korea,2012,24.15,54.47,29.02,1.9,3.43,1.53
South Korea,2013,24.76,55.66,30.15,1.9,4.04,2.14
South Korea,2014,26.13,65.08,37.77,2.32,5.41,3.09
South Korea,2015,28.44,64.76,37.45,2.4,6.72,4.32
South Korea,2016,31.95,72.4,39.56,3.46,8.83,5.37
South Korea,2017,33.38,81.46,43.88,4.08,10.85,6.77
South Korea,2018,34.97,82.8,45.22,4.12,13.12,9
South Korea,2019,40.55,84.72,46.87,4.96,17.3,12.34
South Korea,2020,45.01,84.08,47.43,5.35,21.76,16.41
South Korea,2021,47.33,86.32,48.26,4.46,24.08,19.62
South Korea,2022,51.58,87.14,48.04,4.45,26.93,22.48
South Korea,2023,54.82,90.36,50.22,4.48,30.17,25.69
South Korea,2024,59.5,94.94,53.75,4.51,33.45,28.94
South Korea,2025,63.39,95.49,53.75,4.54,37.34,32.8
South Sudan,2012,0,0.08,0.08,0,0,0
South Sudan,2013,0,0.08,0.08,0,0,0
South Sudan,2014,0,0.08,0.08,0,0,0
South Sudan,2015,0,0.08,0.08,0,0,0
South Sudan,2016,0,0.08,0.08,0,0,0
South Sudan,2017,0,0.13,0.13,0,0,0
South Sudan,2018,0,0.13,0.13,0,0,0
South Sudan,2019,0,0.16,0.16,0,0,0
South Sudan,2020,0,0.16,0.16,0,0,0
South Sudan,2021,0,0.17,0.17,0,0,0
South Sudan,2022,0,0.17,0.17,0,0,0
South Sudan,2023,0.02,0.2,0.2,0,0.02,0.02
South Sudan,2024,0.03,0.2,0.2,0,0.03,0.03
Spain,2000,25.47,16.76,2.97,15.74,17.97,2.23
Spain,2001,26.77,17.41,3.62,15.83,19.25,3.42
Spain,2002,28.51,20.58,6.79,16.01,20.93,4.92
Spain,2003,29.63,23.42,9.63,16.07,22.05,5.98
Spain,2004,32.21,25,11.21,16.26,24.63,8.37
Spain,2005,33.92,29.79,16,16.35,26.34,9.99
Spain,2006,35.72,35.01,21.3,16.48,28.36,11.88
Spain,2007,39.26,37.72,24.76,16.56,31.9,15.34
Spain,2008,44.01,40.31,27.42,16.62,36.65,20.03
Spain,2009,47.09,40.88,27.99,16.82,39.73,22.91
Spain,2010,49.7,42.17,29.28,16.93,42.25,25.32
Spain,2011,51.42,43.65,30.92,16.98,43.97,26.99
Spain,2012,53.92,42.89,30.95,17.08,46.47,29.39
Spain,2013,53.83,42.38,31.03,16.87,46.85,29.98
Spain,2014,54.29,42.38,31.03,16.93,46.89,29.96
Spain,2015,55.14,42.17,31.08,17.76,47.74,29.98
Spain,2016,55.22,41.64,31.08,17.79,47.82,30.03
Spain,2017,55.09,41.64,31.08,17.8,47.97,30.17
Spain,2018,55.45,41.3,31.1,17.82,48.33,30.51
Spain,2019,61.76,41.05,31.1,17.9,54.64,36.74
Spain,2020,64.47,36.05,30.9,18.06,57.35,39.29
Spain,2021,69.17,34.53,30.9,18.08,62.05,43.97
Spain,2022,81.57,33.8,30.9,18.1,74.45,56.35
Spain,2023,88.01,33.8,30.9,18.1,80.89,62.79
Spain,2024,95.56,33.02,30.9,18.1,88.44,70.34
Spain,2025,105.73,32,31.39,18.1,98.61,80.51
Sri Lanka,2000,1.15,0.16,0.16,1.15,1.15,0
Sri Lanka,2001,1.16,0.16,0.16,1.16,1.16,0
Sri Lanka,2002,1.18,0.33,0.33,1.18,1.18,0
Sri Lanka,2003,1.25,0.33,0.33,1.25,1.25,0
Sri Lanka,2004,1.28,0.33,0.33,1.28,1.28,0
Sri Lanka,2005,1.29,0.43,0.43,1.29,1.29,0
Sri Lanka,2006,1.32,0.43,0.43,1.32,1.32,0
Sri Lanka,2007,1.32,0.43,0.43,1.32,1.32,0
Sri Lanka,2008,1.37,0.43,0.43,1.36,1.37,0.01
Sri Lanka,2009,1.4,0.43,0.43,1.39,1.4,0.01
Sri Lanka,2010,1.44,0.43,0.43,1.4,1.44,0.04
Sri Lanka,2011,1.47,0.73,0.43,1.42,1.47,0.05
Sri Lanka,2012,1.69,0.73,0.43,1.6,1.69,0.09
Sri Lanka,2013,1.72,0.73,0.43,1.63,1.72,0.09
Sri Lanka,2014,1.83,1.33,0.43,1.69,1.83,0.14
Sri Lanka,2015,1.88,1.39,0.49,1.71,1.88,0.17
Sri Lanka,2016,1.95,1.39,0.49,1.75,1.95,0.2
Sri Lanka,2017,2.06,1.39,0.49,1.78,2.06,0.28
Sri Lanka,2018,2.19,1.39,0.49,1.83,2.19,0.36
Sri Lanka,2019,2.33,1.39,0.49,1.85,2.33,0.48
Sri Lanka,2020,2.46,1.39,0.49,1.84,2.46,0.62
Sri Lanka,2021,2.71,1.39,0.49,1.84,2.71,0.87
Sri Lanka,2022,2.92,1.39,0.49,1.87,2.92,1.05
Sri Lanka,2023,3.12,1.39,0.49,1.89,3.12,1.23
Sri Lanka,2024,3.86,1.39,0.49,2.01,3.86,1.85
Sri Lanka,2025,4.79,1.39,0.49,2.01,4.79,2.78
Sudan (the),2000,0.38,0.12,0.12,0.38,0.38,0
Sudan (the),2001,0.38,0.12,0.12,0.38,0.38,0
Sudan (the),2002,0.38,0.12,0.12,0.38,0.38,0
Sudan (the),2003,0.38,0.34,0.34,0.38,0.38,0
Sudan (the),2004,0.38,0.34,0.34,0.38,0.38,0
Sudan (the),2005,0.41,0.34,0.34,0.41,0.41,0
Sudan (the),2006,0.41,0.34,0.34,0.41,0.41,0
Sudan (the),2007,0.41,0.56,0.56,0.41,0.41,0
Sudan (the),2008,0.41,0.56,0.56,0.41,0.41,0
Sudan (the),2009,1.41,0.56,0.56,1.41,1.41,0
Sudan (the),2010,1.41,0.67,0.67,1.41,1.41,0
Sudan (the),2011,1.41,0.87,0.87,1.41,1.41,0
Sudan (the),2012,1.53,0.87,0.87,1.52,1.53,0.01
Sudan (the),2013,1.53,0.87,0.87,1.52,1.53,0.01
Sudan (the),2014,1.54,1.13,1.13,1.52,1.54,0.02
Sudan (the),2015,1.54,1.13,1.13,1.52,1.54,0.02
Sudan (the),2016,1.55,1.63,1.63,1.52,1.55,0.03
Sudan (the),2017,1.56,2,2,1.52,1.56,0.04
Sudan (the),2018,1.74,2.15,2.15,1.68,1.74,0.06
Sudan (the),2019,1.76,2.15,2.15,1.68,1.76,0.08
Sudan (the),2020,1.8,2.15,2.15,1.68,1.8,0.12
Sudan (the),2021,1.82,2.15,2.15,1.68,1.82,0.14
Sudan (the),2022,1.87,2.15,2.15,1.68,1.87,0.19
Sudan (the),2023,1.87,2.15,2.15,1.68,1.87,0.19
Sudan (the),2024,1.87,2.15,2.15,1.68,1.87,0.19
Suriname,2000,0.18,0.21,0.21,0.18,0.18,0
Suriname,2001,0.18,0.21,0.21,0.18,0.18,0
Suriname,2002,0.18,0.21,0.21,0.18,0.18,0
Suriname,2003,0.18,0.21,0.21,0.18,0.18,0
Suriname,2004,0.18,0.21,0.21,0.18,0.18,0
Suriname,2005,0.18,0.23,0.23,0.18,0.18,0
Suriname,2006,0.18,0.24,0.24,0.18,0.18,0
Suriname,2007,0.18,0.24,0.24,0.18,0.18,0
Suriname,2008,0.18,0.24,0.24,0.18,0.18,0
Suriname,2009,0.18,0.24,0.24,0.18,0.18,0
Suriname,2010,0.18,0.29,0.29,0.18,0.18,0
Suriname,2011,0.18,0.29,0.29,0.18,0.18,0
Suriname,2012,0.18,0.35,0.35,0.18,0.18,0
Suriname,2013,0.18,0.35,0.35,0.18,0.18,0
Suriname,2014,0.19,0.39,0.39,0.18,0.19,0.01
Suriname,2015,0.19,0.41,0.41,0.18,0.19,0.01
Suriname,2016,0.19,0.47,0.47,0.18,0.19,0.01
Suriname,2017,0.19,0.47,0.47,0.18,0.19,0.01
Suriname,2018,0.19,0.47,0.47,0.18,0.19,0.01
Suriname,2019,0.19,0.47,0.47,0.18,0.19,0.01
Suriname,2020,0.19,0.47,0.47,0.18,0.19,0.01
Suriname,2021,0.19,0.51,0.51,0.18,0.19,0.01
Suriname,2022,0.19,0.51,0.51,0.18,0.19,0.01
Suriname,2023,0.19,0.51,0.51,0.18,0.19,0.01
Suriname,2024,0.19,0.51,0.51,0.18,0.19,0.01
Sweden,2000,27.73,6.27,5.98,18.06,18.27,0.21
Sweden,2001,28.15,5.94,5.65,18.41,18.71,0.3
Sweden,2002,27.78,4.98,4.69,17.97,18.33,0.36
Sweden,2003,27.74,5.89,5.6,17.88,18.3,0.42
Sweden,2004,28.59,5.89,5.6,18.65,19.12,0.47
Sweden,2005,29.54,4.65,4.36,19.55,20.07,0.52
Sweden,2006,30.35,4.87,4.58,20.31,20.9,0.59
Sweden,2007,29.82,5.61,5.32,19.92,20.75,0.83
Sweden,2008,29.91,5.29,5,19.87,20.97,1.1
Sweden,2009,30.89,5.84,5.55,20.56,22.05,1.49
Sweden,2010,31.69,6.18,5.89,20.68,22.71,2.03
Sweden,2011,32.79,3.85,3.56,20.7,23.47,2.77
Sweden,2012,33.74,5,4.71,20.67,24.3,3.63
Sweden,2013,34.05,4.75,4.46,20.41,24.64,4.23
Sweden,2014,35.04,4.43,4.29,20.38,25.53,5.15
Sweden,2015,36.56,3.88,3.74,20.95,26.87,5.92
Sweden,2016,37.57,3.49,3.35,21.22,27.8,6.58
Sweden,2017,37.18,3.46,3.32,21.33,28.18,6.85
Sweden,2018,37.85,4.23,4.09,21.46,29.19,7.73
Sweden,2019,39.79,3.88,3.74,21.76,31.17,9.41
Sweden,2020,38.95,5.44,5.44,20.07,31.17,11.1
Sweden,2021,40.64,4.4,4.4,19.99,33.74,13.75
Sweden,2022,43.7,4.34,4.34,20.11,36.8,16.69
Sweden,2023,47.39,4.23,4.23,20.16,40.39,20.23
Sweden,2024,48.61,5.37,5.37,19.94,41.61,21.67
Sweden,2025,49.86,5.03,5.03,19.98,42.86,22.88
Switzerland,2000,16.31,0.38,0.38,13.09,13.11,0.02
Switzerland,2001,16.36,0.39,0.39,13.14,13.16,0.02
Switzerland,2002,16.39,0.4,0.4,13.15,13.17,0.02
Switzerland,2003,16.41,0.45,0.45,13.17,13.19,0.02
Switzerland,2004,16.43,0.38,0.38,13.18,13.21,0.03
Switzerland,2005,16.48,0.4,0.4,13.22,13.26,0.04
Switzerland,2006,16.5,0.43,0.43,13.24,13.28,0.04
Switzerland,2007,16.62,0.43,0.43,13.35,13.4,0.05
Switzerland,2008,16.64,0.45,0.45,13.36,13.42,0.06
Switzerland,2009,16.75,0.47,0.47,13.41,13.51,0.1
Switzerland,2010,16.9,0.55,0.55,13.48,13.65,0.17
Switzerland,2011,17.06,0.49,0.49,13.51,13.78,0.27
Switzerland,2012,17.34,0.55,0.55,13.58,14.06,0.48
Switzerland,2013,17.68,0.56,0.56,13.59,14.4,0.81
Switzerland,2014,17.93,0.52,0.52,13.52,14.62,1.1
Switzerland,2015,18.37,0.54,0.54,13.62,15.04,1.42
Switzerland,2016,19.58,0.53,0.53,14.55,16.25,1.7
Switzerland,2017,20.38,0.52,0.52,15.11,17.05,1.94
Switzerland,2018,20.79,0.51,0.51,15.26,17.46,2.2
Switzerland,2019,21.12,0.51,0.51,15.29,17.79,2.5
Switzerland,2020,21.61,0.51,0.51,15.31,18.28,2.97
Switzerland,2021,21.9,0.51,0.51,15.33,18.94,3.61
Switzerland,2022,23.87,0.5,0.5,16.29,20.91,4.62
Switzerland,2023,25.43,0.49,0.49,16.31,22.46,6.15
Switzerland,2024,27.14,0.49,0.49,16.31,24.17,7.86
Switzerland,2025,28.52,0.49,0.49,16.33,25.55,9.22
Syrian Arab Republic (the),2000,1.54,4.36,4.36,1.54,1.54,0
Syrian Arab Republic (the),2001,1.54,4.36,4.36,1.54,1.54,0
Syrian Arab Republic (the),2002,1.18,4.36,4.36,1.18,1.18,0
Syrian Arab Republic (the),2003,1.22,4.36,4.36,1.22,1.22,0
Syrian Arab Republic (the),2004,1.54,4.36,4.36,1.54,1.54,0
Syrian Arab Republic (the),2005,1.54,4.36,4.36,1.54,1.54,0
Syrian Arab Republic (the),2006,1.54,4.36,4.36,1.54,1.54,0
Syrian Arab Republic (the),2007,1.51,5.34,5.34,1.51,1.51,0
Syrian Arab Republic (the),2008,0.91,5.34,5.34,0.91,0.91,0
Syrian Arab Republic (the),2009,0.91,6.54,6.54,0.91,0.91,0
Syrian Arab Republic (the),2010,0.86,6.88,6.82,0.86,0.86,0
Syrian Arab Republic (the),2011,0.86,7.36,7.3,0.86,0.86,0
Syrian Arab Republic (the),2012,0.86,7.36,7.3,0.86,0.86,0
Syrian Arab Republic (the),2013,0.86,8.11,8.05,0.86,0.86,0
Syrian Arab Republic (the),2014,1.5,8.11,8.05,1.5,1.5,0
Syrian Arab Republic (the),2015,1.58,8.11,8.05,1.58,1.58,0
Syrian Arab Republic (the),2016,1.5,8.11,8.05,1.5,1.5,0
Syrian Arab Republic (the),2017,1.5,8.11,8.05,1.5,1.5,0
Syrian Arab Republic (the),2018,1.5,8.11,8.05,1.5,1.5,0
Syrian Arab Republic (the),2019,1.5,8.11,8.05,1.5,1.5,0
Syrian Arab Republic (the),2020,1.51,8.11,8.05,1.5,1.51,0.01
Syrian Arab Republic (the),2021,1.53,8.11,8.05,1.5,1.53,0.03
Syrian Arab Republic (the),2022,1.81,8.11,8.05,1.5,1.81,0.31
Syrian Arab Republic (the),2023,2.52,8.11,8.05,1.5,2.52,1.02
Syrian Arab Republic (the),2024,3.11,8.57,8.51,1.5,3.11,1.61
Taiwan,2000,7.04,25.68,12.85,1.9,1.9,0
Taiwan,2001,7.05,24.22,11.23,1.91,1.91,0
Taiwan,2002,7.18,28.02,11.86,2.03,2.04,0.01
Taiwan,2003,7.16,29.43,13.27,2.01,2.02,0.01
Taiwan,2004,7.16,31.22,14.76,2.01,2.02,0.01
Taiwan,2005,7.16,31.82,14.81,2,2.02,0.02
Taiwan,2006,7.24,33.98,16.25,2,2.1,0.1
Taiwan,2007,7.34,35.06,17.73,2.01,2.2,0.19
Taiwan,2008,7.43,35.77,18.44,2.03,2.29,0.26
Taiwan,2009,7.55,36.9,19.57,2.03,2.41,0.38
Taiwan,2010,7.72,36.61,19.28,2.07,2.58,0.51
Taiwan,2011,7.91,36.36,18.98,2.12,2.77,0.65
Taiwan,2012,8.1,35.79,18.98,2.16,2.96,0.8
Taiwan,2013,8.32,35.78,18.97,2.16,3.18,1.02
Taiwan,2014,8.58,35.14,18.93,2.16,3.44,1.28
Taiwan,2015,8.84,35.14,18.93,2.17,3.7,1.53
Taiwan,2016,9.24,35.93,18.92,2.17,4.1,1.93
Taiwan,2017,9.77,35.9,18.72,2.17,4.63,2.46
Taiwan,2018,10.13,38.5,19.67,2.17,5.62,3.45
Taiwan,2019,11.04,40.19,20.56,2.17,7.17,5
Taiwan,2020,12.81,40.1,20.47,2.18,8.94,6.76
Taiwan,2021,13.86,40.57,20.98,2.18,10.97,8.79
Taiwan,2022,16.38,39.38,20.44,2.19,13.49,11.3
Taiwan,2023,19.18,39.65,20.71,2.18,17.28,15.1
Taiwan,2024,21.34,40.81,21.91,2.2,20.39,18.19
Taiwan,2025,22.19,40.72,24.17,2.2,22.19,19.99
Tajikistan,2000,4.06,0.21,0.21,4.06,4.06,0
Tajikistan,2001,4.06,0.21,0.21,4.06,4.06,0
Tajikistan,2002,4.06,0.21,0.21,4.06,4.06,0
Tajikistan,2003,4.06,0.21,0.21,4.06,4.06,0
Tajikistan,2004,4.06,0.21,0.21,4.06,4.06,0
Tajikistan,2005,4.08,0.21,0.21,4.08,4.08,0
Tajikistan,2006,4.08,0.21,0.21,4.08,4.08,0
Tajikistan,2007,4.08,0.21,0.21,4.08,4.08,0
Tajikistan,2008,4.09,0.21,0.21,4.09,4.09,0
Tajikistan,2009,4.77,0.21,0.21,4.77,4.77,0
Tajikistan,2010,4.77,0.21,0.21,4.77,4.77,0
Tajikistan,2011,4.78,0.21,0.21,4.78,4.78,0
Tajikistan,2012,4.84,0.21,0.21,4.84,4.84,0
Tajikistan,2013,4.85,0.21,0.21,4.85,4.85,0
Tajikistan,2014,4.96,0.31,0.21,4.96,4.96,0
Tajikistan,2015,4.96,0.31,0.21,4.96,4.96,0
Tajikistan,2016,4.96,0.61,0.21,4.96,4.96,0
Tajikistan,2017,4.96,0.61,0.21,4.96,4.96,0
Tajikistan,2018,4.96,0.61,0.21,4.96,4.96,0
Tajikistan,2019,5.72,0.61,0.21,5.72,5.72,0
Tajikistan,2020,5.72,0.61,0.21,5.72,5.72,0
Tajikistan,2021,5.72,0.61,0.21,5.72,5.72,0
Tajikistan,2022,5.74,0.61,0.21,5.74,5.74,0
Tajikistan,2023,5.74,0.61,0.21,5.74,5.74,0
Tajikistan,2024,5.74,0.61,0.21,5.74,5.74,0
Tajikistan,2025,5.84,0.61,0.21,5.84,5.84,0
"Tanzania, the United Republic of",2000,0.61,0.11,0.11,0.61,0.61,0
"Tanzania, the United Republic of",2001,0.61,0.11,0.11,0.61,0.61,0
"Tanzania, the United Republic of",2002,0.61,0.21,0.21,0.61,0.61,0
"Tanzania, the United Republic of",2003,0.62,0.21,0.21,0.62,0.62,0
"Tanzania, the United Republic of",2004,0.62,0.4,0.4,0.62,0.62,0
"Tanzania, the United Republic of",2005,0.61,0.41,0.41,0.61,0.61,0
"Tanzania, the United Republic of",2006,0.61,0.41,0.41,0.61,0.61,0
"Tanzania, the United Republic of",2007,0.61,0.35,0.35,0.61,0.61,0
"Tanzania, the United Republic of",2008,0.61,0.37,0.37,0.61,0.61,0
"Tanzania, the United Republic of",2009,0.61,0.42,0.42,0.61,0.61,0
"Tanzania, the United Republic of",2010,0.62,0.43,0.43,0.62,0.62,0
"Tanzania, the United Republic of",2011,0.63,0.71,0.71,0.63,0.63,0
"Tanzania, the United Republic of",2012,0.64,0.87,0.87,0.64,0.64,0
"Tanzania, the United Republic of",2013,0.64,0.93,0.93,0.64,0.64,0
"Tanzania, the United Republic of",2014,0.65,0.88,0.88,0.64,0.65,0.01
"Tanzania, the United Republic of",2015,0.66,0.83,0.83,0.65,0.66,0.01
"Tanzania, the United Republic of",2016,0.67,0.82,0.82,0.66,0.67,0.01
"Tanzania, the United Republic of",2017,0.67,0.73,0.73,0.66,0.67,0.01
"Tanzania, the United Republic of",2018,0.68,1.01,1.01,0.67,0.68,0.01
"Tanzania, the United Republic of",2019,0.68,1.01,1.01,0.67,0.68,0.01
"Tanzania, the United Republic of",2020,0.68,1.02,1.02,0.67,0.68,0.01
"Tanzania, the United Republic of",2021,0.68,1.15,1.15,0.67,0.68,0.01
"Tanzania, the United Republic of",2022,0.68,1.23,1.23,0.67,0.68,0.01
"Tanzania, the United Republic of",2023,0.76,1.28,1.28,0.75,0.76,0.01
"Tanzania, the United Republic of",2024,1.47,1.28,1.28,1.46,1.47,0.01
Thailand,2000,3.58,9.5,6.24,3.58,3.58,0
Thailand,2001,3.58,9.88,6.62,3.58,3.58,0
Thailand,2002,3.59,12.06,8.8,3.59,3.59,0
Thailand,2003,3.59,13.24,9.98,3.59,3.59,0
Thailand,2004,3.71,13.55,10.29,3.71,3.71,0
Thailand,2005,3.74,13.63,10.37,3.74,3.74,0
Thailand,2006,4.05,14.63,10.65,4.02,4.05,0.03
Thailand,2007,4.39,16.25,11.55,4.36,4.39,0.03
Thailand,2008,4.63,20.7,15.97,4.6,4.63,0.03
Thailand,2009,4.73,22.18,17.45,4.68,4.73,0.05
Thailand,2010,4.8,22.94,18.12,4.74,4.8,0.06
Thailand,2011,5.04,23.27,18.45,4.95,5.04,0.09
Thailand,2012,5.65,24.47,18.69,5.16,5.65,0.49
Thailand,2013,6.66,25.66,19.88,5.61,6.66,1.05
Thailand,2014,7.33,28.78,23,5.81,7.33,1.52
Thailand,2015,7.83,29.53,23.75,6.18,7.83,1.65
Thailand,2016,9.3,34.16,28.38,6.34,9.3,2.96
Thailand,2017,10.05,35.9,30.12,6.72,10.05,3.33
Thailand,2018,11.06,36.81,31.03,6.99,11.06,4.07
Thailand,2019,11.55,37.78,31.64,7.05,11.55,4.5
Thailand,2020,11.67,37.82,31.68,7.18,11.67,4.49
Thailand,2021,12.22,39.07,32.93,7.6,12.22,4.62
Thailand,2022,12.37,41.4,35.26,7.63,12.37,4.74
Thailand,2023,12.4,42.25,36.11,7.56,12.4,4.84
Thailand,2024,12.41,44.12,38.13,7.48,12.41,4.93
Thailand,2025,15.82,44.67,38.83,7.44,15.82,8.38
Timor-Leste,2003,0,0.04,0.04,0,0,0
Timor-Leste,2004,0,0.04,0.04,0,0,0
Timor-Leste,2005,0,0.04,0.04,0,0,0
Timor-Leste,2006,0,0.05,0.05,0,0,0
Timor-Leste,2007,0,0.05,0.05,0,0,0
Timor-Leste,2008,0,0.05,0.05,0,0,0
Timor-Leste,2009,0,0.05,0.05,0,0,0
Timor-Leste,2010,0,0.05,0.05,0,0,0
Timor-Leste,2011,0,0.16,0.16,0,0,0
Timor-Leste,2012,0,0.19,0.19,0,0,0
Timor-Leste,2013,0,0.33,0.33,0,0,0
Timor-Leste,2014,0,0.33,0.33,0,0,0
Timor-Leste,2015,0,0.33,0.33,0,0,0
Timor-Leste,2016,0,0.35,0.35,0,0,0
Timor-Leste,2017,0,0.35,0.35,0,0,0
Timor-Leste,2018,0,0.35,0.35,0,0,0
Timor-Leste,2019,0,0.35,0.35,0,0,0
Timor-Leste,2020,0,0.35,0.35,0,0,0
Timor-Leste,2021,0,0.35,0.35,0,0,0
Timor-Leste,2022,0,0.35,0.35,0,0,0
Timor-Leste,2023,0,0.35,0.35,0,0,0
Timor-Leste,2024,0,0.35,0.35,0,0,0
Togo,2000,0.07,0.02,0.02,0.07,0.07,0
Togo,2001,0.07,0.02,0.02,0.07,0.07,0
Togo,2002,0.07,0.02,0.02,0.07,0.07,0
Togo,2003,0.07,0.02,0.02,0.07,0.07,0
Togo,2004,0.07,0.04,0.04,0.07,0.07,0
Togo,2005,0.07,0.04,0.04,0.07,0.07,0
Togo,2006,0.07,0.04,0.04,0.07,0.07,0
Togo,2007,0.07,0.04,0.04,0.07,0.07,0
Togo,2008,0.07,0.04,0.04,0.07,0.07,0
Togo,2009,0.07,0.04,0.04,0.07,0.07,0
Togo,2010,0.07,0.17,0.17,0.07,0.07,0
Togo,2011,0.07,0.17,0.17,0.07,0.07,0
Togo,2012,0.07,0.17,0.17,0.07,0.07,0
Togo,2013,0.07,0.17,0.17,0.07,0.07,0
Togo,2014,0.07,0.17,0.17,0.07,0.07,0
Togo,2015,0.07,0.17,0.17,0.07,0.07,0
Togo,2016,0.07,0.17,0.17,0.07,0.07,0
Togo,2017,0.07,0.17,0.17,0.07,0.07,0
Togo,2018,0.07,0.17,0.17,0.07,0.07,0
Togo,2019,0.08,0.17,0.17,0.07,0.08,0.01
Togo,2020,0.08,0.17,0.17,0.07,0.08,0.01
Togo,2021,0.13,0.22,0.22,0.07,0.13,0.06
Togo,2022,0.14,0.22,0.22,0.07,0.14,0.07
Togo,2023,0.14,0.22,0.22,0.07,0.14,0.07
Togo,2024,0.14,0.22,0.22,0.07,0.14,0.07
Tonga,2000,0,0.01,0.01,0,0,0
Tonga,2001,0,0.01,0.01,0,0,0
Tonga,2002,0,0.01,0.01,0,0,0
Tonga,2003,0,0.01,0.01,0,0,0
Tonga,2004,0,0.01,0.01,0,0,0
Tonga,2005,0,0.01,0.01,0,0,0
Tonga,2006,0,0.01,0.01,0,0,0
Tonga,2007,0,0.01,0.01,0,0,0
Tonga,2008,0,0.01,0.01,0,0,0
Tonga,2009,0,0.01,0.01,0,0,0
Tonga,2010,0,0.01,0.01,0,0,0
Tonga,2011,0,0.01,0.01,0,0,0
Tonga,2012,0,0.01,0.01,0,0,0
Tonga,2013,0,0.01,0.01,0,0,0
Tonga,2014,0,0.02,0.02,0,0,0
Tonga,2015,0,0.02,0.02,0,0,0
Tonga,2016,0,0.02,0.02,0,0,0
Tonga,2017,0.01,0.02,0.02,0,0.01,0.01
Tonga,2018,0.01,0.02,0.02,0,0.01,0.01
Tonga,2019,0.01,0.02,0.02,0,0.01,0.01
Tonga,2020,0.01,0.02,0.02,0,0.01,0.01
Tonga,2021,0.01,0.02,0.02,0,0.01,0.01
Tonga,2022,0.01,0.02,0.02,0,0.01,0.01
Tonga,2023,0.02,0.02,0.02,0,0.02,0.02
Tonga,2024,0.02,0.02,0.02,0,0.02,0.02
Trinidad and Tobago,2000,NA,0.83,0.83,NA,NA,NA
Trinidad and Tobago,2001,NA,0.83,0.83,NA,NA,NA
Trinidad and Tobago,2002,NA,0.83,0.83,NA,NA,NA
Trinidad and Tobago,2003,NA,0.83,0.83,NA,NA,NA
Trinidad and Tobago,2004,NA,0.83,0.83,NA,NA,NA
Trinidad and Tobago,2005,NA,0.83,0.83,NA,NA,NA
Trinidad and Tobago,2006,NA,0.83,0.83,NA,NA,NA
Trinidad and Tobago,2007,NA,1.04,1.04,NA,NA,NA
Trinidad and Tobago,2008,NA,1.04,1.04,NA,NA,NA
Trinidad and Tobago,2009,NA,1.1,1.1,NA,NA,NA
Trinidad and Tobago,2010,NA,1.1,1.1,NA,NA,NA
Trinidad and Tobago,2011,NA,1.1,1.1,NA,NA,NA
Trinidad and Tobago,2012,NA,1.82,1.82,NA,NA,NA
Trinidad and Tobago,2013,NA,1.82,1.82,NA,NA,NA
Trinidad and Tobago,2014,NA,1.82,1.82,NA,NA,NA
Trinidad and Tobago,2015,NA,1.82,1.82,NA,NA,NA
Trinidad and Tobago,2016,NA,2.06,2.06,NA,NA,NA
Trinidad and Tobago,2017,NA,2.06,2.06,NA,NA,NA
Trinidad and Tobago,2018,NA,2.06,2.06,NA,NA,NA
Trinidad and Tobago,2019,NA,2.06,2.06,NA,NA,NA
Trinidad and Tobago,2020,NA,2.06,2.06,NA,NA,NA
Trinidad and Tobago,2021,NA,2.06,2.06,NA,NA,NA
Trinidad and Tobago,2022,NA,2.06,2.06,NA,NA,NA
Trinidad and Tobago,2023,NA,2.06,2.06,NA,NA,NA
Trinidad and Tobago,2024,NA,2.06,2.06,NA,NA,NA
Tunisia,2000,0.07,1.42,1.42,0.06,0.07,0.01
Tunisia,2001,0.07,1.42,1.42,0.06,0.07,0.01
Tunisia,2002,0.07,1.9,1.9,0.06,0.07,0.01
Tunisia,2003,0.08,1.9,1.9,0.06,0.08,0.02
Tunisia,2004,0.08,2.02,2.02,0.06,0.08,0.02
Tunisia,2005,0.08,2.26,2.26,0.06,0.08,0.02
Tunisia,2006,0.08,2.26,2.26,0.06,0.08,0.02
Tunisia,2007,0.08,2.38,2.38,0.06,0.08,0.02
Tunisia,2008,0.08,2.38,2.38,0.06,0.08,0.02
Tunisia,2009,0.11,2.5,2.5,0.06,0.11,0.05
Tunisia,2010,0.11,2.62,2.62,0.06,0.11,0.05
Tunisia,2011,0.11,3.02,3.02,0.06,0.11,0.05
Tunisia,2012,0.24,3.02,3.02,0.06,0.24,0.18
Tunisia,2013,0.27,3.28,3.28,0.06,0.27,0.21
Tunisia,2014,0.31,3.7,3.7,0.06,0.31,0.25
Tunisia,2015,0.33,4.13,4.13,0.06,0.33,0.27
Tunisia,2016,0.34,4.38,4.38,0.06,0.34,0.28
Tunisia,2017,0.35,4.38,4.38,0.06,0.35,0.29
Tunisia,2018,0.38,4.38,4.38,0.07,0.38,0.31
Tunisia,2019,0.4,4.38,4.38,0.07,0.4,0.33
Tunisia,2020,0.42,4.38,4.38,0.07,0.42,0.35
Tunisia,2021,0.42,5,5,0.07,0.42,0.35
Tunisia,2022,0.52,5.45,5.45,0.07,0.52,0.45
Tunisia,2023,0.83,5.45,5.45,0.07,0.83,0.76
Tunisia,2024,1.09,5.45,5.45,0.07,1.09,1.02
Tunisia,2025,1.21,5.45,5.45,0.07,1.21,1.14
Turkey,2000,11.28,11.62,5.03,11.26,11.28,0.02
Turkey,2001,11.77,11.77,5.18,11.75,11.77,0.02
Turkey,2002,12.34,14.25,7.66,12.32,12.34,0.02
Turkey,2003,12.68,17.84,9.53,12.66,12.68,0.02
Turkey,2004,12.75,19.01,10.7,12.73,12.75,0.02
Turkey,2005,13.01,19.73,10.92,12.99,13.01,0.02
Turkey,2006,13.21,21,11.11,13.15,13.21,0.06
Turkey,2007,13.64,21.38,11.42,13.49,13.64,0.15
Turkey,2008,14.29,21.62,11.66,13.93,14.29,0.36
Turkey,2009,15.44,22.65,12.28,14.65,15.44,0.79
Turkey,2010,17.28,26.18,14.42,15.95,17.28,1.33
Turkey,2011,18.98,28.22,15.86,17.24,18.98,1.74
Turkey,2012,22.02,28.32,15.96,19.75,22.02,2.27
Turkey,2013,25.24,32.49,19.94,22.46,25.24,2.78
Turkey,2014,27.53,36.35,22.19,23.86,27.53,3.67
Turkey,2015,30.89,37.49,22.19,26.14,30.89,4.75
Turkey,2016,33.62,40.8,23.65,27.04,33.62,6.58
Turkey,2017,37.68,44.73,26.26,27.74,37.68,9.94
Turkey,2018,40.95,46.31,27.51,28.88,40.95,12.07
Turkey,2019,42.87,46.86,27.51,29.28,42.87,13.59
Turkey,2020,47.58,46.86,27.51,32.08,47.58,15.5
Turkey,2021,51.5,47.15,27.51,33.07,51.5,18.43
Turkey,2022,54.26,48.53,27.51,33.43,54.26,20.83
Turkey,2023,61.39,48.53,27.51,33.97,61.39,27.42
Turkey,2024,67.35,48.53,27.51,34.25,67.35,33.1
Turkey,2025,74.54,48.53,27.51,34.29,74.54,40.25
Turkmenistan,2000,0,2.31,2.31,0,0,0
Turkmenistan,2001,0,2.31,2.31,0,0,0
Turkmenistan,2002,0,2.31,2.31,0,0,0
Turkmenistan,2003,0,2.43,2.43,0,0,0
Turkmenistan,2004,0,2.51,2.51,0,0,0
Turkmenistan,2005,0,2.51,2.51,0,0,0
Turkmenistan,2006,0,2.77,2.77,0,0,0
Turkmenistan,2007,0,3.02,3.02,0,0,0
Turkmenistan,2008,0,3.02,3.02,0,0,0
Turkmenistan,2009,0,3.02,3.02,0,0,0
Turkmenistan,2010,0,3.78,3.78,0,0,0
Turkmenistan,2011,0,3.78,3.78,0,0,0
Turkmenistan,2012,0,3.78,3.78,0,0,0
Turkmenistan,2013,0,3.78,3.78,0,0,0
Turkmenistan,2014,0,4.18,4.18,0,0,0
Turkmenistan,2015,0,4.69,4.69,0,0,0
Turkmenistan,2016,0,4.94,4.94,0,0,0
Turkmenistan,2017,0,4.94,4.94,0,0,0
Turkmenistan,2018,0,6.52,6.52,0,0,0
Turkmenistan,2019,0,6.52,6.52,0,0,0
Turkmenistan,2020,0,6.52,6.52,0,0,0
Turkmenistan,2021,0,6.95,6.95,0,0,0
Turkmenistan,2022,0,6.95,6.95,0,0,0
Turkmenistan,2023,0,7.09,7.09,0,0,0
Turkmenistan,2024,0,7.09,7.09,0,0,0
Turks and Caicos Islands (the),2000,0,0.01,0.01,0,0,0
Turks and Caicos Islands (the),2001,0,0.01,0.01,0,0,0
Turks and Caicos Islands (the),2002,0,0.02,0.02,0,0,0
Turks and Caicos Islands (the),2003,0,0.03,0.03,0,0,0
Turks and Caicos Islands (the),2004,0,0.03,0.03,0,0,0
Turks and Caicos Islands (the),2005,0,0.04,0.04,0,0,0
Turks and Caicos Islands (the),2006,0,0.04,0.04,0,0,0
Turks and Caicos Islands (the),2007,0,0.05,0.05,0,0,0
Turks and Caicos Islands (the),2008,0,0.05,0.05,0,0,0
Turks and Caicos Islands (the),2009,0,0.05,0.05,0,0,0
Turks and Caicos Islands (the),2010,0,0.06,0.06,0,0,0
Turks and Caicos Islands (the),2011,0,0.06,0.06,0,0,0
Turks and Caicos Islands (the),2012,0,0.08,0.08,0,0,0
Turks and Caicos Islands (the),2013,0,0.08,0.08,0,0,0
Turks and Caicos Islands (the),2014,0,0.08,0.08,0,0,0
Turks and Caicos Islands (the),2015,0,0.08,0.08,0,0,0
Turks and Caicos Islands (the),2016,0,0.08,0.08,0,0,0
Turks and Caicos Islands (the),2017,0,0.08,0.08,0,0,0
Turks and Caicos Islands (the),2018,0,0.09,0.09,0,0,0
Turks and Caicos Islands (the),2019,0,0.09,0.09,0,0,0
Turks and Caicos Islands (the),2020,0,0.09,0.09,0,0,0
Turks and Caicos Islands (the),2021,0,0.09,0.09,0,0,0
Turks and Caicos Islands (the),2022,0,0.09,0.09,0,0,0
Turks and Caicos Islands (the),2023,0,0.09,0.09,0,0,0
Turks and Caicos Islands (the),2024,0,0.1,0.1,0,0,0
Uganda,2000,0.26,0,0,0.26,0.26,0
Uganda,2001,0.26,0,0,0.26,0.26,0
Uganda,2002,0.3,0,0,0.3,0.3,0
Uganda,2003,0.3,0,0,0.3,0.3,0
Uganda,2004,0.3,0,0,0.3,0.3,0
Uganda,2005,0.31,0.05,0.05,0.31,0.31,0
Uganda,2006,0.31,0.1,0.1,0.31,0.31,0
Uganda,2007,0.31,0.1,0.1,0.31,0.31,0
Uganda,2008,0.42,0.2,0.2,0.42,0.42,0
Uganda,2009,0.43,0.15,0.15,0.43,0.43,0
Uganda,2010,0.45,0.17,0.17,0.45,0.45,0
Uganda,2011,0.45,0.17,0.17,0.45,0.45,0
Uganda,2012,0.6,0.12,0.12,0.6,0.6,0
Uganda,2013,0.73,0.1,0.1,0.73,0.73,0
Uganda,2014,0.74,0.14,0.14,0.74,0.74,0
Uganda,2015,0.75,0.14,0.14,0.75,0.75,0
Uganda,2016,0.76,0.14,0.14,0.75,0.76,0.01
Uganda,2017,0.82,0.14,0.14,0.79,0.82,0.03
Uganda,2018,0.89,0.1,0.1,0.84,0.89,0.05
Uganda,2019,1.16,0.1,0.1,1.1,1.16,0.06
Uganda,2020,1.2,0.1,0.1,1.13,1.2,0.07
Uganda,2021,1.26,0.1,0.1,1.18,1.26,0.08
Uganda,2022,1.29,0.1,0.1,1.21,1.29,0.08
Uganda,2023,1.72,0.1,0.1,1.62,1.72,0.1
Uganda,2024,1.92,0.1,0.1,1.82,1.92,0.1
Ukraine,2000,16.06,31.49,7.86,4.67,4.67,0
Ukraine,2001,16.1,31.49,7.86,4.67,4.71,0.04
Ukraine,2002,16.11,31.49,7.86,4.67,4.72,0.05
Ukraine,2003,16.11,31.49,7.86,4.67,4.72,0.05
Ukraine,2004,18.58,31.49,7.86,4.67,4.74,0.07
Ukraine,2005,18.59,31.57,7.94,4.67,4.75,0.08
Ukraine,2006,18.59,31.57,7.94,4.67,4.75,0.08
Ukraine,2007,18.63,31.57,7.94,4.71,4.79,0.08
Ukraine,2008,18.66,31.57,7.94,4.74,4.82,0.08
Ukraine,2009,18.49,31.57,7.94,4.56,4.65,0.09
Ukraine,2010,18.53,31.57,7.94,4.6,4.69,0.09
Ukraine,2011,18.79,31.57,7.94,4.61,4.95,0.34
Ukraine,2012,19.08,31.57,7.94,4.62,5.24,0.62
Ukraine,2013,19.61,31.57,7.94,4.66,5.77,1.11
Ukraine,2014,19.88,31.57,7.94,4.71,6.04,1.33
Ukraine,2015,19.94,31.57,7.94,4.75,6.1,1.35
Ukraine,2016,20.04,31.57,7.94,4.72,6.2,1.48
Ukraine,2017,20.36,31.57,7.94,4.77,6.52,1.75
Ukraine,2018,21.29,30.2,8.3,4.83,7.45,2.62
Ukraine,2019,26.04,30.94,9.04,5,12.2,7.2
Ukraine,2020,27.6,30.74,9.04,5.03,13.76,8.73
Ukraine,2021,28.75,30.74,9.26,5.09,14.91,9.82
Ukraine,2022,28.75,30.74,9.26,5.09,14.91,9.82
United Arab Emirates,2000,0,8.28,8.28,0,0,0
United Arab Emirates,2001,0,10.22,10.22,0,0,0
United Arab Emirates,2002,0,11.17,11.17,0,0,0
United Arab Emirates,2003,0,11.45,11.45,0,0,0
United Arab Emirates,2004,0,13.95,13.95,0,0,0
United Arab Emirates,2005,0,15.22,15.22,0,0,0
United Arab Emirates,2006,0,15.89,15.89,0,0,0
United Arab Emirates,2007,0,19.54,19.54,0,0,0
United Arab Emirates,2008,0,21.55,21.55,0,0,0
United Arab Emirates,2009,0.01,25.4,25.4,0,0.01,0.01
United Arab Emirates,2010,0.01,25.4,25.4,0,0.01,0.01
United Arab Emirates,2011,0.01,28.39,28.39,0,0.01,0.01
United Arab Emirates,2012,0.01,29.21,29.21,0,0.01,0.01
United Arab Emirates,2013,0.13,32.95,32.95,0,0.13,0.13
United Arab Emirates,2014,0.13,34.59,34.59,0,0.13,0.13
United Arab Emirates,2015,0.13,34.59,34.59,0,0.13,0.13
United Arab Emirates,2016,0.14,34.59,34.59,0,0.14,0.14
United Arab Emirates,2017,0.35,36.29,36.29,0,0.35,0.35
United Arab Emirates,2018,0.6,36.49,36.49,0,0.6,0.6
United Arab Emirates,2019,1.94,37.32,37.32,0,1.94,1.94
United Arab Emirates,2020,3.72,37.92,37.32,0,2.33,2.33
United Arab Emirates,2021,4.39,38.98,37.78,0,3,3
United Arab Emirates,2022,6.39,38.96,38.96,0.01,3.61,3.6
United Arab Emirates,2023,10.22,41.7,41.7,0.01,6.05,6.04
United Arab Emirates,2024,12.18,41.7,41.7,0.01,6.62,6.61
United Kingdom,2000,15.39,59.2,24.54,2.47,2.9,0.43
United Kingdom,2001,15.69,59.77,25.11,2.71,3.2,0.49
United Kingdom,2002,15.5,60.11,26.45,2.72,3.26,0.54
United Kingdom,2003,15.49,58.96,27.38,2.89,3.64,0.75
United Kingdom,2004,15.86,60.8,29.22,3.07,4.01,0.94
United Kingdom,2005,16.76,61.01,29.43,3.34,4.91,1.57
United Kingdom,2006,16.39,61.56,29.98,3.45,5.42,1.97
United Kingdom,2007,17,61.53,30.01,3.52,6.02,2.5
United Kingdom,2008,18.04,61.87,30.35,3.59,7.06,3.47
United Kingdom,2009,19.16,63.54,32.02,3.85,8.3,4.45
United Kingdom,2010,20.48,64.87,33.35,4.11,9.62,5.51
United Kingdom,2011,23.44,66.41,36.96,5.18,12.78,7.6
United Kingdom,2012,25.85,65.25,37.97,5.12,15.9,10.78
United Kingdom,2013,29.94,61.35,38.25,5.81,20.03,14.22
United Kingdom,2014,34.82,59.85,38.63,6.28,24.88,18.6
United Kingdom,2015,40.28,57.57,36.81,6.89,30.79,23.9
United Kingdom,2016,44.7,53.44,38,7.4,35.44,28.04
United Kingdom,2017,49.3,53.04,37.84,7.7,40.04,32.34
United Kingdom,2018,53.18,49.79,37.42,9.25,43.92,34.67
United Kingdom,2019,55.92,47.92,38.27,9.43,46.66,37.23
United Kingdom,2020,54.84,44.46,38.13,8.78,47.01,38.23
United Kingdom,2021,56.69,44.79,38.46,8.86,48.86,40
United Kingdom,2022,58.35,43.95,38.72,8.9,52.47,43.57
United Kingdom,2023,61.37,41.82,39.65,8.9,55.49,46.59
United Kingdom,2024,66.23,40.33,40.33,9.2,60.35,51.15
United Kingdom,2025,70.14,40.6,40.6,9.2,64.26,55.06
United States of America,2000,191.32,554.54,220.44,90.49,93.46,2.97
United States of America,2001,192.69,599.16,263.98,90.21,94.53,4.32
United States of America,2002,194.66,658.1,322.43,91.12,96,4.88
United States of America,2003,196.33,712.18,377.83,90.45,97.12,6.67
United States of America,2004,196.68,735.62,401.25,89.84,97.05,7.21
United States of America,2005,199.42,751.17,416.65,89.84,99.43,9.59
United States of America,2006,203.15,762.33,427.51,90.39,102.82,12.43
United States of America,2007,209.39,766.75,433.23,91.17,109.12,17.95
United States of America,2008,218.58,778.63,444.18,91.56,117.83,26.27
United States of America,2009,229.73,789.95,454.13,92.34,128.73,36.39
United States of America,2010,236.48,800.44,461.19,92.8,135.31,42.51
United States of America,2011,245.58,808.56,468.47,92.84,144.16,51.32
United States of America,2012,263.24,808.05,474.37,93.66,161.35,67.69
United States of America,2013,267.43,807.67,478.98,95.18,168.19,73.01
United States of America,2014,276.26,812.44,488.26,95.81,177.69,81.88
United States of America,2015,291.01,795.49,493.94,96.33,192.34,96.01
United States of America,2016,312.15,793.1,506.55,96.57,212.58,116.01
United States of America,2017,326.82,795.41,517.73,96.48,227.19,130.71
United States of America,2018,341.86,805.51,543.76,96.34,242.43,146.09
United States of America,2019,358.3,798.72,553.22,95.68,260.18,164.5
United States of America,2020,386.47,787.57,553.73,95.7,289.97,194.27
United States of America,2021,418.78,786.24,561.1,95.59,323.23,227.64
United States of America,2022,444.5,780.43,570.46,95.5,349.84,254.34
United States of America,2023,478.3,776.2,576.43,95.14,382.59,287.45
United States of America,2024,521.98,771.82,579.08,94.91,425.15,330.24
United States of America,2025,562.09,771.16,582.3,94.76,465.2,370.44
Uruguay,2000,1.56,0.55,0.55,1.56,1.56,0
Uruguay,2001,1.56,0.51,0.51,1.56,1.56,0
Uruguay,2002,1.55,0.51,0.51,1.55,1.55,0
Uruguay,2003,1.55,0.51,0.51,1.55,1.55,0
Uruguay,2004,1.55,0.5,0.5,1.55,1.55,0
Uruguay,2005,1.55,0.5,0.5,1.55,1.55,0
Uruguay,2006,1.55,0.7,0.7,1.55,1.55,0
Uruguay,2007,1.71,0.69,0.69,1.71,1.71,0
Uruguay,2008,1.72,0.8,0.8,1.71,1.72,0.01
Uruguay,2009,1.74,0.88,0.88,1.71,1.74,0.03
Uruguay,2010,1.81,0.88,0.88,1.77,1.81,0.04
Uruguay,2011,1.82,0.88,0.88,1.78,1.82,0.04
Uruguay,2012,1.83,1.08,1.08,1.78,1.83,0.05
Uruguay,2013,2.01,1.27,1.27,1.95,2.01,0.06
Uruguay,2014,2.43,1.27,1.27,1.95,2.43,0.48
Uruguay,2015,2.88,1.1,1.1,1.96,2.88,0.92
Uruguay,2016,3.26,0.65,0.65,1.96,3.26,1.3
Uruguay,2017,3.71,0.83,0.83,1.96,3.71,1.75
Uruguay,2018,3.72,1.19,1.19,1.96,3.72,1.76
Uruguay,2019,3.73,1.18,1.18,1.96,3.73,1.77
Uruguay,2020,3.74,1.18,1.18,1.96,3.74,1.78
Uruguay,2021,3.75,1.18,1.18,1.96,3.75,1.79
Uruguay,2022,3.76,1.18,1.18,1.96,3.76,1.8
Uruguay,2023,4.1,1.18,1.18,2.28,4.1,1.82
Uruguay,2024,4.14,1.18,1.18,2.28,4.14,1.86
Uruguay,2025,4.14,1.18,1.18,2.28,4.14,1.86
Uzbekistan,2000,1.6,9.75,7.17,1.6,1.6,0
Uzbekistan,2001,1.6,9.75,7.17,1.6,1.6,0
Uzbekistan,2002,1.6,9.75,7.17,1.6,1.6,0
Uzbekistan,2003,1.6,9.75,7.17,1.6,1.6,0
Uzbekistan,2004,1.75,10.55,7.97,1.75,1.75,0
Uzbekistan,2005,1.71,10.55,7.97,1.71,1.71,0
Uzbekistan,2006,1.71,10.55,7.97,1.71,1.71,0
Uzbekistan,2007,1.71,10.55,7.97,1.71,1.71,0
Uzbekistan,2008,1.74,10.55,7.97,1.74,1.74,0
Uzbekistan,2009,1.74,10.55,7.97,1.74,1.74,0
Uzbekistan,2010,1.79,10.55,7.97,1.79,1.79,0
Uzbekistan,2011,1.79,10.55,7.97,1.79,1.79,0
Uzbekistan,2012,1.82,11.03,8.45,1.82,1.82,0
Uzbekistan,2013,1.82,11.03,8.45,1.82,1.82,0
Uzbekistan,2014,1.87,11.03,8.45,1.87,1.87,0
Uzbekistan,2015,1.88,11.49,8.91,1.88,1.88,0
Uzbekistan,2016,1.88,11.85,9.36,1.88,1.88,0
Uzbekistan,2017,1.86,12.3,9.81,1.86,1.86,0
Uzbekistan,2018,1.91,12.3,9.81,1.91,1.91,0
Uzbekistan,2019,1.91,12.75,10.26,1.91,1.91,0
Uzbekistan,2020,2.02,14.03,11.54,2.02,2.02,0
Uzbekistan,2021,2.05,14.3,11.81,2.05,2.05,0
Uzbekistan,2022,2.43,15.4,12.91,2.23,2.43,0.2
Uzbekistan,2023,3.25,14.95,12.46,2.38,3.25,0.87
Uzbekistan,2024,6.08,16.88,14.39,2.39,6.08,3.69
Uzbekistan,2025,10.02,16.88,14.49,2.44,10.02,7.58
Vanuatu,2000,0,0.02,0.02,0,0,0
Vanuatu,2001,0,0.02,0.02,0,0,0
Vanuatu,2002,0,0.02,0.02,0,0,0
Vanuatu,2003,0,0.02,0.02,0,0,0
Vanuatu,2004,0,0.02,0.02,0,0,0
Vanuatu,2005,0,0.02,0.02,0,0,0
Vanuatu,2006,0,0.02,0.02,0,0,0
Vanuatu,2007,0,0.02,0.02,0,0,0
Vanuatu,2008,0,0.02,0.02,0,0,0
Vanuatu,2009,0,0.02,0.02,0,0,0
Vanuatu,2010,0,0.02,0.02,0,0,0
Vanuatu,2011,0,0.02,0.02,0,0,0
Vanuatu,2012,0,0.02,0.02,0,0,0
Vanuatu,2013,0,0.02,0.02,0,0,0
Vanuatu,2014,0,0.02,0.02,0,0,0
Vanuatu,2015,0,0.02,0.02,0,0,0
Vanuatu,2016,0,0.02,0.02,0,0,0
Vanuatu,2017,0,0.02,0.02,0,0,0
Vanuatu,2018,0,0.02,0.02,0,0,0
Vanuatu,2019,0,0.02,0.02,0,0,0
Vanuatu,2020,0,0.02,0.02,0,0,0
Vanuatu,2021,0,0.02,0.02,0,0,0
Vanuatu,2022,0,0.02,0.02,0,0,0
Vanuatu,2023,0,0.02,0.02,0,0,0
Venezuela (Bolivarian Republic of),2000,13.21,6.99,6.99,13.21,13.21,0
Venezuela (Bolivarian Republic of),2001,13.21,6.99,6.99,13.21,13.21,0
Venezuela (Bolivarian Republic of),2002,12.49,6.99,6.99,12.49,12.49,0
Venezuela (Bolivarian Republic of),2003,13.22,6.99,6.99,13.22,13.22,0
Venezuela (Bolivarian Republic of),2004,13.87,6.99,6.99,13.87,13.87,0
Venezuela (Bolivarian Republic of),2005,14.41,6.99,6.99,14.41,14.41,0
Venezuela (Bolivarian Republic of),2006,14.6,7.29,7.29,14.6,14.6,0
Venezuela (Bolivarian Republic of),2007,14.6,8.01,8.01,14.6,14.6,0
Venezuela (Bolivarian Republic of),2008,14.6,8.75,8.75,14.6,14.6,0
Venezuela (Bolivarian Republic of),2009,14.62,9.62,9.62,14.62,14.62,0
Venezuela (Bolivarian Republic of),2010,14.63,10.5,10.5,14.63,14.63,0
Venezuela (Bolivarian Republic of),2011,14.63,11.34,11.34,14.63,14.63,0
Venezuela (Bolivarian Republic of),2012,14.66,12.54,12.54,14.63,14.66,0.03
Venezuela (Bolivarian Republic of),2013,14.94,13.97,13.97,14.89,14.94,0.05
Venezuela (Bolivarian Republic of),2014,14.94,14.45,14.45,14.89,14.94,0.05
Venezuela (Bolivarian Republic of),2015,15.2,15.28,15.28,15.15,15.2,0.05
Venezuela (Bolivarian Republic of),2016,16.89,16.04,16.04,16.84,16.89,0.05
Venezuela (Bolivarian Republic of),2017,16.89,16.17,16.17,16.84,16.89,0.05
Venezuela (Bolivarian Republic of),2018,16.97,16.8,16.8,16.92,16.97,0.05
Venezuela (Bolivarian Republic of),2019,16.89,16.77,16.77,16.84,16.89,0.05
Venezuela (Bolivarian Republic of),2020,16.89,16.77,16.77,16.84,16.89,0.05
Venezuela (Bolivarian Republic of),2021,17.02,16.77,16.77,16.97,17.02,0.05
Venezuela (Bolivarian Republic of),2022,17.02,16.77,16.77,16.97,17.02,0.05
Venezuela (Bolivarian Republic of),2023,17.02,17.07,17.07,16.97,17.02,0.05
Venezuela (Bolivarian Republic of),2024,17.02,17.07,17.07,16.97,17.02,0.05
Viet Nam,2000,3.4,2.43,1.88,3.4,3.4,0
Viet Nam,2001,3.94,2.43,1.88,3.94,3.94,0
Viet Nam,2002,4.25,3.02,1.88,4.25,4.25,0
Viet Nam,2003,4.3,3.5,2.36,4.3,4.3,0
Viet Nam,2004,4.34,4.96,3.57,4.34,4.34,0
Viet Nam,2005,4.4,5.69,4.3,4.4,4.4,0
Viet Nam,2006,4.64,5.81,4.3,4.64,4.64,0
Viet Nam,2007,5.04,6.58,4.77,5.04,5.04,0
Viet Nam,2008,6.04,8.08,6.27,6.04,6.04,0
Viet Nam,2009,7.32,9.4,7.07,7.31,7.32,0.01
Viet Nam,2010,8.81,9.7,7.07,8.78,8.81,0.03
Viet Nam,2011,10.24,11.73,7.82,10.21,10.24,0.03
Viet Nam,2012,13.71,12.18,7.82,13.68,13.71,0.03
Viet Nam,2013,14.9,13.22,7.82,14.85,14.9,0.05
Viet Nam,2014,16.01,16.22,7.82,15.95,16.01,0.06
Viet Nam,2015,17,21.02,8.15,16.85,17,0.15
Viet Nam,2016,18.28,21.32,8.15,18.11,18.28,0.17
Viet Nam,2017,18.29,23.62,8.15,18.08,18.29,0.21
Viet Nam,2018,18.71,25.77,8.15,18.37,18.71,0.34
Viet Nam,2019,26.07,26.97,8.15,20.71,26.07,5.36
Viet Nam,2020,38.39,28.26,8.15,21.21,38.39,17.18
Viet Nam,2021,43,30.66,8.15,22.22,43,20.78
Viet Nam,2022,44.68,32.58,8.15,22.91,44.68,21.77
Viet Nam,2023,47.78,34.49,8.15,23.3,47.78,24.48
Viet Nam,2024,48.98,35.21,8.15,24.13,48.98,24.85
Viet Nam,2025,50.59,37.49,9.77,25.1,50.59,25.49
Virgin Islands (British),2000,0,0.03,0.03,0,0,0
Virgin Islands (British),2001,0,0.05,0.05,0,0,0
Virgin Islands (British),2002,0,0.05,0.05,0,0,0
Virgin Islands (British),2003,0,0.05,0.05,0,0,0
Virgin Islands (British),2004,0,0.05,0.05,0,0,0
Virgin Islands (British),2005,0,0.05,0.05,0,0,0
Virgin Islands (British),2006,0,0.04,0.04,0,0,0
Virgin Islands (British),2007,0,0.05,0.05,0,0,0
Virgin Islands (British),2008,0,0.05,0.05,0,0,0
Virgin Islands (British),2009,0,0.05,0.05,0,0,0
Virgin Islands (British),2010,0,0.05,0.05,0,0,0
Virgin Islands (British),2011,0,0.05,0.05,0,0,0
Virgin Islands (British),2012,0,0.05,0.05,0,0,0
Virgin Islands (British),2013,0,0.05,0.05,0,0,0
Virgin Islands (British),2014,0,0.05,0.05,0,0,0
Virgin Islands (British),2015,0,0.05,0.05,0,0,0
Virgin Islands (British),2016,0,0.05,0.05,0,0,0
Virgin Islands (British),2017,0,0.06,0.06,0,0,0
Virgin Islands (British),2018,0,0.06,0.06,0,0,0
Virgin Islands (British),2019,0,0.06,0.06,0,0,0
Virgin Islands (British),2020,0,0.06,0.06,0,0,0
Virgin Islands (British),2021,0,0.06,0.06,0,0,0
Virgin Islands (British),2022,0,0.06,0.06,0,0,0
Virgin Islands (British),2023,0,0.06,0.06,0,0,0
Virgin Islands (U.S.),2000,0,0.24,0.24,0,0,0
Virgin Islands (U.S.),2001,0,0.27,0.27,0,0,0
Virgin Islands (U.S.),2002,0,0.27,0.27,0,0,0
Virgin Islands (U.S.),2003,0,0.27,0.27,0,0,0
Virgin Islands (U.S.),2004,0,0.31,0.31,0,0,0
Virgin Islands (U.S.),2005,0,0.31,0.31,0,0,0
Virgin Islands (U.S.),2006,0,0.31,0.31,0,0,0
Virgin Islands (U.S.),2007,0,0.31,0.31,0,0,0
Virgin Islands (U.S.),2008,0,0.31,0.31,0,0,0
Virgin Islands (U.S.),2009,0,0.31,0.31,0,0,0
Virgin Islands (U.S.),2010,0,0.31,0.31,0,0,0
Virgin Islands (U.S.),2011,0,0.31,0.31,0,0,0
Virgin Islands (U.S.),2012,0,0.33,0.33,0,0,0
Virgin Islands (U.S.),2013,0,0.32,0.32,0,0,0
Virgin Islands (U.S.),2014,0,0.32,0.32,0,0,0
Virgin Islands (U.S.),2015,0.01,0.32,0.32,0,0.01,0.01
Virgin Islands (U.S.),2016,0.01,0.32,0.32,0,0.01,0.01
Virgin Islands (U.S.),2017,0,0.24,0.24,0,0,0
Virgin Islands (U.S.),2018,0.01,0.33,0.33,0,0.01,0.01
Virgin Islands (U.S.),2019,0.01,0.33,0.33,0,0.01,0.01
Virgin Islands (U.S.),2020,0.01,0.33,0.33,0,0.01,0.01
Virgin Islands (U.S.),2021,0.01,0.33,0.33,0,0.01,0.01
Virgin Islands (U.S.),2022,0.01,0.33,0.33,0,0.01,0.01
Virgin Islands (U.S.),2023,0.01,0.33,0.33,0,0.01,0.01
Western Sahara,2000,NA,0,0,NA,NA,NA
Western Sahara,2001,NA,0,0,NA,NA,NA
Western Sahara,2002,NA,0,0,NA,NA,NA
Western Sahara,2003,NA,0,0,NA,NA,NA
Western Sahara,2004,NA,0,0,NA,NA,NA
Western Sahara,2005,NA,0,0,NA,NA,NA
Western Sahara,2006,NA,0,0,NA,NA,NA
Western Sahara,2007,NA,0,0,NA,NA,NA
Western Sahara,2008,NA,0,0,NA,NA,NA
Western Sahara,2009,NA,0,0,NA,NA,NA
Yemen,2000,0,0.88,0.88,0,0,0
Yemen,2001,0,0.88,0.88,0,0,0
Yemen,2002,0,0.96,0.96,0,0,0
Yemen,2003,0,1,1,0,0,0
Yemen,2004,0,1.11,1.11,0,0,0
Yemen,2005,0,1.11,1.11,0,0,0
Yemen,2006,0,1.06,1.06,0,0,0
Yemen,2007,0,1.16,1.16,0,0,0
Yemen,2008,0,1.22,1.22,0,0,0
Yemen,2009,0,1.22,1.22,0,0,0
Yemen,2010,0,1.62,1.62,0,0,0
Yemen,2011,0,1.58,1.58,0,0,0
Yemen,2012,0,1.58,1.58,0,0,0
Yemen,2013,0,1.6,1.6,0,0,0
Yemen,2014,0.01,1.63,1.63,0,0.01,0.01
Yemen,2015,0.06,1.63,1.63,0,0.06,0.06
Yemen,2016,0.08,1.63,1.63,0,0.08,0.08
Yemen,2017,0.1,1.63,1.63,0,0.1,0.1
Yemen,2018,0.25,1.63,1.63,0,0.25,0.25
Yemen,2019,0.25,1.72,1.72,0,0.25,0.25
Yemen,2020,0.26,1.74,1.74,0,0.26,0.26
Yemen,2021,0.26,1.98,1.98,0,0.26,0.26
Yemen,2022,0.26,2.24,2.24,0,0.26,0.26
Yemen,2023,0.28,2.24,2.24,0,0.28,0.28
Yemen,2024,0.4,2.24,2.24,0,0.4,0.4
Zambia,2000,1.8,0.09,0.09,1.8,1.8,0
Zambia,2001,1.8,0.09,0.09,1.8,1.8,0
Zambia,2002,1.8,0.09,0.09,1.8,1.8,0
Zambia,2003,1.74,0.09,0.09,1.74,1.74,0
Zambia,2004,1.74,0.09,0.09,1.74,1.74,0
Zambia,2005,1.74,0.09,0.09,1.74,1.74,0
Zambia,2006,1.74,0.09,0.09,1.74,1.74,0
Zambia,2007,1.68,0.09,0.09,1.68,1.68,0
Zambia,2008,1.71,0.09,0.09,1.71,1.71,0
Zambia,2009,1.72,0.09,0.09,1.72,1.72,0
Zambia,2010,1.93,0.09,0.09,1.93,1.93,0
Zambia,2011,1.93,0.09,0.09,1.93,1.93,0
Zambia,2012,1.94,0.09,0.09,1.94,1.94,0
Zambia,2013,2.3,0.07,0.07,2.3,2.3,0
Zambia,2014,2.3,0.14,0.14,2.3,2.3,0
Zambia,2015,2.31,0.17,0.14,2.31,2.31,0
Zambia,2016,2.43,0.47,0.14,2.43,2.43,0
Zambia,2017,2.44,0.53,0.2,2.44,2.44,0
Zambia,2018,2.44,0.52,0.19,2.44,2.44,0
Zambia,2019,2.53,0.52,0.19,2.44,2.53,0.09
Zambia,2020,2.53,0.52,0.19,2.44,2.53,0.09
Zambia,2021,2.84,0.52,0.19,2.75,2.84,0.09
Zambia,2022,3.31,0.52,0.19,3.21,3.31,0.1
Zambia,2023,3.34,0.52,0.19,3.21,3.34,0.13
Zambia,2024,3.4,0.54,0.21,3.21,3.4,0.19
Zimbabwe,2000,0.73,0.95,0,0.73,0.73,0
Zimbabwe,2001,0.73,0.95,0,0.73,0.73,0
Zimbabwe,2002,0.75,0.95,0,0.75,0.75,0
Zimbabwe,2003,0.75,0.95,0,0.75,0.75,0
Zimbabwe,2004,0.75,0.95,0,0.75,0.75,0
Zimbabwe,2005,0.75,0.95,0,0.75,0.75,0
Zimbabwe,2006,0.75,0.95,0,0.75,0.75,0
Zimbabwe,2007,0.75,0.95,0,0.75,0.75,0
Zimbabwe,2008,0.83,0.95,0,0.83,0.83,0
Zimbabwe,2009,0.83,0.95,0,0.83,0.83,0
Zimbabwe,2010,0.83,0.95,0,0.83,0.83,0
Zimbabwe,2011,0.85,0.96,0.01,0.85,0.85,0
Zimbabwe,2012,0.85,0.96,0.01,0.85,0.85,0
Zimbabwe,2013,0.86,0.96,0.01,0.86,0.86,0
Zimbabwe,2014,0.86,0.96,0.01,0.86,0.86,0
Zimbabwe,2015,0.87,0.96,0.01,0.87,0.87,0
Zimbabwe,2016,0.88,0.96,0.01,0.88,0.88,0
Zimbabwe,2017,0.88,0.96,0.01,0.88,0.88,0
Zimbabwe,2018,1.19,0.96,0.01,1.18,1.19,0.01
Zimbabwe,2019,1.19,0.96,0.01,1.18,1.19,0.01
Zimbabwe,2020,1.19,0.96,0.01,1.18,1.19,0.01
Zimbabwe,2021,1.21,0.96,0.01,1.18,1.21,0.03
Zimbabwe,2022,1.22,1.01,0.01,1.18,1.22,0.04
Zimbabwe,2023,1.23,1.34,0.01,1.18,1.23,0.05
Zimbabwe,2024,1.28,1.68,0.01,1.18,1.28,0.1
