year,age,sex,n,deaths
1981,0,Females,33266,345
1981,0,Males,35263,435
1981,1,Females,32581,23
1981,1,Males,34142,23
1981,2,Females,30995,12
1981,2,Males,33070,17
1981,3,Females,29205,5
1981,3,Males,30363,17
1981,4,Females,28643,6
1981,4,Males,30380,14
1981,5,Females,31299,8
1981,5,Males,33216,15
1981,6,Females,32077,7
1981,6,Males,33496,13
1981,7,Females,32738,6
1981,7,Males,34533,5
1981,8,Females,35159,6
1981,8,Males,37219,7
1981,9,Females,38287,8
1981,9,Males,39689,10
1981,10,Females,40381,7
1981,10,Males,42488,14
1981,11,Females,40762,7
1981,11,Males,42650,16
1981,12,Females,42130,6
1981,12,Males,44582,14
1981,13,Females,43476,11
1981,13,Males,45545,10
1981,14,Females,43879,12
1981,14,Males,46819,12
1981,15,Females,43894,13
1981,15,Males,46229,27
1981,16,Females,46361,8
1981,16,Males,48685,26
1981,17,Females,45919,15
1981,17,Males,47385,49
1981,18,Females,44822,16
1981,18,Males,46227,59
1981,19,Females,44173,16
1981,19,Males,45619,47
1981,20,Females,43551,18
1981,20,Males,44538,59
1981,21,Females,42042,15
1981,21,Males,43882,53
1981,22,Females,41338,12
1981,22,Males,42370,45
1981,23,Females,39828,13
1981,23,Males,40591,44
1981,24,Females,38152,11
1981,24,Males,39140,49
1981,25,Females,36938,16
1981,25,Males,38160,46
1981,26,Females,35674,16
1981,26,Males,36135,48
1981,27,Females,35386,22
1981,27,Males,35827,38
1981,28,Females,34628,12
1981,28,Males,35202,29
1981,29,Females,33546,16
1981,29,Males,33821,42
1981,30,Females,34373,27
1981,30,Males,34815,44
1981,31,Females,34566,16
1981,31,Males,35130,35
1981,32,Females,35848,23
1981,32,Males,36297,44
1981,33,Females,37513,32
1981,33,Males,37814,45
1981,34,Females,40860,33
1981,34,Males,41185,68
1981,35,Females,31690,21
1981,35,Males,31863,45
1981,36,Females,30464,32
1981,36,Males,30567,59
1981,37,Females,31699,31
1981,37,Males,31809,66
1981,38,Females,31623,37
1981,38,Males,31090,58
1981,39,Females,30073,42
1981,39,Males,29290,73
1981,40,Females,28733,44
1981,40,Males,27789,80
1981,41,Females,30091,45
1981,41,Males,28926,101
1981,42,Females,30063,63
1981,42,Males,29120,106
1981,43,Females,30039,62
1981,43,Males,29259,105
1981,44,Females,30199,76
1981,44,Males,28523,123
1981,45,Females,29952,83
1981,45,Males,28503,153
1981,46,Females,29638,83
1981,46,Males,28312,139
1981,47,Females,29182,101
1981,47,Males,28173,167
1981,48,Females,29375,100
1981,48,Males,27904,207
1981,49,Females,30708,141
1981,49,Males,28817,196
1981,50,Females,30663,160
1981,50,Males,28804,245
1981,51,Females,30963,161
1981,51,Males,28552,261
1981,52,Females,30613,168
1981,52,Males,28386,302
1981,53,Females,30046,205
1981,53,Males,28082,318
1981,54,Females,30446,212
1981,54,Males,28114,342
1981,55,Females,31183,229
1981,55,Males,28780,394
1981,56,Females,30244,269
1981,56,Males,27977,424
1981,57,Females,30754,286
1981,57,Males,28060,468
1981,58,Females,30260,327
1981,58,Males,27169,540
1981,59,Females,31972,341
1981,59,Males,28581,603
1981,60,Females,33018,405
1981,60,Males,28293,652
1981,61,Females,34812,455
1981,61,Males,29191,697
1981,62,Females,25021,377
1981,62,Males,20397,547
1981,63,Females,23992,412
1981,63,Males,19464,562
1981,64,Females,25461,455
1981,64,Males,20772,619
1981,65,Females,27038,514
1981,65,Males,21449,685
1981,66,Females,29028,604
1981,66,Males,22613,852
1981,67,Females,28901,628
1981,67,Males,22174,916
1981,68,Females,27871,687
1981,68,Males,21551,1033
1981,69,Females,27091,854
1981,69,Males,20436,1051
1981,70,Females,26582,812
1981,70,Males,19297,1069
1981,71,Females,26267,838
1981,71,Males,18446,1111
1981,72,Females,25504,986
1981,72,Males,17453,1190
1981,73,Females,24442,977
1981,73,Males,16190,1175
1981,74,Females,22638,1035
1981,74,Males,14575,1111
1981,75,Females,22099,1032
1981,75,Males,13257,1117
1981,76,Females,20717,1030
1981,76,Males,11868,1118
1981,77,Females,19414,1111
1981,77,Males,10509,1030
1981,78,Females,17730,1110
1981,78,Males,9246,1037
1981,79,Females,16297,1192
1981,79,Males,7975,918
1981,80,Females,15094,1232
1981,80,Males,6783,927
1981,81,Females,13650,1207
1981,81,Males,5731,793
1981,82,Females,11349,1186
1981,82,Males,4499,678
1981,83,Females,10014,1060
1981,83,Males,3633,622
1981,84,Females,8759,984
1981,84,Males,3019,548
1981,85,Females,7686,938
1981,85,Males,2471,477
1981,86,Females,6187,940
1981,86,Males,2042,405
1981,87,Females,5156,869
1981,87,Males,1639,359
1981,88,Females,4329,806
1981,88,Males,1250,283
1981,89,Females,3371,664
1981,89,Males,968,229
1981,90,Females,10859,2590
1981,90,Males,2712,795
1982,0,Females,32590,317
1982,0,Males,34004,436
1982,1,Females,33052,19
1982,1,Males,35011,39
1982,2,Females,32426,14
1982,2,Males,33963,18
1982,3,Females,30878,10
1982,3,Males,32932,15
1982,4,Females,29106,7
1982,4,Males,30336,5
1982,5,Females,28565,10
1982,5,Males,30346,10
1982,6,Females,31176,7
1982,6,Males,33124,12
1982,7,Females,32018,6
1982,7,Males,33369,7
1982,8,Females,32632,6
1982,8,Males,34367,12
1982,9,Females,35105,6
1982,9,Males,37043,12
1982,10,Females,38180,10
1982,10,Males,39537,12
1982,11,Females,40300,4
1982,11,Males,42220,14
1982,12,Females,40715,12
1982,12,Males,42438,11
1982,13,Females,42078,9
1982,13,Males,44348,12
1982,14,Females,43396,10
1982,14,Males,45380,20
1982,15,Females,43817,10
1982,15,Males,46606,34
1982,16,Females,43772,10
1982,16,Males,45715,28
1982,17,Females,46126,21
1982,17,Males,48201,45
1982,18,Females,45692,20
1982,18,Males,47000,56
1982,19,Females,44627,17
1982,19,Males,45953,57
1982,20,Females,43842,17
1982,20,Males,45553,47
1982,21,Females,43035,12
1982,21,Males,44261,42
1982,22,Females,41667,7
1982,22,Males,43419,50
1982,23,Females,40636,18
1982,23,Males,41711,46
1982,24,Females,39247,6
1982,24,Males,39956,40
1982,25,Females,37766,16
1982,25,Males,38512,40
1982,26,Females,36680,11
1982,26,Males,37744,51
1982,27,Females,35398,21
1982,27,Males,35821,35
1982,28,Females,35215,19
1982,28,Males,35555,24
1982,29,Females,34407,19
1982,29,Males,34855,39
1982,30,Females,33425,16
1982,30,Males,33562,42
1982,31,Females,34272,20
1982,31,Males,34565,42
1982,32,Females,34401,22
1982,32,Males,34951,43
1982,33,Females,35699,27
1982,33,Males,36031,45
1982,34,Females,37397,32
1982,34,Males,37577,49
1982,35,Females,40710,39
1982,35,Males,40943,65
1982,36,Females,31540,30
1982,36,Males,31628,47
1982,37,Females,30398,36
1982,37,Males,30396,50
1982,38,Females,31658,39
1982,38,Males,31556,57
1982,39,Females,31527,44
1982,39,Males,30938,69
1982,40,Females,29926,55
1982,40,Males,29149,84
1982,41,Females,28632,47
1982,41,Males,27644,79
1982,42,Females,29939,54
1982,42,Males,28755,86
1982,43,Females,29951,64
1982,43,Males,28997,87
1982,44,Females,29926,71
1982,44,Males,29127,109
1982,45,Females,30089,91
1982,45,Males,28315,135
1982,46,Females,29818,123
1982,46,Males,28319,131
1982,47,Females,29525,100
1982,47,Males,28117,172
1982,48,Females,29085,84
1982,48,Males,27934,157
1982,49,Females,29259,117
1982,49,Males,27635,200
1982,50,Females,30532,160
1982,50,Males,28561,222
1982,51,Females,30499,160
1982,51,Males,28569,266
1982,52,Females,30766,193
1982,52,Males,28281,286
1982,53,Females,30400,200
1982,53,Males,28069,290
1982,54,Females,29838,216
1982,54,Males,27759,336
1982,55,Females,30230,230
1982,55,Males,27759,380
1982,56,Females,30915,260
1982,56,Males,28381,411
1982,57,Females,30018,305
1982,57,Males,27485,496
1982,58,Females,30426,318
1982,58,Males,27568,548
1982,59,Females,29959,326
1982,59,Males,26629,563
1982,60,Females,31627,410
1982,60,Males,28013,611
1982,61,Females,32581,433
1982,61,Males,27644,676
1982,62,Females,34313,450
1982,62,Males,28494,734
1982,63,Females,24612,395
1982,63,Males,19818,589
1982,64,Females,23580,425
1982,64,Males,18881,661
1982,65,Females,24976,482
1982,65,Males,20130,696
1982,66,Females,26500,559
1982,66,Males,20697,822
1982,67,Females,28375,659
1982,67,Males,21749,873
1982,68,Females,28185,720
1982,68,Males,21205,975
1982,69,Females,27094,757
1982,69,Males,20504,1029
1982,70,Females,26247,809
1982,70,Males,19381,1055
1982,71,Females,25740,819
1982,71,Males,18215,1056
1982,72,Females,25326,944
1982,72,Males,17289,1152
1982,73,Females,24459,1026
1982,73,Males,16254,1162
1982,74,Females,23411,960
1982,74,Males,15013,1195
1982,75,Females,21600,1079
1982,75,Males,13388,1146
1982,76,Females,20950,1151
1982,76,Males,12061,1135
1982,77,Females,19513,1254
1982,77,Males,10741,1072
1982,78,Females,18162,1199
1982,78,Males,9445,1016
1982,79,Females,16512,1225
1982,79,Males,8225,1002
1982,80,Females,15013,1272
1982,80,Males,7007,944
1982,81,Females,13797,1232
1982,81,Males,5885,801
1982,82,Females,12380,1216
1982,82,Males,4915,748
1982,83,Females,10144,1122
1982,83,Males,3786,648
1982,84,Females,8905,1117
1982,84,Males,3029,540
1982,85,Females,7687,1095
1982,85,Males,2486,488
1982,86,Females,6649,1021
1982,86,Males,1985,391
1982,87,Females,5221,865
1982,87,Males,1642,348
1982,88,Females,4256,838
1982,88,Males,1291,310
1982,89,Females,3509,740
1982,89,Males,950,254
1982,90,Females,10977,2797
1982,90,Males,2732,856
1983,0,Females,31699,266
1983,0,Males,33411,380
1983,1,Females,32325,18
1983,1,Males,33690,26
1983,2,Females,32902,12
1983,2,Males,34821,15
1983,3,Females,32279,10
1983,3,Males,33747,13
1983,4,Females,30845,11
1983,4,Males,32788,13
1983,5,Females,29069,10
1983,5,Males,30258,13
1983,6,Females,28512,5
1983,6,Males,30262,11
1983,7,Females,31186,5
1983,7,Males,33050,13
1983,8,Females,31934,6
1983,8,Males,33233,7
1983,9,Females,32545,7
1983,9,Males,34266,9
1983,10,Females,35073,5
1983,10,Males,36989,8
1983,11,Females,38094,5
1983,11,Males,39422,15
1983,12,Females,40311,4
1983,12,Males,42012,9
1983,13,Females,40639,8
1983,13,Males,42233,20
1983,14,Females,42010,11
1983,14,Males,44151,13
1983,15,Females,43334,9
1983,15,Males,45118,21
1983,16,Females,43702,18
1983,16,Males,46159,31
1983,17,Females,43587,11
1983,17,Males,45109,42
1983,18,Females,45839,17
1983,18,Males,47550,50
1983,19,Females,45305,12
1983,19,Males,46525,41
1983,20,Females,44419,10
1983,20,Males,45782,36
1983,21,Females,43420,16
1983,21,Males,45271,31
1983,22,Females,42568,16
1983,22,Males,43890,41
1983,23,Females,40998,16
1983,23,Males,42783,35
1983,24,Females,40095,18
1983,24,Males,41043,35
1983,25,Females,38879,13
1983,25,Males,39450,36
1983,26,Females,37419,11
1983,26,Males,37940,44
1983,27,Females,36479,13
1983,27,Males,37513,40
1983,28,Females,35044,20
1983,28,Males,35416,39
1983,29,Females,34990,16
1983,29,Males,35188,45
1983,30,Females,34156,26
1983,30,Males,34596,42
1983,31,Females,33264,16
1983,31,Males,33354,32
1983,32,Females,34102,29
1983,32,Males,34224,47
1983,33,Females,34224,28
1983,33,Males,34678,32
1983,34,Females,35595,29
1983,34,Males,35763,49
1983,35,Females,37231,34
1983,35,Males,37279,66
1983,36,Females,40577,44
1983,36,Males,40738,53
1983,37,Females,31396,31
1983,37,Males,31423,50
1983,38,Females,30311,44
1983,38,Males,30229,68
1983,39,Females,31608,48
1983,39,Males,31297,61
1983,40,Females,31413,48
1983,40,Males,30804,80
1983,41,Females,29798,49
1983,41,Males,28961,67
1983,42,Females,28523,62
1983,42,Males,27510,101
1983,43,Females,29836,72
1983,43,Males,28596,97
1983,44,Females,29878,72
1983,44,Males,28895,121
1983,45,Females,29832,80
1983,45,Males,28934,127
1983,46,Females,29940,79
1983,46,Males,28239,130
1983,47,Females,29651,94
1983,47,Males,28126,152
1983,48,Females,29395,97
1983,48,Males,27908,192
1983,49,Females,28941,113
1983,49,Males,27769,183
1983,50,Females,29095,139
1983,50,Males,27388,200
1983,51,Females,30355,127
1983,51,Males,28304,223
1983,52,Females,30339,181
1983,52,Males,28315,294
1983,53,Females,30552,199
1983,53,Males,27954,304
1983,54,Females,30180,208
1983,54,Males,27754,326
1983,55,Females,29637,231
1983,55,Males,27367,352
1983,56,Females,29958,288
1983,56,Males,27362,452
1983,57,Females,30630,283
1983,57,Males,27888,458
1983,58,Females,29763,285
1983,58,Males,27005,511
1983,59,Females,30088,337
1983,59,Males,27000,553
1983,60,Females,29634,354
1983,60,Males,26018,605
1983,61,Females,31235,394
1983,61,Males,27420,674
1983,62,Females,32152,475
1983,62,Males,26937,727
1983,63,Females,33807,503
1983,63,Males,27760,768
1983,64,Females,24163,418
1983,64,Males,19191,669
1983,65,Females,23106,512
1983,65,Males,18245,613
1983,66,Females,24461,514
1983,66,Males,19414,719
1983,67,Females,25926,604
1983,67,Males,19899,781
1983,68,Females,27682,676
1983,68,Males,20856,936
1983,69,Females,27436,736
1983,69,Males,20241,973
1983,70,Females,26316,845
1983,70,Males,19484,1027
1983,71,Females,25418,801
1983,71,Males,18294,1053
1983,72,Females,24846,947
1983,72,Males,17117,1089
1983,73,Females,24334,908
1983,73,Males,16154,1066
1983,74,Females,23425,1015
1983,74,Males,15088,1157
1983,75,Females,22348,991
1983,75,Males,13822,1172
1983,76,Females,20465,1099
1983,76,Males,12259,1074
1983,77,Females,19762,1096
1983,77,Males,10931,1153
1983,78,Females,18325,1129
1983,78,Males,9659,1000
1983,79,Females,16990,1168
1983,79,Males,8461,991
1983,80,Females,15328,1175
1983,80,Males,7242,929
1983,81,Females,13781,1216
1983,81,Males,6128,824
1983,82,Females,12556,1241
1983,82,Males,5100,761
1983,83,Females,11217,1163
1983,83,Males,4194,720
1983,84,Females,9029,1062
1983,84,Males,3157,580
1983,85,Females,7859,1009
1983,85,Males,2532,464
1983,86,Females,6670,1014
1983,86,Males,2049,409
1983,87,Females,5711,890
1983,87,Males,1609,365
1983,88,Females,4385,801
1983,88,Males,1318,308
1983,89,Females,3480,701
1983,89,Males,1002,232
1983,90,Females,11429,2829
1983,90,Males,2764,802
1984,0,Females,31049,283
1984,0,Males,32620,389
1984,1,Females,31619,22
1984,1,Males,33177,40
1984,2,Females,32197,19
1984,2,Males,33516,18
1984,3,Females,32825,8
1984,3,Males,34695,16
1984,4,Females,32164,13
1984,4,Males,33680,13
1984,5,Females,30814,5
1984,5,Males,32746,10
1984,6,Females,29059,12
1984,6,Males,30185,8
1984,7,Females,28501,5
1984,7,Males,30209,16
1984,8,Females,31080,6
1984,8,Males,32935,10
1984,9,Females,31916,4
1984,9,Males,33216,9
1984,10,Females,32486,9
1984,10,Males,34196,9
1984,11,Females,35030,3
1984,11,Males,36878,12
1984,12,Females,38008,9
1984,12,Males,39307,11
1984,13,Females,40230,9
1984,13,Males,41866,15
1984,14,Females,40588,7
1984,14,Males,42053,18
1984,15,Females,41966,12
1984,15,Males,43982,19
1984,16,Females,43293,12
1984,16,Males,44744,24
1984,17,Females,43554,15
1984,17,Males,45717,35
1984,18,Females,43318,15
1984,18,Males,44629,50
1984,19,Females,45623,18
1984,19,Males,47210,44
1984,20,Females,45244,15
1984,20,Males,46472,40
1984,21,Females,44227,14
1984,21,Males,45559,44
1984,22,Females,43014,23
1984,22,Males,44882,33
1984,23,Females,42150,10
1984,23,Males,43311,45
1984,24,Females,40610,16
1984,24,Males,42279,40
1984,25,Females,39873,21
1984,25,Males,40631,43
1984,26,Females,38699,18
1984,26,Males,39001,39
1984,27,Females,37303,22
1984,27,Males,37794,52
1984,28,Females,36383,18
1984,28,Males,37217,29
1984,29,Females,35059,20
1984,29,Males,35229,35
1984,30,Females,34797,20
1984,30,Males,34927,44
1984,31,Females,34108,26
1984,31,Males,34450,49
1984,32,Females,33125,19
1984,32,Males,33075,42
1984,33,Females,33967,24
1984,33,Males,34082,48
1984,34,Females,34127,17
1984,34,Males,34521,48
1984,35,Females,35597,27
1984,35,Males,35644,42
1984,36,Females,37115,30
1984,36,Males,37104,62
1984,37,Females,40501,55
1984,37,Males,40570,60
1984,38,Females,31298,43
1984,38,Males,31296,57
1984,39,Females,30231,45
1984,39,Males,30144,62
1984,40,Females,31532,38
1984,40,Males,31251,69
1984,41,Females,31285,37
1984,41,Males,30681,76
1984,42,Females,29678,65
1984,42,Males,28870,73
1984,43,Females,28425,69
1984,43,Males,27395,96
1984,44,Females,29732,66
1984,44,Males,28511,99
1984,45,Females,29800,84
1984,45,Males,28723,120
1984,46,Females,29751,97
1984,46,Males,28874,127
1984,47,Females,29810,93
1984,47,Males,28108,166
1984,48,Females,29553,107
1984,48,Males,27947,156
1984,49,Females,29287,115
1984,49,Males,27714,190
1984,50,Females,28810,146
1984,50,Males,27593,186
1984,51,Females,28951,113
1984,51,Males,27196,197
1984,52,Females,30162,186
1984,52,Males,28088,261
1984,53,Females,30180,154
1984,53,Males,28068,277
1984,54,Females,30367,225
1984,54,Males,27662,337
1984,55,Females,29982,213
1984,55,Males,27474,338
1984,56,Females,29395,278
1984,56,Males,26984,399
1984,57,Females,29716,256
1984,57,Males,26964,435
1984,58,Females,30368,314
1984,58,Males,27427,468
1984,59,Females,29468,358
1984,59,Males,26578,529
1984,60,Females,29716,366
1984,60,Males,26512,581
1984,61,Females,29298,380
1984,61,Males,25476,572
1984,62,Females,30825,436
1984,62,Males,26813,642
1984,63,Females,31655,540
1984,63,Males,26223,767
1984,64,Females,33308,562
1984,64,Males,27038,762
1984,65,Females,23729,435
1984,65,Males,18626,645
1984,66,Females,22639,460
1984,66,Males,17633,665
1984,67,Females,23945,552
1984,67,Males,18656,787
1984,68,Females,25364,593
1984,68,Males,19098,803
1984,69,Females,27006,700
1984,69,Males,19904,979
1984,70,Females,26667,769
1984,70,Males,19249,983
1984,71,Females,25522,770
1984,71,Males,18476,1104
1984,72,Females,24543,853
1984,72,Males,17224,1117
1984,73,Females,23934,911
1984,73,Males,16042,1116
1984,74,Females,23389,936
1984,74,Males,15042,1138
1984,75,Females,22418,1043
1984,75,Males,13918,1164
1984,76,Females,21300,1010
1984,76,Males,12635,1169
1984,77,Females,19363,1085
1984,77,Males,11108,1087
1984,78,Females,18641,1121
1984,78,Males,9857,1048
1984,79,Females,17124,1177
1984,79,Males,8638,964
1984,80,Females,15780,1187
1984,80,Males,7474,976
1984,81,Females,14209,1121
1984,81,Males,6347,863
1984,82,Females,12614,1159
1984,82,Males,5340,736
1984,83,Females,11417,1134
1984,83,Males,4376,644
1984,84,Females,10087,1097
1984,84,Males,3553,571
1984,85,Females,7956,1031
1984,85,Males,2627,509
1984,86,Females,6881,912
1984,86,Males,2071,404
1984,87,Females,5739,846
1984,87,Males,1658,353
1984,88,Females,4871,783
1984,88,Males,1266,290
1984,89,Females,3610,697
1984,89,Males,1036,238
1984,90,Females,11707,2965
1984,90,Males,2850,775
1985,0,Females,32064,282
1985,0,Males,33374,342
1985,1,Females,30811,23
1985,1,Males,32323,23
1985,2,Females,31362,12
1985,2,Males,32887,12
1985,3,Females,31987,15
1985,3,Males,33291,9
1985,4,Females,32623,5
1985,4,Males,34533,13
1985,5,Females,32063,7
1985,5,Males,33537,11
1985,6,Females,30727,8
1985,6,Males,32727,11
1985,7,Females,29000,6
1985,7,Males,30144,12
1985,8,Females,28372,6
1985,8,Males,30122,8
1985,9,Females,31042,10
1985,9,Males,32822,7
1985,10,Females,31865,5
1985,10,Males,33125,15
1985,11,Females,32454,5
1985,11,Males,34089,10
1985,12,Females,34966,9
1985,12,Males,36778,8
1985,13,Females,37962,5
1985,13,Males,39147,10
1985,14,Females,40168,10
1985,14,Males,41703,15
1985,15,Females,40554,12
1985,15,Males,41858,19
1985,16,Females,41863,16
1985,16,Males,43620,21
1985,17,Females,43087,12
1985,17,Males,44329,42
1985,18,Females,43184,14
1985,18,Males,45183,41
1985,19,Females,42917,9
1985,19,Males,44188,51
1985,20,Females,45397,16
1985,20,Males,46975,44
1985,21,Females,44800,16
1985,21,Males,46033,42
1985,22,Females,43642,16
1985,22,Males,44950,50
1985,23,Females,42266,14
1985,23,Males,44090,34
1985,24,Females,41711,14
1985,24,Males,42667,38
1985,25,Females,40265,22
1985,25,Males,41661,44
1985,26,Females,39617,22
1985,26,Males,40096,35
1985,27,Females,38465,16
1985,27,Males,38708,36
1985,28,Females,37217,19
1985,28,Males,37498,38
1985,29,Females,36218,22
1985,29,Males,36916,32
1985,30,Females,34931,18
1985,30,Males,35033,36
1985,31,Females,34718,19
1985,31,Males,34725,50
1985,32,Females,34009,22
1985,32,Males,34347,37
1985,33,Females,33028,23
1985,33,Males,32875,42
1985,34,Females,33938,24
1985,34,Males,33930,40
1985,35,Females,34082,40
1985,35,Males,34412,59
1985,36,Females,35548,32
1985,36,Males,35502,64
1985,37,Females,37082,44
1985,37,Males,36952,68
1985,38,Females,40462,43
1985,38,Males,40436,80
1985,39,Females,31245,44
1985,39,Males,31231,67
1985,40,Females,30188,43
1985,40,Males,30116,77
1985,41,Females,31434,57
1985,41,Males,31197,78
1985,42,Females,31201,56
1985,42,Males,30610,72
1985,43,Females,29589,68
1985,43,Males,28796,79
1985,44,Females,28361,54
1985,44,Males,27279,115
1985,45,Females,29579,71
1985,45,Males,28344,138
1985,46,Females,29728,71
1985,46,Males,28610,127
1985,47,Females,29696,87
1985,47,Males,28751,147
1985,48,Females,29673,101
1985,48,Males,27972,164
1985,49,Females,29456,103
1985,49,Males,27817,157
1985,50,Females,29165,118
1985,50,Males,27530,184
1985,51,Females,28678,111
1985,51,Males,27433,240
1985,52,Females,28818,157
1985,52,Males,27005,245
1985,53,Females,29979,167
1985,53,Males,27849,259
1985,54,Females,30031,193
1985,54,Males,27837,298
1985,55,Females,30171,212
1985,55,Males,27370,339
1985,56,Females,29756,228
1985,56,Males,27166,367
1985,57,Females,29154,260
1985,57,Males,26555,438
1985,58,Females,29465,334
1985,58,Males,26575,478
1985,59,Females,30064,352
1985,59,Males,27019,496
1985,60,Females,29180,362
1985,60,Males,26066,563
1985,61,Females,29358,382
1985,61,Males,25949,592
1985,62,Females,28926,419
1985,62,Males,24918,665
1985,63,Females,30400,470
1985,63,Males,26177,739
1985,64,Females,31105,544
1985,64,Males,25507,809
1985,65,Females,32783,577
1985,65,Males,26257,842
1985,66,Females,23230,507
1985,66,Males,17967,669
1985,67,Females,22147,495
1985,67,Males,16950,701
1985,68,Females,23393,611
1985,68,Males,17941,766
1985,69,Females,24727,688
1985,69,Males,18298,934
1985,70,Females,26233,841
1985,70,Males,18917,1014
1985,71,Females,25833,887
1985,71,Males,18214,1064
1985,72,Females,24683,885
1985,72,Males,17368,1123
1985,73,Females,23630,968
1985,73,Males,16085,1083
1985,74,Females,22958,990
1985,74,Males,14914,1143
1985,75,Females,22373,1047
1985,75,Males,13918,1174
1985,76,Females,21356,1130
1985,76,Males,12779,1153
1985,77,Females,20196,1157
1985,77,Males,11524,1135
1985,78,Females,18284,1089
1985,78,Males,10037,1150
1985,79,Females,17510,1175
1985,79,Males,8831,1024
1985,80,Females,15929,1208
1985,80,Males,7679,917
1985,81,Females,14561,1235
1985,81,Males,6583,896
1985,82,Females,13022,1191
1985,82,Males,5533,792
1985,83,Females,11437,1168
1985,83,Males,4632,699
1985,84,Females,10289,1204
1985,84,Males,3734,629
1985,85,Females,8995,1116
1985,85,Males,2984,555
1985,86,Females,6967,982
1985,86,Males,2144,434
1985,87,Females,5989,942
1985,87,Males,1670,334
1985,88,Females,4898,863
1985,88,Males,1323,313
1985,89,Females,4078,751
1985,89,Males,977,257
1985,90,Females,12008,3136
1985,90,Males,2990,864
1986,0,Females,32301,247
1986,0,Males,34047,334
1986,1,Females,31946,24
1986,1,Males,33140,27
1986,2,Females,30665,12
1986,2,Males,32140,13
1986,3,Females,31178,11
1986,3,Males,32757,11
1986,4,Females,31930,3
1986,4,Males,33223,15
1986,5,Females,32504,4
1986,5,Males,34388,13
1986,6,Females,32001,2
1986,6,Males,33443,6
1986,7,Females,30669,3
1986,7,Males,32608,14
1986,8,Females,28907,5
1986,8,Males,30131,6
1986,9,Females,28306,2
1986,9,Males,30083,5
1986,10,Females,30946,3
1986,10,Males,32700,9
1986,11,Females,31749,1
1986,11,Males,33010,9
1986,12,Females,32390,5
1986,12,Males,33949,7
1986,13,Females,34843,9
1986,13,Males,36681,9
1986,14,Females,37875,6
1986,14,Males,39011,15
1986,15,Females,40091,6
1986,15,Males,41506,13
1986,16,Females,40479,10
1986,16,Males,41584,27
1986,17,Females,41672,10
1986,17,Males,43239,48
1986,18,Females,42812,14
1986,18,Males,43777,44
1986,19,Females,42873,10
1986,19,Males,44893,45
1986,20,Females,42835,11
1986,20,Males,44078,47
1986,21,Females,45012,22
1986,21,Males,46513,41
1986,22,Females,44195,19
1986,22,Males,45300,53
1986,23,Females,42875,11
1986,23,Males,44130,44
1986,24,Females,41614,14
1986,24,Males,43414,53
1986,25,Females,41292,10
1986,25,Males,42145,39
1986,26,Females,39939,15
1986,26,Males,41040,48
1986,27,Females,39389,14
1986,27,Males,39771,28
1986,28,Females,38294,20
1986,28,Males,38357,49
1986,29,Females,37004,19
1986,29,Males,37085,40
1986,30,Females,35973,25
1986,30,Males,36555,44
1986,31,Females,34748,17
1986,31,Males,34781,37
1986,32,Females,34540,17
1986,32,Males,34488,48
1986,33,Females,33817,23
1986,33,Males,34092,56
1986,34,Females,32856,28
1986,34,Males,32568,47
1986,35,Females,33774,24
1986,35,Males,33786,42
1986,36,Females,33924,32
1986,36,Males,34151,48
1986,37,Females,35445,33
1986,37,Males,35299,59
1986,38,Females,36942,45
1986,38,Males,36721,80
1986,39,Females,40317,38
1986,39,Males,40191,72
1986,40,Females,31148,48
1986,40,Males,31082,75
1986,41,Females,30062,44
1986,41,Males,29960,76
1986,42,Females,31308,56
1986,42,Males,31073,82
1986,43,Females,31129,49
1986,43,Males,30527,109
1986,44,Females,29458,72
1986,44,Males,28688,114
1986,45,Females,28246,74
1986,45,Males,27086,118
1986,46,Females,29470,79
1986,46,Males,28209,145
1986,47,Females,29623,73
1986,47,Males,28429,159
1986,48,Females,29558,107
1986,48,Males,28520,167
1986,49,Females,29516,103
1986,49,Males,27823,169
1986,50,Females,29311,132
1986,50,Males,27606,186
1986,51,Females,29009,126
1986,51,Males,27320,217
1986,52,Females,28522,149
1986,52,Males,27174,218
1986,53,Females,28638,157
1986,53,Males,26737,267
1986,54,Females,29775,181
1986,54,Males,27533,321
1986,55,Females,29860,209
1986,55,Males,27516,372
1986,56,Females,29958,219
1986,56,Males,27043,357
1986,57,Females,29484,265
1986,57,Males,26707,434
1986,58,Females,28896,280
1986,58,Males,26104,478
1986,59,Females,29125,323
1986,59,Males,26097,496
1986,60,Females,29728,350
1986,60,Males,26518,552
1986,61,Females,28841,375
1986,61,Males,25570,558
1986,62,Females,28945,420
1986,62,Males,25350,642
1986,63,Females,28530,456
1986,63,Males,24248,692
1986,64,Females,29963,475
1986,64,Males,25468,773
1986,65,Females,30548,571
1986,65,Males,24704,888
1986,66,Females,32153,641
1986,66,Males,25423,903
1986,67,Females,22674,540
1986,67,Males,17238,701
1986,68,Females,21631,531
1986,68,Males,16239,701
1986,69,Females,22771,628
1986,69,Males,17132,801
1986,70,Females,23994,710
1986,70,Males,17396,886
1986,71,Females,25381,832
1986,71,Males,17906,1009
1986,72,Females,24919,917
1986,72,Males,17136,1089
1986,73,Females,23732,879
1986,73,Males,16284,1067
1986,74,Females,22628,1002
1986,74,Males,14972,1124
1986,75,Females,21890,999
1986,75,Males,13749,1087
1986,76,Females,21248,1000
1986,76,Males,12761,1096
1986,77,Females,20201,1101
1986,77,Males,11593,1121
1986,78,Females,18991,1141
1986,78,Males,10343,1134
1986,79,Females,17072,1159
1986,79,Males,8913,1000
1986,80,Females,16286,1251
1986,80,Males,7820,996
1986,81,Females,14651,1225
1986,81,Males,6716,896
1986,82,Females,13301,1267
1986,82,Males,5709,810
1986,83,Females,11777,1243
1986,83,Males,4754,747
1986,84,Females,10244,1090
1986,84,Males,3897,687
1986,85,Females,9134,1099
1986,85,Males,3086,575
1986,86,Females,7901,1053
1986,86,Males,2424,536
1986,87,Females,5943,943
1986,87,Males,1701,373
1986,88,Females,5040,858
1986,88,Males,1303,360
1986,89,Females,4047,793
1986,89,Males,1009,253
1986,90,Females,12267,3237
1986,90,Males,2940,849
1987,0,Females,31984,232
1987,0,Males,33500,331
1987,1,Females,32196,19
1987,1,Males,33806,21
1987,2,Females,31753,13
1987,2,Males,32888,12
1987,3,Females,30452,7
1987,3,Males,31927,8
1987,4,Females,31078,5
1987,4,Males,32568,13
1987,5,Females,31798,7
1987,5,Males,33070,10
1987,6,Females,32342,4
1987,6,Males,34275,13
1987,7,Females,31921,2
1987,7,Males,33282,10
1987,8,Females,30593,5
1987,8,Males,32559,7
1987,9,Females,28860,3
1987,9,Males,30045,6
1987,10,Females,28270,4
1987,10,Males,30062,7
1987,11,Females,30915,6
1987,11,Males,32601,3
1987,12,Females,31658,11
1987,12,Males,32862,6
1987,13,Females,32324,6
1987,13,Males,33858,14
1987,14,Females,34744,7
1987,14,Males,36534,17
1987,15,Females,37766,13
1987,15,Males,38901,16
1987,16,Females,40035,11
1987,16,Males,41333,21
1987,17,Females,40316,10
1987,17,Males,41193,34
1987,18,Females,41545,9
1987,18,Males,42736,40
1987,19,Females,42652,17
1987,19,Males,43421,52
1987,20,Females,42747,16
1987,20,Males,44738,53
1987,21,Females,42511,12
1987,21,Males,43682,34
1987,22,Females,44341,14
1987,22,Males,45842,41
1987,23,Females,43400,14
1987,23,Males,44364,39
1987,24,Females,42173,14
1987,24,Males,43265,45
1987,25,Females,41100,18
1987,25,Males,42581,35
1987,26,Females,40888,18
1987,26,Males,41630,42
1987,27,Females,39652,13
1987,27,Males,40611,32
1987,28,Females,39072,21
1987,28,Males,39288,55
1987,29,Females,38073,21
1987,29,Males,37800,45
1987,30,Females,36819,19
1987,30,Males,36622,40
1987,31,Females,35846,15
1987,31,Males,36242,38
1987,32,Females,34614,22
1987,32,Males,34475,38
1987,33,Females,34361,28
1987,33,Males,34254,40
1987,34,Females,33681,20
1987,34,Males,33706,50
1987,35,Females,32733,26
1987,35,Males,32310,49
1987,36,Females,33638,31
1987,36,Males,33557,44
1987,37,Females,33806,43
1987,37,Males,33985,66
1987,38,Females,35325,33
1987,38,Males,35089,66
1987,39,Females,36810,42
1987,39,Males,36566,67
1987,40,Females,40242,45
1987,40,Males,39961,92
1987,41,Females,31055,42
1987,41,Males,30955,67
1987,42,Females,29995,55
1987,42,Males,29811,102
1987,43,Females,31170,53
1987,43,Males,30940,105
1987,44,Females,31046,59
1987,44,Males,30379,121
1987,45,Females,29411,79
1987,45,Males,28471,114
1987,46,Females,28130,90
1987,46,Males,26997,111
1987,47,Females,29384,69
1987,47,Males,28056,134
1987,48,Females,29503,109
1987,48,Males,28275,147
1987,49,Females,29444,82
1987,49,Males,28328,168
1987,50,Females,29394,113
1987,50,Males,27642,176
1987,51,Females,29173,148
1987,51,Males,27420,216
1987,52,Females,28868,138
1987,52,Males,27128,223
1987,53,Females,28354,151
1987,53,Males,26907,271
1987,54,Females,28476,181
1987,54,Males,26467,310
1987,55,Females,29572,183
1987,55,Males,27225,315
1987,56,Females,29686,219
1987,56,Males,27154,377
1987,57,Females,29725,286
1987,57,Males,26661,406
1987,58,Females,29246,273
1987,58,Males,26360,433
1987,59,Females,28658,306
1987,59,Males,25686,438
1987,60,Females,28867,323
1987,60,Males,25687,520
1987,61,Females,29433,384
1987,61,Males,26062,608
1987,62,Females,28517,383
1987,62,Males,25039,588
1987,63,Females,28524,448
1987,63,Males,24746,687
1987,64,Females,28108,496
1987,64,Males,23596,759
1987,65,Females,29493,531
1987,65,Males,24747,846
1987,66,Females,30019,636
1987,66,Males,23891,855
1987,67,Females,31542,649
1987,67,Males,24597,942
1987,68,Females,22130,541
1987,68,Males,16561,683
1987,69,Females,21110,603
1987,69,Males,15581,742
1987,70,Females,22135,683
1987,70,Males,16394,820
1987,71,Females,23290,708
1987,71,Males,16518,928
1987,72,Females,24544,858
1987,72,Males,16949,995
1987,73,Females,24049,895
1987,73,Males,16094,1099
1987,74,Females,22836,928
1987,74,Males,15189,1148
1987,75,Females,21672,990
1987,75,Males,13914,1005
1987,76,Females,20895,1044
1987,76,Males,12679,1139
1987,77,Females,20178,1168
1987,77,Males,11664,1074
1987,78,Females,19075,1171
1987,78,Males,10483,1084
1987,79,Females,17862,1131
1987,79,Males,9266,1007
1987,80,Females,15933,1160
1987,80,Males,7934,894
1987,81,Females,15140,1091
1987,81,Males,6911,911
1987,82,Females,13517,1152
1987,82,Males,5870,835
1987,83,Females,12158,1183
1987,83,Males,4979,738
1987,84,Females,10681,1172
1987,84,Males,4068,696
1987,85,Females,9172,1062
1987,85,Males,3283,563
1987,86,Females,8123,963
1987,86,Males,2540,479
1987,87,Females,6962,995
1987,87,Males,1961,418
1987,88,Females,5061,875
1987,88,Males,1342,307
1987,89,Females,4225,812
1987,89,Males,1022,280
1987,90,Females,13042,3083
1987,90,Males,2985,848
1988,0,Females,32099,219
1988,0,Males,34131,324
1988,1,Females,31686,10
1988,1,Males,33098,21
1988,2,Females,31955,10
1988,2,Males,33522,15
1988,3,Females,31457,8
1988,3,Males,32581,17
1988,4,Females,30253,5
1988,4,Males,31678,11
1988,5,Females,30918,6
1988,5,Males,32337,10
1988,6,Females,31633,6
1988,6,Males,32915,6
1988,7,Females,32200,2
1988,7,Males,34136,11
1988,8,Females,31778,7
1988,8,Males,33118,5
1988,9,Females,30470,1
1988,9,Males,32537,7
1988,10,Females,28816,5
1988,10,Males,29946,7
1988,11,Females,28240,2
1988,11,Males,30016,5
1988,12,Females,30825,3
1988,12,Males,32422,15
1988,13,Females,31579,3
1988,13,Males,32715,8
1988,14,Females,32210,8
1988,14,Males,33738,7
1988,15,Females,34661,6
1988,15,Males,36370,17
1988,16,Females,37606,16
1988,16,Males,38654,26
1988,17,Females,39793,10
1988,17,Males,40827,46
1988,18,Females,39985,13
1988,18,Males,40604,47
1988,19,Females,41170,9
1988,19,Males,42313,45
1988,20,Females,42415,11
1988,20,Males,43125,59
1988,21,Females,42217,10
1988,21,Males,44118,42
1988,22,Females,41700,11
1988,22,Males,42694,42
1988,23,Females,43192,12
1988,23,Males,44397,58
1988,24,Females,42500,19
1988,24,Males,43085,45
1988,25,Females,41384,12
1988,25,Males,42068,53
1988,26,Females,40409,21
1988,26,Males,41493,32
1988,27,Females,40401,15
1988,27,Males,40845,43
1988,28,Females,39259,10
1988,28,Males,39942,44
1988,29,Females,38686,22
1988,29,Males,38624,55
1988,30,Females,37744,18
1988,30,Males,37191,41
1988,31,Females,36542,20
1988,31,Males,36137,46
1988,32,Females,35621,26
1988,32,Males,35900,45
1988,33,Females,34438,31
1988,33,Males,34094,50
1988,34,Females,34182,22
1988,34,Males,33869,66
1988,35,Females,33532,31
1988,35,Males,33395,54
1988,36,Females,32629,28
1988,36,Males,31995,60
1988,37,Females,33483,38
1988,37,Males,33280,60
1988,38,Females,33709,34
1988,38,Males,33770,65
1988,39,Females,35166,51
1988,39,Males,34836,67
1988,40,Females,36659,47
1988,40,Males,36350,93
1988,41,Females,40064,58
1988,41,Males,39757,102
1988,42,Females,30885,54
1988,42,Males,30841,103
1988,43,Females,29867,63
1988,43,Males,29633,95
1988,44,Females,31049,66
1988,44,Males,30847,109
1988,45,Females,30889,82
1988,45,Males,30110,145
1988,46,Females,29290,82
1988,46,Males,28281,115
1988,47,Females,28025,84
1988,47,Males,26797,148
1988,48,Females,29243,77
1988,48,Males,27872,153
1988,49,Females,29394,117
1988,49,Males,28086,166
1988,50,Females,29309,105
1988,50,Males,28110,210
1988,51,Females,29248,133
1988,51,Males,27454,228
1988,52,Females,29030,118
1988,52,Males,27233,209
1988,53,Females,28744,148
1988,53,Males,26883,276
1988,54,Females,28220,169
1988,54,Males,26633,265
1988,55,Females,28268,191
1988,55,Males,26210,322
1988,56,Females,29416,205
1988,56,Males,26934,358
1988,57,Females,29485,264
1988,57,Males,26819,359
1988,58,Females,29459,262
1988,58,Males,26333,398
1988,59,Females,28985,305
1988,59,Males,25993,519
1988,60,Females,28388,341
1988,60,Males,25256,528
1988,61,Females,28569,349
1988,61,Males,25235,547
1988,62,Females,29083,452
1988,62,Males,25590,614
1988,63,Females,28174,414
1988,63,Males,24551,634
1988,64,Females,28123,467
1988,64,Males,24136,718
1988,65,Females,27663,539
1988,65,Males,22960,760
1988,66,Females,29004,578
1988,66,Males,23980,879
1988,67,Females,29370,682
1988,67,Males,23071,916
1988,68,Females,30854,704
1988,68,Males,23656,941
1988,69,Females,21563,586
1988,69,Males,15853,764
1988,70,Females,20572,562
1988,70,Males,14877,711
1988,71,Females,21502,673
1988,71,Males,15612,834
1988,72,Females,22598,764
1988,72,Males,15596,930
1988,73,Females,23654,859
1988,73,Males,15955,987
1988,74,Females,23120,932
1988,74,Males,15053,1041
1988,75,Females,21870,1024
1988,75,Males,14119,1093
1988,76,Females,20647,1088
1988,76,Males,12858,1064
1988,77,Females,19894,1010
1988,77,Males,11641,1006
1988,78,Females,19075,1086
1988,78,Males,10638,1044
1988,79,Females,17942,1198
1988,79,Males,9457,978
1988,80,Females,16670,1144
1988,80,Males,8268,936
1988,81,Females,14779,1208
1988,81,Males,7031,904
1988,82,Females,13962,1218
1988,82,Males,6035,864
1988,83,Females,12318,1214
1988,83,Males,5065,749
1988,84,Females,10950,1171
1988,84,Males,4258,676
1988,85,Females,9543,1095
1988,85,Males,3448,597
1988,86,Females,8101,1021
1988,86,Males,2734,508
1988,87,Females,7165,980
1988,87,Males,2069,421
1988,88,Females,5986,916
1988,88,Males,1526,353
1988,89,Females,4269,751
1988,89,Males,1040,280
1988,90,Females,13641,3315
1988,90,Males,3059,868
1989,0,Females,31303,223
1989,0,Males,32885,331
1989,1,Females,32068,21
1989,1,Males,34156,23
1989,2,Females,31801,18
1989,2,Males,33129,15
1989,3,Females,32001,11
1989,3,Males,33597,14
1989,4,Females,31504,6
1989,4,Males,32617,10
1989,5,Females,30251,4
1989,5,Males,31753,4
1989,6,Females,30992,3
1989,6,Males,32376,3
1989,7,Females,31756,3
1989,7,Males,32964,6
1989,8,Females,32308,6
1989,8,Males,34200,5
1989,9,Females,31862,7
1989,9,Males,33191,6
1989,10,Females,30554,8
1989,10,Males,32602,8
1989,11,Females,28936,5
1989,11,Males,30054,11
1989,12,Females,28289,6
1989,12,Males,30083,6
1989,13,Females,30853,5
1989,13,Males,32417,9
1989,14,Females,31605,3
1989,14,Males,32719,11
1989,15,Females,32257,8
1989,15,Males,33696,16
1989,16,Females,34646,7
1989,16,Males,36212,22
1989,17,Females,37500,12
1989,17,Males,38222,28
1989,18,Females,39572,13
1989,18,Males,40295,43
1989,19,Females,39780,14
1989,19,Males,40217,41
1989,20,Females,40957,23
1989,20,Males,42004,58
1989,21,Females,42133,24
1989,21,Males,42623,51
1989,22,Females,41667,23
1989,22,Males,43389,54
1989,23,Females,40922,17
1989,23,Males,41610,38
1989,24,Females,42434,17
1989,24,Males,43254,45
1989,25,Females,42089,22
1989,25,Males,42131,35
1989,26,Females,41182,25
1989,26,Males,41211,51
1989,27,Females,40424,19
1989,27,Males,41025,39
1989,28,Females,40466,22
1989,28,Males,40347,37
1989,29,Females,39216,15
1989,29,Males,39655,51
1989,30,Females,38693,27
1989,30,Males,38285,41
1989,31,Females,37801,24
1989,31,Males,36894,47
1989,32,Females,36753,20
1989,32,Males,35909,42
1989,33,Females,35663,15
1989,33,Males,35709,49
1989,34,Females,34463,35
1989,34,Males,33928,53
1989,35,Females,34266,32
1989,35,Males,33819,51
1989,36,Females,33589,38
1989,36,Males,33311,41
1989,37,Females,32720,38
1989,37,Males,31882,41
1989,38,Females,33521,45
1989,38,Males,33224,47
1989,39,Females,33756,41
1989,39,Males,33650,70
1989,40,Females,35222,49
1989,40,Males,34754,95
1989,41,Females,36689,37
1989,41,Males,36330,91
1989,42,Females,40110,56
1989,42,Males,39748,119
1989,43,Females,30924,59
1989,43,Males,30840,75
1989,44,Females,29862,75
1989,44,Males,29623,89
1989,45,Females,31061,93
1989,45,Males,30723,98
1989,46,Females,30859,81
1989,46,Males,30021,126
1989,47,Females,29284,91
1989,47,Males,28219,127
1989,48,Females,28011,89
1989,48,Males,26703,148
1989,49,Females,29206,105
1989,49,Males,27808,154
1989,50,Females,29354,117
1989,50,Males,27956,174
1989,51,Females,29253,126
1989,51,Males,27962,202
1989,52,Females,29215,130
1989,52,Males,27314,195
1989,53,Females,28953,148
1989,53,Males,27111,257
1989,54,Females,28702,176
1989,54,Males,26743,240
1989,55,Females,28175,199
1989,55,Males,26430,299
1989,56,Females,28139,198
1989,56,Males,25983,341
1989,57,Females,29309,235
1989,57,Males,26661,376
1989,58,Females,29316,305
1989,58,Males,26571,451
1989,59,Females,29317,300
1989,59,Males,26047,446
1989,60,Females,28809,354
1989,60,Males,25659,522
1989,61,Females,28207,381
1989,61,Males,24929,526
1989,62,Females,28344,370
1989,62,Males,24797,581
1989,63,Females,28749,477
1989,63,Males,25128,653
1989,64,Females,27888,460
1989,64,Males,24028,694
1989,65,Females,27737,535
1989,65,Males,23550,786
1989,66,Females,27285,526
1989,66,Males,22382,793
1989,67,Females,28506,637
1989,67,Males,23238,898
1989,68,Females,28848,747
1989,68,Males,22330,914
1989,69,Females,30140,814
1989,69,Males,22759,1031
1989,70,Females,21055,627
1989,70,Males,15179,795
1989,71,Females,20058,594
1989,71,Males,14201,794
1989,72,Females,20877,797
1989,72,Males,14836,910
1989,73,Females,21896,814
1989,73,Males,14737,1033
1989,74,Females,22791,961
1989,74,Males,14969,1074
1989,75,Females,22223,1103
1989,75,Males,14025,1107
1989,76,Females,20926,1059
1989,76,Males,13102,1159
1989,77,Females,19580,1147
1989,77,Males,11824,1077
1989,78,Females,18835,1166
1989,78,Males,10641,1115
1989,79,Females,17995,1154
1989,79,Males,9694,1006
1989,80,Females,16754,1290
1989,80,Males,8540,993
1989,81,Females,15442,1284
1989,81,Males,7368,972
1989,82,Females,13590,1283
1989,82,Males,6158,906
1989,83,Females,12722,1340
1989,83,Males,5204,846
1989,84,Females,11143,1274
1989,84,Males,4359,741
1989,85,Females,9864,1140
1989,85,Males,3594,655
1989,86,Females,8498,1175
1989,86,Males,2888,579
1989,87,Females,7148,1090
1989,87,Males,2250,504
1989,88,Females,6253,1000
1989,88,Males,1664,408
1989,89,Females,5115,866
1989,89,Males,1186,316
1989,90,Females,14233,3953
1989,90,Males,3154,981
1990,0,Females,31080,213
1990,0,Males,32541,297
1990,1,Females,31284,12
1990,1,Males,32794,30
1990,2,Females,32135,8
1990,2,Males,34184,15
1990,3,Females,31868,9
1990,3,Males,33208,10
1990,4,Females,32075,3
1990,4,Males,33647,7
1990,5,Females,31598,6
1990,5,Males,32657,8
1990,6,Females,30337,3
1990,6,Males,31822,9
1990,7,Females,31073,2
1990,7,Males,32460,6
1990,8,Females,31822,4
1990,8,Males,33045,4
1990,9,Females,32415,1
1990,9,Males,34281,4
1990,10,Females,32013,7
1990,10,Males,33296,9
1990,11,Females,30636,4
1990,11,Males,32674,10
1990,12,Females,29026,7
1990,12,Males,30169,9
1990,13,Females,28353,6
1990,13,Males,30150,12
1990,14,Females,30892,10
1990,14,Males,32373,10
1990,15,Females,31645,1
1990,15,Males,32735,15
1990,16,Females,32253,6
1990,16,Males,33515,28
1990,17,Females,34531,11
1990,17,Males,35965,29
1990,18,Females,37268,14
1990,18,Males,37910,38
1990,19,Females,39760,14
1990,19,Males,40285,28
1990,20,Females,40031,15
1990,20,Males,40299,48
1990,21,Females,40946,10
1990,21,Males,41800,49
1990,22,Females,41871,9
1990,22,Males,42132,49
1990,23,Females,41276,15
1990,23,Males,42574,53
1990,24,Females,40757,19
1990,24,Males,40901,41
1990,25,Females,42421,14
1990,25,Males,42443,47
1990,26,Females,42209,15
1990,26,Males,41565,63
1990,27,Females,41297,22
1990,27,Males,40834,47
1990,28,Females,40602,26
1990,28,Males,40731,51
1990,29,Females,40665,20
1990,29,Males,40188,63
1990,30,Females,39473,15
1990,30,Males,39530,46
1990,31,Females,38823,22
1990,31,Males,38251,48
1990,32,Females,37987,18
1990,32,Males,36828,46
1990,33,Females,36944,27
1990,33,Males,35747,45
1990,34,Females,35824,25
1990,34,Males,35653,46
1990,35,Females,34626,36
1990,35,Males,33946,52
1990,36,Females,34326,35
1990,36,Males,33815,55
1990,37,Females,33693,26
1990,37,Males,33297,60
1990,38,Females,32776,44
1990,38,Males,31866,65
1990,39,Females,33579,56
1990,39,Males,33202,71
1990,40,Females,33817,44
1990,40,Males,33596,70
1990,41,Females,35247,55
1990,41,Males,34779,94
1990,42,Females,36751,43
1990,42,Males,36338,84
1990,43,Females,40081,70
1990,43,Males,39688,93
1990,44,Females,30929,59
1990,44,Males,30835,101
1990,45,Females,29836,70
1990,45,Males,29527,113
1990,46,Females,31012,66
1990,46,Males,30681,135
1990,47,Females,30818,89
1990,47,Males,29883,141
1990,48,Females,29233,97
1990,48,Males,28083,121
1990,49,Females,27969,85
1990,49,Males,26571,161
1990,50,Females,29167,106
1990,50,Males,27713,178
1990,51,Females,29302,125
1990,51,Males,27840,203
1990,52,Females,29204,144
1990,52,Males,27839,215
1990,53,Females,29121,153
1990,53,Males,27160,226
1990,54,Females,28827,164
1990,54,Males,26960,241
1990,55,Females,28576,147
1990,55,Males,26561,290
1990,56,Females,28021,194
1990,56,Males,26213,302
1990,57,Females,27942,257
1990,57,Males,25697,329
1990,58,Females,29092,247
1990,58,Males,26397,350
1990,59,Females,29088,314
1990,59,Males,26236,415
1990,60,Females,29081,302
1990,60,Males,25651,451
1990,61,Females,28558,361
1990,61,Males,25310,497
1990,62,Females,27891,380
1990,62,Males,24452,584
1990,63,Females,28045,437
1990,63,Males,24288,643
1990,64,Females,28350,470
1990,64,Males,24595,651
1990,65,Females,27468,480
1990,65,Males,23383,769
1990,66,Females,27233,532
1990,66,Males,22863,768
1990,67,Females,26833,606
1990,67,Males,21640,816
1990,68,Females,27896,688
1990,68,Males,22406,959
1990,69,Females,28196,714
1990,69,Males,21454,909
1990,70,Females,29332,777
1990,70,Males,21710,1000
1990,71,Females,20499,594
1990,71,Males,14453,772
1990,72,Females,19453,677
1990,72,Males,13434,786
1990,73,Females,20106,773
1990,73,Males,13953,879
1990,74,Females,21092,844
1990,74,Males,13785,977
1990,75,Females,21833,891
1990,75,Males,13899,1021
1990,76,Females,21116,987
1990,76,Males,12907,1090
1990,77,Females,19863,1087
1990,77,Males,11984,1061
1990,78,Females,18457,1056
1990,78,Males,10711,1071
1990,79,Females,17698,1178
1990,79,Males,9574,970
1990,80,Females,16745,1201
1990,80,Males,8660,1026
1990,81,Females,15489,1185
1990,81,Males,7541,931
1990,82,Females,14065,1289
1990,82,Males,6409,882
1990,83,Females,12313,1204
1990,83,Males,5253,792
1990,84,Females,11426,1155
1990,84,Males,4425,655
1990,85,Females,9842,1155
1990,85,Males,3603,630
1990,86,Females,8705,1109
1990,86,Males,2979,543
1990,87,Females,7365,998
1990,87,Males,2263,459
1990,88,Females,6066,926
1990,88,Males,1821,344
1990,89,Females,5285,831
1990,89,Males,1278,303
1990,90,Females,14881,3684
1990,90,Males,3271,893
1991,0,Females,32083,174
1991,0,Males,33658,299
1991,1,Females,31006,25
1991,1,Males,32227,28
1991,2,Females,31236,9
1991,2,Males,32676,13
1991,3,Females,32103,11
1991,3,Males,34103,11
1991,4,Females,31868,9
1991,4,Males,33143,7
1991,5,Females,32089,4
1991,5,Males,33613,8
1991,6,Females,31575,4
1991,6,Males,32643,9
1991,7,Females,30314,5
1991,7,Males,31830,9
1991,8,Females,31036,5
1991,8,Males,32459,9
1991,9,Females,31800,4
1991,9,Males,33041,7
1991,10,Females,32468,6
1991,10,Males,34304,5
1991,11,Females,32027,5
1991,11,Males,33322,1
1991,12,Females,30661,5
1991,12,Males,32668,4
1991,13,Females,29051,3
1991,13,Males,30202,11
1991,14,Females,28345,12
1991,14,Males,30173,13
1991,15,Females,30898,8
1991,15,Males,32327,20
1991,16,Females,31619,10
1991,16,Males,32486,17
1991,17,Females,32141,10
1991,17,Males,33200,25
1991,18,Females,34081,10
1991,18,Males,35570,39
1991,19,Females,37231,19
1991,19,Males,37894,49
1991,20,Females,39892,14
1991,20,Males,40461,47
1991,21,Females,39902,11
1991,21,Males,40199,43
1991,22,Females,40721,14
1991,22,Males,41367,36
1991,23,Females,41551,14
1991,23,Males,41563,38
1991,24,Females,41089,21
1991,24,Males,41959,47
1991,25,Females,40733,14
1991,25,Males,40329,44
1991,26,Females,42409,17
1991,26,Males,41802,39
1991,27,Females,42233,28
1991,27,Males,41163,51
1991,28,Females,41452,21
1991,28,Males,40471,44
1991,29,Females,40643,26
1991,29,Males,40331,43
1991,30,Females,40778,24
1991,30,Males,39901,36
1991,31,Females,39612,22
1991,31,Males,39365,47
1991,32,Females,38890,16
1991,32,Males,38077,50
1991,33,Females,38057,21
1991,33,Males,36596,44
1991,34,Females,36986,36
1991,34,Males,35652,43
1991,35,Females,35816,25
1991,35,Males,35592,62
1991,36,Females,34617,36
1991,36,Males,33801,48
1991,37,Females,34374,27
1991,37,Males,33778,49
1991,38,Females,33675,43
1991,38,Males,33201,57
1991,39,Females,32763,36
1991,39,Males,31753,62
1991,40,Females,33555,38
1991,40,Males,33156,84
1991,41,Females,33814,46
1991,41,Males,33549,80
1991,42,Females,35237,63
1991,42,Males,34710,88
1991,43,Females,36753,68
1991,43,Males,36291,115
1991,44,Females,40033,81
1991,44,Males,39652,112
1991,45,Females,30904,64
1991,45,Males,30680,118
1991,46,Females,29797,75
1991,46,Males,29464,98
1991,47,Females,30988,92
1991,47,Males,30572,149
1991,48,Females,30778,96
1991,48,Males,29755,171
1991,49,Females,29149,104
1991,49,Males,27949,168
1991,50,Females,27857,112
1991,50,Males,26423,158
1991,51,Females,29060,116
1991,51,Males,27567,194
1991,52,Females,29208,123
1991,52,Males,27694,203
1991,53,Females,29093,136
1991,53,Males,27648,241
1991,54,Females,28958,152
1991,54,Males,26976,241
1991,55,Females,28685,179
1991,55,Males,26787,300
1991,56,Females,28429,207
1991,56,Males,26308,267
1991,57,Females,27874,218
1991,57,Males,25900,341
1991,58,Females,27730,231
1991,58,Males,25450,400
1991,59,Females,28849,284
1991,59,Males,26068,420
1991,60,Females,28840,294
1991,60,Males,25890,409
1991,61,Females,28802,369
1991,61,Males,25270,500
1991,62,Females,28240,371
1991,62,Males,24900,546
1991,63,Females,27540,391
1991,63,Males,23920,578
1991,64,Females,27644,430
1991,64,Males,23761,621
1991,65,Females,27917,486
1991,65,Males,23998,712
1991,66,Females,27036,525
1991,66,Males,22727,746
1991,67,Females,26712,549
1991,67,Males,22094,810
1991,68,Females,26264,609
1991,68,Males,20907,847
1991,69,Females,27234,696
1991,69,Males,21492,931
1991,70,Females,27502,756
1991,70,Males,20567,1051
1991,71,Females,28560,799
1991,71,Males,20673,1008
1991,72,Females,19818,665
1991,72,Males,13693,806
1991,73,Females,18777,704
1991,73,Males,12701,817
1991,74,Females,19354,753
1991,74,Males,13068,929
1991,75,Females,20323,845
1991,75,Males,12853,934
1991,76,Females,20869,1006
1991,76,Males,12944,947
1991,77,Females,20101,1047
1991,77,Males,11874,966
1991,78,Females,18783,1138
1991,78,Males,11002,1025
1991,79,Females,17347,1065
1991,79,Males,9724,1021
1991,80,Females,16543,1142
1991,80,Males,8590,951
1991,81,Females,15569,1168
1991,81,Males,7696,914
1991,82,Females,14294,1207
1991,82,Males,6601,919
1991,83,Females,12809,1231
1991,83,Males,5592,826
1991,84,Females,11076,1210
1991,84,Males,4496,706
1991,85,Females,10222,1175
1991,85,Males,3776,607
1991,86,Females,8756,1109
1991,86,Males,3046,573
1991,87,Females,7623,1069
1991,87,Males,2489,497
1991,88,Females,6376,933
1991,88,Males,1853,394
1991,89,Females,5178,869
1991,89,Males,1490,345
1991,90,Females,16130,3829
1991,90,Males,3329,914
1992,0,Females,32611,184
1992,0,Males,33922,265
1992,1,Females,32040,19
1992,1,Males,33472,22
1992,2,Females,30948,19
1992,2,Males,32198,11
1992,3,Females,31155,8
1992,3,Males,32637,11
1992,4,Females,32049,4
1992,4,Males,34030,7
1992,5,Females,31823,7
1992,5,Males,33121,9
1992,6,Females,32060,5
1992,6,Males,33544,7
1992,7,Females,31616,6
1992,7,Males,32646,4
1992,8,Females,30335,3
1992,8,Males,31824,5
1992,9,Females,30988,2
1992,9,Males,32306,3
1992,10,Females,31683,3
1992,10,Males,32900,4
1992,11,Females,32457,3
1992,11,Males,34217,7
1992,12,Females,32040,8
1992,12,Males,33237,8
1992,13,Females,30640,5
1992,13,Males,32502,11
1992,14,Females,29002,2
1992,14,Males,29960,6
1992,15,Females,28328,4
1992,15,Males,29897,12
1992,16,Females,30769,9
1992,16,Males,31944,15
1992,17,Females,31510,11
1992,17,Males,32164,28
1992,18,Females,31797,11
1992,18,Males,32837,33
1992,19,Females,34925,10
1992,19,Males,36129,35
1992,20,Females,37701,13
1992,20,Males,38134,35
1992,21,Females,39815,11
1992,21,Males,40289,47
1992,22,Females,39518,13
1992,22,Males,39703,44
1992,23,Females,40239,15
1992,23,Males,40597,47
1992,24,Females,41009,21
1992,24,Males,40788,65
1992,25,Females,40916,20
1992,25,Males,41448,63
1992,26,Females,40573,21
1992,26,Males,39856,60
1992,27,Females,42278,25
1992,27,Males,41495,57
1992,28,Females,42185,18
1992,28,Males,40917,46
1992,29,Females,41465,23
1992,29,Males,40120,57
1992,30,Females,40567,15
1992,30,Males,40049,53
1992,31,Females,40706,25
1992,31,Males,39672,53
1992,32,Females,39607,22
1992,32,Males,39076,42
1992,33,Females,38895,32
1992,33,Males,37902,40
1992,34,Females,38132,24
1992,34,Males,36470,40
1992,35,Females,36993,33
1992,35,Males,35635,45
1992,36,Females,35875,23
1992,36,Males,35516,61
1992,37,Females,34666,30
1992,37,Males,33756,57
1992,38,Females,34339,44
1992,38,Males,33774,56
1992,39,Females,33694,47
1992,39,Males,33204,52
1992,40,Females,32772,40
1992,40,Males,31819,79
1992,41,Females,33559,48
1992,41,Males,33128,100
1992,42,Females,33823,39
1992,42,Males,33543,83
1992,43,Females,35244,62
1992,43,Males,34740,92
1992,44,Females,36732,76
1992,44,Males,36280,106
1992,45,Females,39958,90
1992,45,Males,39522,124
1992,46,Females,30881,85
1992,46,Males,30645,120
1992,47,Females,29769,76
1992,47,Males,29401,113
1992,48,Females,30974,95
1992,48,Males,30440,149
1992,49,Females,30709,104
1992,49,Males,29679,172
1992,50,Females,29119,104
1992,50,Males,27825,177
1992,51,Females,27793,123
1992,51,Males,26350,175
1992,52,Females,28984,143
1992,52,Males,27444,200
1992,53,Females,29133,128
1992,53,Males,27549,244
1992,54,Females,28993,161
1992,54,Males,27517,242
1992,55,Females,28859,160
1992,55,Males,26789,255
1992,56,Females,28531,199
1992,56,Males,26579,290
1992,57,Females,28295,221
1992,57,Males,26064,336
1992,58,Females,27723,235
1992,58,Males,25654,354
1992,59,Females,27547,246
1992,59,Males,25129,380
1992,60,Females,28656,330
1992,60,Males,25721,453
1992,61,Females,28573,310
1992,61,Males,25459,479
1992,62,Females,28471,345
1992,62,Males,24803,538
1992,63,Females,27888,387
1992,63,Males,24383,590
1992,64,Females,27175,383
1992,64,Males,23366,638
1992,65,Females,27195,500
1992,65,Males,23129,685
1992,66,Females,27461,503
1992,66,Males,23302,747
1992,67,Females,26504,551
1992,67,Males,21959,846
1992,68,Females,26179,581
1992,68,Males,21287,852
1992,69,Females,25654,628
1992,69,Males,20044,868
1992,70,Females,26516,727
1992,70,Males,20520,942
1992,71,Females,26713,793
1992,71,Males,19601,965
1992,72,Females,27666,883
1992,72,Males,19606,1060
1992,73,Females,19159,755
1992,73,Males,12913,799
1992,74,Females,18081,742
1992,74,Males,11955,777
1992,75,Females,18517,845
1992,75,Males,12099,882
1992,76,Females,19463,916
1992,76,Males,11929,942
1992,77,Females,19857,1022
1992,77,Males,11955,974
1992,78,Females,19022,1051
1992,78,Males,10870,1029
1992,79,Females,17697,1162
1992,79,Males,9981,1033
1992,80,Females,16260,1097
1992,80,Males,8729,1003
1992,81,Females,15391,1232
1992,81,Males,7667,895
1992,82,Females,14443,1209
1992,82,Males,6785,885
1992,83,Females,13101,1237
1992,83,Males,5687,865
1992,84,Females,11603,1173
1992,84,Males,4801,717
1992,85,Females,9949,1164
1992,85,Males,3808,658
1992,86,Females,9034,1108
1992,86,Males,3166,562
1992,87,Females,7703,998
1992,87,Males,2518,493
1992,88,Females,6635,919
1992,88,Males,2026,419
1992,89,Females,5460,894
1992,89,Males,1514,339
1992,90,Females,16975,3925
1992,90,Males,3704,1085
1993,0,Females,31396,172
1993,0,Males,32624,240
1993,1,Females,32557,16
1993,1,Males,33843,14
1993,2,Females,32076,11
1993,2,Males,33430,15
1993,3,Females,31004,8
1993,3,Males,32291,10
1993,4,Females,31103,10
1993,4,Males,32654,11
1993,5,Females,32077,14
1993,5,Males,34040,3
1993,6,Females,31845,5
1993,6,Males,33170,4
1993,7,Females,32062,5
1993,7,Males,33582,8
1993,8,Females,31720,4
1993,8,Males,32747,9
1993,9,Females,30393,6
1993,9,Males,31830,15
1993,10,Females,30956,5
1993,10,Males,32190,6
1993,11,Females,31636,7
1993,11,Males,32809,11
1993,12,Females,32511,5
1993,12,Males,34152,7
1993,13,Females,32056,4
1993,13,Males,33181,8
1993,14,Females,30644,6
1993,14,Males,32352,5
1993,15,Females,28998,6
1993,15,Males,29746,15
1993,16,Females,28274,11
1993,16,Males,29604,12
1993,17,Females,30681,13
1993,17,Males,31600,19
1993,18,Females,31349,10
1993,18,Males,31772,31
1993,19,Females,32951,15
1993,19,Males,33546,30
1993,20,Females,35479,7
1993,20,Males,36328,34
1993,21,Females,37910,9
1993,21,Males,38106,34
1993,22,Females,39655,13
1993,22,Males,39963,51
1993,23,Females,39116,16
1993,23,Males,39220,52
1993,24,Females,39961,15
1993,24,Males,40034,54
1993,25,Females,40832,17
1993,25,Males,40357,40
1993,26,Females,40893,21
1993,26,Males,41145,46
1993,27,Females,40700,17
1993,27,Males,39641,53
1993,28,Females,42314,22
1993,28,Males,41283,51
1993,29,Females,42229,23
1993,29,Males,40678,41
1993,30,Females,41562,35
1993,30,Males,40002,61
1993,31,Females,40673,44
1993,31,Males,40024,51
1993,32,Females,40763,26
1993,32,Males,39590,49
1993,33,Females,39678,24
1993,33,Males,38984,45
1993,34,Females,39038,29
1993,34,Males,37871,53
1993,35,Females,38242,39
1993,35,Males,36509,54
1993,36,Females,37007,36
1993,36,Males,35689,62
1993,37,Females,35917,40
1993,37,Males,35481,50
1993,38,Females,34736,31
1993,38,Males,33791,47
1993,39,Females,34403,32
1993,39,Males,33846,66
1993,40,Females,33729,44
1993,40,Males,33275,78
1993,41,Females,32777,49
1993,41,Males,31867,66
1993,42,Females,33612,48
1993,42,Males,33143,100
1993,43,Females,33857,71
1993,43,Males,33599,90
1993,44,Females,35173,70
1993,44,Males,34743,112
1993,45,Females,36718,68
1993,45,Males,36238,144
1993,46,Females,39935,92
1993,46,Males,39509,157
1993,47,Females,30835,80
1993,47,Males,30630,136
1993,48,Females,29768,75
1993,48,Males,29328,146
1993,49,Females,30952,116
1993,49,Males,30419,155
1993,50,Females,30688,114
1993,50,Males,29593,190
1993,51,Females,29093,104
1993,51,Males,27734,197
1993,52,Females,27762,138
1993,52,Males,26264,198
1993,53,Females,28902,150
1993,53,Males,27334,222
1993,54,Females,29043,152
1993,54,Males,27413,272
1993,55,Females,28894,153
1993,55,Males,27372,285
1993,56,Females,28693,187
1993,56,Males,26609,312
1993,57,Females,28451,204
1993,57,Males,26363,341
1993,58,Females,28162,234
1993,58,Males,25776,354
1993,59,Females,27561,250
1993,59,Males,25348,394
1993,60,Females,27314,300
1993,60,Males,24780,436
1993,61,Females,28422,311
1993,61,Males,25318,472
1993,62,Females,28254,335
1993,62,Males,24998,546
1993,63,Females,28136,420
1993,63,Males,24264,592
1993,64,Females,27515,399
1993,64,Males,23800,643
1993,65,Females,26775,465
1993,65,Males,22777,676
1993,66,Females,26702,513
1993,66,Males,22463,722
1993,67,Females,26967,557
1993,67,Males,22520,850
1993,68,Females,25964,617
1993,68,Males,21152,900
1993,69,Females,25646,663
1993,69,Males,20445,872
1993,70,Females,24984,725
1993,70,Males,19142,917
1993,71,Females,25795,787
1993,71,Males,19559,1027
1993,72,Females,25943,848
1993,72,Males,18653,1024
1993,73,Females,26749,951
1993,73,Males,18495,1123
1993,74,Females,18473,792
1993,74,Males,12096,920
1993,75,Females,17321,771
1993,75,Males,11061,873
1993,76,Females,17672,898
1993,76,Males,11157,880
1993,77,Females,18490,1049
1993,77,Males,10969,998
1993,78,Females,18765,1139
1993,78,Males,10890,1017
1993,79,Females,17954,1247
1993,79,Males,9848,1046
1993,80,Females,16524,1218
1993,80,Males,8984,997
1993,81,Females,15091,1218
1993,81,Males,7755,1003
1993,82,Females,14162,1228
1993,82,Males,6746,949
1993,83,Females,13213,1294
1993,83,Males,5934,856
1993,84,Females,11937,1268
1993,84,Males,4920,851
1993,85,Females,10471,1261
1993,85,Males,4070,668
1993,86,Females,8774,1226
1993,86,Males,3186,599
1993,87,Females,7891,1237
1993,87,Males,2603,597
1993,88,Females,6684,1034
1993,88,Males,2028,475
1993,89,Females,5669,993
1993,89,Males,1608,362
1993,90,Females,17782,4553
1993,90,Males,3936,1197
1994,0,Females,30702,170
1994,0,Males,32108,212
1994,1,Females,31378,14
1994,1,Males,32605,19
1994,2,Females,32519,6
1994,2,Males,33837,7
1994,3,Females,32101,6
1994,3,Males,33474,11
1994,4,Females,31091,3
1994,4,Males,32402,5
1994,5,Females,31150,3
1994,5,Males,32700,7
1994,6,Females,32116,5
1994,6,Males,34107,6
1994,7,Females,31914,1
1994,7,Males,33263,4
1994,8,Females,32121,0
1994,8,Males,33670,5
1994,9,Females,31879,2
1994,9,Males,32920,5
1994,10,Females,30495,4
1994,10,Males,31850,7
1994,11,Females,30928,4
1994,11,Males,32168,6
1994,12,Females,31601,2
1994,12,Males,32675,11
1994,13,Females,32451,2
1994,13,Males,34132,8
1994,14,Females,32082,7
1994,14,Males,33176,16
1994,15,Females,30638,3
1994,15,Males,32250,11
1994,16,Females,28999,4
1994,16,Males,29555,17
1994,17,Females,28277,9
1994,17,Males,29331,25
1994,18,Females,30667,10
1994,18,Males,31405,43
1994,19,Females,32655,7
1994,19,Males,32578,37
1994,20,Females,33674,6
1994,20,Males,33973,31
1994,21,Females,35707,17
1994,21,Males,36332,41
1994,22,Females,37868,9
1994,22,Males,37911,45
1994,23,Females,39268,20
1994,23,Males,39375,54
1994,24,Females,38855,22
1994,24,Males,38769,41
1994,25,Females,39929,18
1994,25,Males,39633,51
1994,26,Females,40847,13
1994,26,Males,39979,50
1994,27,Females,41073,22
1994,27,Males,41016,67
1994,28,Females,40912,25
1994,28,Males,39506,51
1994,29,Females,42401,24
1994,29,Males,41123,54
1994,30,Females,42361,29
1994,30,Males,40524,56
1994,31,Females,41747,20
1994,31,Males,40025,49
1994,32,Females,40819,21
1994,32,Males,39974,63
1994,33,Females,40878,32
1994,33,Males,39509,47
1994,34,Females,39774,25
1994,34,Males,38911,50
1994,35,Females,39122,30
1994,35,Males,37883,50
1994,36,Females,38371,34
1994,36,Males,36597,48
1994,37,Females,37104,42
1994,37,Males,35821,54
1994,38,Females,36014,38
1994,38,Males,35498,53
1994,39,Females,34824,52
1994,39,Males,33837,70
1994,40,Females,34496,53
1994,40,Males,33964,75
1994,41,Females,33747,54
1994,41,Males,33284,87
1994,42,Females,32763,54
1994,42,Males,31994,82
1994,43,Females,33623,74
1994,43,Males,33171,99
1994,44,Females,33919,64
1994,44,Males,33685,97
1994,45,Females,35173,77
1994,45,Males,34759,122
1994,46,Females,36682,85
1994,46,Males,36251,134
1994,47,Females,39944,91
1994,47,Males,39452,137
1994,48,Females,30806,80
1994,48,Males,30627,130
1994,49,Females,29799,89
1994,49,Males,29270,156
1994,50,Females,30934,107
1994,50,Males,30352,165
1994,51,Females,30684,136
1994,51,Males,29538,204
1994,52,Females,29025,146
1994,52,Males,27654,193
1994,53,Females,27666,128
1994,53,Males,26134,207
1994,54,Females,28808,163
1994,54,Males,27208,236
1994,55,Females,28947,169
1994,55,Males,27236,275
1994,56,Females,28749,211
1994,56,Males,27155,332
1994,57,Females,28544,211
1994,57,Males,26356,315
1994,58,Females,28315,193
1994,58,Males,26114,339
1994,59,Females,27991,248
1994,59,Males,25498,336
1994,60,Females,27375,254
1994,60,Males,25010,409
1994,61,Females,27151,318
1994,61,Males,24432,427
1994,62,Females,28164,341
1994,62,Males,24861,551
1994,63,Females,27944,344
1994,63,Males,24477,531
1994,64,Females,27791,434
1994,64,Males,23682,599
1994,65,Females,27148,456
1994,65,Males,23204,627
1994,66,Females,26312,477
1994,66,Males,22055,715
1994,67,Females,26191,516
1994,67,Males,21708,770
1994,68,Females,26402,601
1994,68,Males,21682,794
1994,69,Females,25400,586
1994,69,Males,20282,861
1994,70,Females,24986,665
1994,70,Males,19598,867
1994,71,Females,24271,741
1994,71,Males,18247,914
1994,72,Females,25017,789
1994,72,Males,18549,1007
1994,73,Females,25147,843
1994,73,Males,17669,985
1994,74,Females,25785,943
1994,74,Males,17391,1035
1994,75,Females,17765,766
1994,75,Males,11250,773
1994,76,Females,16538,751
1994,76,Males,10278,780
1994,77,Females,16795,825
1994,77,Males,10300,856
1994,78,Females,17517,952
1994,78,Males,10038,869
1994,79,Females,17644,1057
1994,79,Males,9870,938
1994,80,Females,16798,1181
1994,80,Males,8836,893
1994,81,Females,15295,1077
1994,81,Males,8043,898
1994,82,Females,13981,1115
1994,82,Males,6799,844
1994,83,Females,12957,1118
1994,83,Males,5863,817
1994,84,Females,11980,1166
1994,84,Males,5045,778
1994,85,Females,10796,1123
1994,85,Males,4204,655
1994,86,Females,9299,1110
1994,86,Males,3420,613
1994,87,Females,7633,1006
1994,87,Males,2612,500
1994,88,Females,6786,1018
1994,88,Males,2098,424
1994,89,Females,5713,863
1994,89,Males,1613,358
1994,90,Females,18360,4282
1994,90,Males,4122,1120
1995,0,Females,29426,178
1995,0,Males,30808,197
1995,1,Females,30575,10
1995,1,Males,31935,14
1995,2,Females,31323,5
1995,2,Males,32482,10
1995,3,Females,32419,6
1995,3,Males,33794,9
1995,4,Females,32070,5
1995,4,Males,33494,4
1995,5,Females,31060,4
1995,5,Males,32398,6
1995,6,Females,31155,5
1995,6,Males,32626,8
1995,7,Females,32060,1
1995,7,Males,34064,2
1995,8,Females,31908,2
1995,8,Males,33302,6
1995,9,Females,32117,4
1995,9,Males,33691,8
1995,10,Females,31972,7
1995,10,Males,32981,5
1995,11,Females,30508,6
1995,11,Males,31850,5
1995,12,Females,30868,4
1995,12,Males,32061,8
1995,13,Females,31524,3
1995,13,Males,32493,6
1995,14,Females,32402,6
1995,14,Males,33998,6
1995,15,Females,32081,8
1995,15,Males,33110,21
1995,16,Females,30610,9
1995,16,Males,32058,19
1995,17,Females,28873,7
1995,17,Males,29270,33
1995,18,Females,28292,13
1995,18,Males,29096,38
1995,19,Females,32138,13
1995,19,Males,32311,41
1995,20,Females,33343,9
1995,20,Males,32835,33
1995,21,Females,33764,14
1995,21,Males,33878,44
1995,22,Females,35523,10
1995,22,Males,35850,46
1995,23,Females,37414,15
1995,23,Males,37189,29
1995,24,Females,38935,22
1995,24,Males,38549,43
1995,25,Females,38649,16
1995,25,Males,38128,44
1995,26,Females,39827,23
1995,26,Males,39128,52
1995,27,Females,40828,14
1995,27,Males,39682,61
1995,28,Females,41084,12
1995,28,Males,40715,54
1995,29,Females,40982,22
1995,29,Males,39201,54
1995,30,Females,42342,21
1995,30,Males,40851,56
1995,31,Females,42423,37
1995,31,Males,40309,63
1995,32,Females,41880,23
1995,32,Males,39784,67
1995,33,Females,40847,32
1995,33,Males,39852,50
1995,34,Females,40872,31
1995,34,Males,39214,62
1995,35,Females,39737,27
1995,35,Males,38707,49
1995,36,Females,39199,38
1995,36,Males,37790,66
1995,37,Females,38382,34
1995,37,Males,36577,45
1995,38,Females,37182,35
1995,38,Males,35816,62
1995,39,Females,36050,31
1995,39,Males,35455,57
1995,40,Females,34801,54
1995,40,Males,33922,77
1995,41,Females,34494,53
1995,41,Males,33912,74
1995,42,Females,33758,49
1995,42,Males,33248,84
1995,43,Females,32757,47
1995,43,Males,32034,90
1995,44,Females,33627,67
1995,44,Males,33171,94
1995,45,Females,33912,75
1995,45,Males,33606,135
1995,46,Females,35112,79
1995,46,Males,34767,148
1995,47,Females,36588,99
1995,47,Males,36182,146
1995,48,Females,39877,101
1995,48,Males,39354,170
1995,49,Females,30786,108
1995,49,Males,30548,137
1995,50,Females,29735,115
1995,50,Males,29207,158
1995,51,Females,30858,113
1995,51,Males,30257,203
1995,52,Females,30607,134
1995,52,Males,29431,211
1995,53,Females,28930,139
1995,53,Males,27497,219
1995,54,Females,27607,137
1995,54,Males,25969,219
1995,55,Females,28704,145
1995,55,Males,27055,284
1995,56,Females,28811,172
1995,56,Males,26989,290
1995,57,Females,28572,207
1995,57,Males,26900,320
1995,58,Females,28388,222
1995,58,Males,26095,346
1995,59,Females,28176,211
1995,59,Males,25847,373
1995,60,Females,27829,290
1995,60,Males,25221,409
1995,61,Females,27163,283
1995,61,Males,24623,477
1995,62,Females,26911,299
1995,62,Males,24041,467
1995,63,Females,27880,364
1995,63,Males,24368,554
1995,64,Females,27628,408
1995,64,Males,23928,624
1995,65,Females,27361,422
1995,65,Males,23117,679
1995,66,Females,26751,501
1995,66,Males,22612,674
1995,67,Females,25802,505
1995,67,Males,21327,748
1995,68,Females,25649,547
1995,68,Males,20967,763
1995,69,Females,25825,588
1995,69,Males,20932,860
1995,70,Females,24803,688
1995,70,Males,19437,817
1995,71,Females,24328,722
1995,71,Males,18768,899
1995,72,Females,23515,769
1995,72,Males,17343,969
1995,73,Females,24235,816
1995,73,Males,17522,1016
1995,74,Females,24283,891
1995,74,Males,16687,1024
1995,75,Females,24777,1088
1995,75,Males,16355,1058
1995,76,Females,17035,800
1995,76,Males,10532,783
1995,77,Females,15741,786
1995,77,Males,9452,792
1995,78,Females,15934,885
1995,78,Males,9464,834
1995,79,Females,16527,1039
1995,79,Males,9197,912
1995,80,Females,16630,1107
1995,80,Males,8910,971
1995,81,Females,15686,1199
1995,81,Males,7957,914
1995,82,Females,14196,1151
1995,82,Males,7176,853
1995,83,Females,12883,1175
1995,83,Males,5961,802
1995,84,Females,11750,1222
1995,84,Males,5106,685
1995,85,Females,10842,1220
1995,85,Males,4306,734
1995,86,Females,9692,1209
1995,86,Males,3565,611
1995,87,Females,8224,1156
1995,87,Males,2880,551
1995,88,Females,6689,964
1995,88,Males,2146,452
1995,89,Females,5877,942
1995,89,Males,1706,373
1995,90,Females,19147,4584
1995,90,Males,4424,1225
1996,0,Females,28495,159
1996,0,Males,30016,206
1996,1,Females,29250,8
1996,1,Males,30705,16
1996,2,Females,30389,5
1996,2,Males,31747,14
1996,3,Females,31181,7
1996,3,Males,32413,4
1996,4,Females,32257,4
1996,4,Males,33630,7
1996,5,Females,32046,19
1996,5,Males,33455,8
1996,6,Females,30963,1
1996,6,Males,32381,6
1996,7,Females,31045,2
1996,7,Males,32600,1
1996,8,Females,31950,4
1996,8,Males,33979,2
1996,9,Females,31862,5
1996,9,Males,33259,6
1996,10,Females,32067,3
1996,10,Males,33602,5
1996,11,Females,31976,2
1996,11,Males,32967,7
1996,12,Females,30467,5
1996,12,Males,31757,12
1996,13,Females,30756,4
1996,13,Males,31869,8
1996,14,Females,31394,7
1996,14,Males,32312,14
1996,15,Females,32318,6
1996,15,Males,33876,11
1996,16,Females,32000,12
1996,16,Males,32901,17
1996,17,Females,30527,14
1996,17,Males,31740,32
1996,18,Females,28762,10
1996,18,Males,28930,38
1996,19,Females,29533,7
1996,19,Males,29860,41
1996,20,Females,32542,8
1996,20,Males,32449,34
1996,21,Females,33278,15
1996,21,Males,32627,61
1996,22,Females,33462,14
1996,22,Males,33257,49
1996,23,Females,34857,17
1996,23,Males,34890,35
1996,24,Females,36848,13
1996,24,Males,36237,33
1996,25,Females,38611,15
1996,25,Males,37792,47
1996,26,Females,38265,16
1996,26,Males,37415,48
1996,27,Females,39525,17
1996,27,Males,38638,54
1996,28,Females,40694,26
1996,28,Males,39185,54
1996,29,Females,41053,18
1996,29,Males,40246,52
1996,30,Females,40857,22
1996,30,Males,38835,75
1996,31,Females,42220,28
1996,31,Males,40512,48
1996,32,Females,42377,32
1996,32,Males,39971,60
1996,33,Females,41850,19
1996,33,Males,39624,61
1996,34,Females,40809,25
1996,34,Males,39572,57
1996,35,Females,40763,45
1996,35,Males,39019,72
1996,36,Females,39590,26
1996,36,Males,38427,65
1996,37,Females,39097,38
1996,37,Males,37594,64
1996,38,Females,38351,36
1996,38,Males,36447,74
1996,39,Females,37192,47
1996,39,Males,35652,69
1996,40,Females,36029,46
1996,40,Males,35318,78
1996,41,Females,34745,37
1996,41,Males,33843,72
1996,42,Females,34480,50
1996,42,Males,33818,84
1996,43,Females,33690,66
1996,43,Males,33183,92
1996,44,Females,32709,62
1996,44,Males,32000,86
1996,45,Females,33557,87
1996,45,Males,33056,131
1996,46,Females,33859,80
1996,46,Males,33522,124
1996,47,Females,35056,90
1996,47,Males,34661,149
1996,48,Females,36498,115
1996,48,Males,36049,152
1996,49,Females,39737,125
1996,49,Males,39178,199
1996,50,Females,30715,114
1996,50,Males,30411,169
1996,51,Females,29670,120
1996,51,Males,29104,190
1996,52,Females,30767,141
1996,52,Males,30096,229
1996,53,Females,30505,141
1996,53,Males,29228,242
1996,54,Females,28759,159
1996,54,Males,27352,259
1996,55,Females,27541,153
1996,55,Males,25788,253
1996,56,Females,28579,176
1996,56,Males,26788,275
1996,57,Females,28649,219
1996,57,Males,26691,358
1996,58,Females,28382,214
1996,58,Males,26638,344
1996,59,Females,28176,244
1996,59,Males,25767,399
1996,60,Females,27966,272
1996,60,Males,25518,401
1996,61,Females,27619,242
1996,61,Males,24886,401
1996,62,Females,26933,312
1996,62,Males,24186,472
1996,63,Females,26640,334
1996,63,Males,23553,560
1996,64,Females,27567,406
1996,64,Males,23845,621
1996,65,Females,27225,404
1996,65,Males,23337,652
1996,66,Females,26931,465
1996,66,Males,22465,652
1996,67,Females,26278,490
1996,67,Males,21918,674
1996,68,Females,25217,578
1996,68,Males,20614,736
1996,69,Females,25101,606
1996,69,Males,20118,816
1996,70,Females,25227,611
1996,70,Males,20036,878
1996,71,Females,24080,715
1996,71,Males,18540,923
1996,72,Females,23714,705
1996,72,Males,17821,956
1996,73,Females,22791,759
1996,73,Males,16414,969
1996,74,Females,23390,872
1996,74,Males,16515,999
1996,75,Females,23332,978
1996,75,Males,15684,1026
1996,76,Females,23762,998
1996,76,Males,15264,1088
1996,77,Females,16275,810
1996,77,Males,9742,813
1996,78,Females,14896,834
1996,78,Males,8674,767
1996,79,Females,15009,926
1996,79,Males,8595,845
1996,80,Females,15507,981
1996,80,Males,8281,887
1996,81,Females,15487,1160
1996,81,Males,7978,906
1996,82,Females,14528,1163
1996,82,Males,7056,903
1996,83,Females,13022,1194
1996,83,Males,6254,883
1996,84,Females,11690,1211
1996,84,Males,5172,803
1996,85,Females,10573,1126
1996,85,Males,4374,714
1996,86,Females,9660,1187
1996,86,Males,3666,682
1996,87,Females,8576,1160
1996,87,Males,2947,546
1996,88,Females,7136,1055
1996,88,Males,2381,484
1996,89,Females,5725,983
1996,89,Males,1682,404
1996,90,Females,19731,4708
1996,90,Males,4625,1294
1997,0,Females,28992,130
1997,0,Males,30648,186
1997,1,Females,28431,10
1997,1,Males,29887,9
1997,2,Females,29097,5
1997,2,Males,30576,8
1997,3,Females,30282,4
1997,3,Males,31552,8
1997,4,Females,31005,4
1997,4,Males,32235,7
1997,5,Females,32115,8
1997,5,Males,33523,2
1997,6,Females,31941,8
1997,6,Males,33454,2
1997,7,Females,30952,4
1997,7,Males,32455,7
1997,8,Females,30962,4
1997,8,Males,32576,6
1997,9,Females,31898,4
1997,9,Males,33899,5
1997,10,Females,31833,4
1997,10,Males,33268,7
1997,11,Females,32021,6
1997,11,Males,33562,2
1997,12,Females,31988,3
1997,12,Males,33029,7
1997,13,Females,30406,4
1997,13,Males,31721,8
1997,14,Females,30643,4
1997,14,Males,31698,3
1997,15,Females,31265,10
1997,15,Males,32101,6
1997,16,Females,32181,6
1997,16,Males,33644,21
1997,17,Females,31930,13
1997,17,Males,32577,16
1997,18,Females,30346,6
1997,18,Males,31400,28
1997,19,Females,30077,8
1997,19,Males,29713,43
1997,20,Females,29947,11
1997,20,Males,29963,29
1997,21,Females,32290,21
1997,21,Males,32152,41
1997,22,Females,32947,13
1997,22,Males,31926,41
1997,23,Females,32498,6
1997,23,Males,32166,45
1997,24,Females,34246,20
1997,24,Males,33917,52
1997,25,Females,36520,15
1997,25,Males,35387,48
1997,26,Females,38253,9
1997,26,Males,37073,33
1997,27,Females,38064,17
1997,27,Males,36751,50
1997,28,Females,39359,18
1997,28,Males,38170,56
1997,29,Females,40664,19
1997,29,Males,38749,51
1997,30,Females,40976,20
1997,30,Males,39853,53
1997,31,Females,40792,24
1997,31,Males,38508,43
1997,32,Females,42129,22
1997,32,Males,40227,65
1997,33,Females,42308,27
1997,33,Males,39687,68
1997,34,Females,41865,28
1997,34,Males,39435,54
1997,35,Females,40781,41
1997,35,Males,39408,55
1997,36,Females,40719,30
1997,36,Males,38815,53
1997,37,Females,39490,34
1997,37,Males,38177,76
1997,38,Females,39076,48
1997,38,Males,37418,71
1997,39,Females,38298,43
1997,39,Males,36380,64
1997,40,Females,37158,53
1997,40,Males,35605,84
1997,41,Females,35961,43
1997,41,Males,35254,95
1997,42,Females,34668,62
1997,42,Males,33775,94
1997,43,Females,34423,72
1997,43,Males,33768,90
1997,44,Females,33637,70
1997,44,Males,33163,106
1997,45,Females,32674,66
1997,45,Males,31969,120
1997,46,Females,33515,69
1997,46,Males,32941,128
1997,47,Females,33812,78
1997,47,Males,33390,141
1997,48,Females,34968,100
1997,48,Males,34585,148
1997,49,Females,36384,114
1997,49,Males,35909,164
1997,50,Females,39617,138
1997,50,Males,39050,193
1997,51,Females,30617,128
1997,51,Males,30328,194
1997,52,Females,29616,130
1997,52,Males,28954,197
1997,53,Females,30667,153
1997,53,Males,29916,257
1997,54,Females,30401,152
1997,54,Males,29046,252
1997,55,Females,28619,159
1997,55,Males,27174,298
1997,56,Females,27411,171
1997,56,Males,25557,273
1997,57,Females,28426,214
1997,57,Males,26523,315
1997,58,Females,28456,194
1997,58,Males,26416,309
1997,59,Females,28237,226
1997,59,Males,26393,376
1997,60,Females,27983,238
1997,60,Males,25441,380
1997,61,Females,27713,294
1997,61,Males,25198,412
1997,62,Females,27400,313
1997,62,Males,24531,450
1997,63,Females,26645,324
1997,63,Males,23785,545
1997,64,Females,26330,347
1997,64,Males,23038,518
1997,65,Females,27203,414
1997,65,Males,23239,599
1997,66,Females,26822,471
1997,66,Males,22726,642
1997,67,Females,26478,478
1997,67,Males,21827,683
1997,68,Females,25821,483
1997,68,Males,21224,754
1997,69,Females,24645,578
1997,69,Males,19924,738
1997,70,Females,24502,588
1997,70,Males,19298,793
1997,71,Females,24604,668
1997,71,Males,19192,914
1997,72,Females,23394,749
1997,72,Males,17673,855
1997,73,Females,23042,747
1997,73,Males,16844,941
1997,74,Females,22034,809
1997,74,Males,15463,990
1997,75,Females,22491,924
1997,75,Males,15531,1028
1997,76,Females,22377,981
1997,76,Males,14636,1066
1997,77,Females,22768,1040
1997,77,Males,14167,1067
1997,78,Females,15474,881
1997,78,Males,9032,752
1997,79,Females,14061,834
1997,79,Males,7869,759
1997,80,Females,14049,943
1997,80,Males,7800,807
1997,81,Females,14465,1124
1997,81,Males,7403,833
1997,82,Females,14354,1133
1997,82,Males,7075,887
1997,83,Females,13349,1197
1997,83,Males,6193,828
1997,84,Females,11868,1107
1997,84,Males,5437,764
1997,85,Females,10560,1239
1997,85,Males,4424,650
1997,86,Females,9410,1142
1997,86,Males,3681,669
1997,87,Females,8534,1147
1997,87,Males,3081,529
1997,88,Females,7453,1051
1997,88,Males,2455,509
1997,89,Females,6165,946
1997,89,Males,1902,380
1997,90,Females,20170,4896
1997,90,Males,4837,1299
1998,0,Females,28040,137
1998,0,Males,29525,183
1998,1,Females,28849,9
1998,1,Males,30540,14
1998,2,Females,28447,7
1998,2,Males,29868,10
1998,3,Females,28977,7
1998,3,Males,30533,7
1998,4,Females,30160,3
1998,4,Males,31452,6
1998,5,Females,30868,3
1998,5,Males,32147,8
1998,6,Females,32086,9
1998,6,Males,33414,5
1998,7,Females,31897,4
1998,7,Males,33414,7
1998,8,Females,30931,4
1998,8,Males,32510,6
1998,9,Females,30916,8
1998,9,Males,32519,8
1998,10,Females,31840,1
1998,10,Males,33869,6
1998,11,Females,31782,6
1998,11,Males,33256,9
1998,12,Females,31988,3
1998,12,Males,33479,7
1998,13,Females,32027,5
1998,13,Males,33065,9
1998,14,Females,30402,4
1998,14,Males,31676,8
1998,15,Females,30561,6
1998,15,Males,31551,15
1998,16,Females,31104,8
1998,16,Males,31753,18
1998,17,Females,32045,20
1998,17,Males,33307,26
1998,18,Females,31619,14
1998,18,Males,32304,35
1998,19,Females,31745,7
1998,19,Males,32327,40
1998,20,Females,30592,13
1998,20,Males,29928,39
1998,21,Females,29911,12
1998,21,Males,29677,45
1998,22,Females,31801,10
1998,22,Males,31531,38
1998,23,Females,32005,18
1998,23,Males,31012,45
1998,24,Females,31753,15
1998,24,Males,31233,33
1998,25,Females,33791,14
1998,25,Males,33097,52
1998,26,Females,36231,19
1998,26,Males,34547,48
1998,27,Females,38034,18
1998,27,Males,36491,51
1998,28,Females,37949,17
1998,28,Males,36264,49
1998,29,Females,39240,19
1998,29,Males,37687,47
1998,30,Females,40582,17
1998,30,Males,38327,42
1998,31,Females,40931,24
1998,31,Males,39562,54
1998,32,Females,40816,20
1998,32,Males,38273,60
1998,33,Females,42126,24
1998,33,Males,39971,58
1998,34,Females,42272,26
1998,34,Males,39421,63
1998,35,Females,41873,26
1998,35,Males,39307,62
1998,36,Females,40830,33
1998,36,Males,39317,67
1998,37,Females,40661,52
1998,37,Males,38580,79
1998,38,Females,39475,40
1998,38,Males,37937,74
1998,39,Females,39037,37
1998,39,Males,37300,73
1998,40,Females,38325,40
1998,40,Males,36375,72
1998,41,Females,37138,52
1998,41,Males,35613,89
1998,42,Females,35966,64
1998,42,Males,35199,95
1998,43,Females,34647,72
1998,43,Males,33708,127
1998,44,Females,34420,69
1998,44,Males,33708,105
1998,45,Females,33607,65
1998,45,Males,33095,104
1998,46,Females,32625,74
1998,46,Males,31953,121
1998,47,Females,33468,101
1998,47,Males,32872,138
1998,48,Females,33800,96
1998,48,Males,33371,144
1998,49,Females,34888,113
1998,49,Males,34519,169
1998,50,Females,36274,116
1998,50,Males,35806,208
1998,51,Females,39523,144
1998,51,Males,38899,235
1998,52,Females,30546,132
1998,52,Males,30220,200
1998,53,Females,29594,117
1998,53,Males,28836,212
1998,54,Females,30604,148
1998,54,Males,29786,265
1998,55,Females,30300,175
1998,55,Males,28919,265
1998,56,Females,28500,157
1998,56,Males,26921,256
1998,57,Females,27296,188
1998,57,Males,25370,294
1998,58,Females,28329,196
1998,58,Males,26321,326
1998,59,Females,28310,225
1998,59,Males,26174,351
1998,60,Females,28044,224
1998,60,Males,26161,390
1998,61,Females,27751,257
1998,61,Males,25105,431
1998,62,Females,27533,326
1998,62,Males,24868,467
1998,63,Females,27155,300
1998,63,Males,24111,502
1998,64,Females,26410,368
1998,64,Males,23363,546
1998,65,Females,26004,416
1998,65,Males,22595,574
1998,66,Females,26845,455
1998,66,Males,22686,654
1998,67,Females,26413,477
1998,67,Males,22133,700
1998,68,Females,26074,496
1998,68,Males,21190,686
1998,69,Females,25315,570
1998,69,Males,20510,749
1998,70,Females,24038,609
1998,70,Males,19187,778
1998,71,Females,23845,663
1998,71,Males,18517,835
1998,72,Females,23988,677
1998,72,Males,18298,913
1998,73,Females,22743,794
1998,73,Males,16839,910
1998,74,Females,22328,798
1998,74,Males,15936,947
1998,75,Females,21206,841
1998,75,Males,14511,926
1998,76,Females,21573,939
1998,76,Males,14495,1023
1998,77,Females,21422,1058
1998,77,Males,13590,1051
1998,78,Females,21650,1095
1998,78,Males,13096,1052
1998,79,Females,14649,851
1998,79,Males,8311,776
1998,80,Females,13257,877
1998,80,Males,7179,698
1998,81,Females,13132,916
1998,81,Males,7004,731
1998,82,Females,13453,1022
1998,82,Males,6584,809
1998,83,Females,13265,1157
1998,83,Males,6261,783
1998,84,Females,12221,1157
1998,84,Males,5458,736
1998,85,Females,10770,1110
1998,85,Males,4703,720
1998,86,Females,9444,1155
1998,86,Males,3815,617
1998,87,Females,8330,1124
1998,87,Males,3102,560
1998,88,Females,7479,1105
1998,88,Males,2549,473
1998,89,Females,6502,1027
1998,89,Males,1997,442
1998,90,Females,20886,5104
1998,90,Males,5201,1370
1999,0,Females,27451,115
1999,0,Males,28762,161
1999,1,Females,27956,9
1999,1,Males,29327,13
1999,2,Females,28685,6
1999,2,Males,30458,6
1999,3,Females,28420,7
1999,3,Males,29866,7
1999,4,Females,28893,4
1999,4,Males,30493,5
1999,5,Females,30044,5
1999,5,Males,31355,5
1999,6,Females,30812,4
1999,6,Males,32100,8
1999,7,Females,32031,6
1999,7,Males,33337,5
1999,8,Females,31856,3
1999,8,Males,33403,3
1999,9,Females,30952,2
1999,9,Males,32560,2
1999,10,Females,30845,3
1999,10,Males,32550,4
1999,11,Females,31798,1
1999,11,Males,33849,4
1999,12,Females,31707,5
1999,12,Males,33245,8
1999,13,Females,31966,4
1999,13,Males,33443,10
1999,14,Females,32051,4
1999,14,Males,33165,7
1999,15,Females,30393,9
1999,15,Males,31623,16
1999,16,Females,30447,11
1999,16,Males,31223,21
1999,17,Females,30957,12
1999,17,Males,31359,24
1999,18,Females,31989,13
1999,18,Males,33084,23
1999,19,Females,33260,20
1999,19,Males,33340,54
1999,20,Females,32307,13
1999,20,Males,32620,48
1999,21,Females,30631,11
1999,21,Males,29861,34
1999,22,Females,29633,7
1999,22,Males,29219,38
1999,23,Females,30965,16
1999,23,Males,30713,47
1999,24,Females,31320,11
1999,24,Males,30113,48
1999,25,Females,31389,11
1999,25,Males,30516,47
1999,26,Females,33615,12
1999,26,Males,32434,46
1999,27,Females,36174,20
1999,27,Males,34058,52
1999,28,Females,37985,13
1999,28,Males,36085,49
1999,29,Females,37906,18
1999,29,Males,35866,56
1999,30,Females,39317,22
1999,30,Males,37366,45
1999,31,Females,40619,28
1999,31,Males,38068,55
1999,32,Females,40898,23
1999,32,Males,39363,68
1999,33,Females,40868,24
1999,33,Males,38090,65
1999,34,Females,42146,30
1999,34,Males,39774,62
1999,35,Females,42221,28
1999,35,Males,39369,67
1999,36,Females,41964,30
1999,36,Males,39222,72
1999,37,Females,40860,35
1999,37,Males,39253,69
1999,38,Females,40570,44
1999,38,Males,38471,72
1999,39,Females,39371,40
1999,39,Males,37785,77
1999,40,Females,39050,49
1999,40,Males,37209,91
1999,41,Females,38297,50
1999,41,Males,36386,96
1999,42,Females,37119,62
1999,42,Males,35579,93
1999,43,Females,35916,66
1999,43,Males,35177,97
1999,44,Females,34653,63
1999,44,Males,33728,84
1999,45,Females,34379,64
1999,45,Males,33633,112
1999,46,Females,33583,89
1999,46,Males,33032,109
1999,47,Females,32581,84
1999,47,Males,31972,112
1999,48,Females,33452,84
1999,48,Males,32814,147
1999,49,Females,33779,121
1999,49,Males,33341,156
1999,50,Females,34826,138
1999,50,Males,34452,224
1999,51,Females,36164,129
1999,51,Males,35629,199
1999,52,Females,39415,166
1999,52,Males,38724,238
1999,53,Females,30508,118
1999,53,Males,30051,243
1999,54,Females,29522,135
1999,54,Males,28706,280
1999,55,Females,30497,179
1999,55,Males,29679,268
1999,56,Females,30202,174
1999,56,Males,28655,316
1999,57,Females,28385,178
1999,57,Males,26702,334
1999,58,Females,27216,211
1999,58,Males,25148,306
1999,59,Females,28192,218
1999,59,Males,26095,358
1999,60,Females,28147,230
1999,60,Males,25911,397
1999,61,Females,27830,294
1999,61,Males,25851,410
1999,62,Females,27533,300
1999,62,Males,24731,465
1999,63,Females,27272,314
1999,63,Males,24473,467
1999,64,Females,26898,333
1999,64,Males,23724,452
1999,65,Females,26106,376
1999,65,Males,22881,555
1999,66,Females,25641,423
1999,66,Males,22048,617
1999,67,Females,26473,451
1999,67,Males,22059,672
1999,68,Females,25949,476
1999,68,Males,21432,652
1999,69,Females,25598,566
1999,69,Males,20522,735
1999,70,Females,24767,580
1999,70,Males,19765,793
1999,71,Females,23416,688
1999,71,Males,18391,806
1999,72,Females,23133,712
1999,72,Males,17665,871
1999,73,Females,23262,784
1999,73,Males,17380,953
1999,74,Females,21993,781
1999,74,Males,15939,915
1999,75,Females,21547,836
1999,75,Males,15018,982
1999,76,Females,20351,895
1999,76,Males,13526,987
1999,77,Females,20670,974
1999,77,Males,13510,1043
1999,78,Females,20372,1151
1999,78,Males,12603,1082
1999,79,Females,20521,1163
1999,79,Males,12046,1058
1999,80,Females,13794,962
1999,80,Males,7590,717
1999,81,Females,12350,964
1999,81,Males,6457,734
1999,82,Females,12160,1039
1999,82,Males,6306,765
1999,83,Females,12398,1040
1999,83,Males,5771,767
1999,84,Females,12093,1174
1999,84,Males,5433,773
1999,85,Females,11075,1209
1999,85,Males,4670,747
1999,86,Females,9601,1163
1999,86,Males,3951,702
1999,87,Females,8294,1194
1999,87,Males,3178,630
1999,88,Females,7167,1096
1999,88,Males,2568,530
1999,89,Females,6425,1085
1999,89,Males,2112,465
1999,90,Females,21571,5366
1999,90,Males,5524,1497
2000,0,Females,25835,132
2000,0,Males,27576,173
2000,1,Females,27230,8
2000,1,Males,28602,10
2000,2,Females,27846,6
2000,2,Males,29160,10
2000,3,Females,28499,2
2000,3,Males,30358,3
2000,4,Females,28347,4
2000,4,Males,29760,10
2000,5,Females,28808,3
2000,5,Males,30367,9
2000,6,Females,29925,4
2000,6,Males,31205,4
2000,7,Females,30679,1
2000,7,Males,31978,2
2000,8,Females,31914,1
2000,8,Males,33235,1
2000,9,Females,31833,1
2000,9,Males,33398,8
2000,10,Females,30956,6
2000,10,Males,32576,5
2000,11,Females,30856,2
2000,11,Males,32568,7
2000,12,Females,31767,4
2000,12,Males,33850,4
2000,13,Females,31702,6
2000,13,Males,33269,5
2000,14,Females,31927,3
2000,14,Males,33413,7
2000,15,Females,32125,5
2000,15,Males,33199,11
2000,16,Females,30393,6
2000,16,Males,31446,15
2000,17,Females,30378,8
2000,17,Males,31020,26
2000,18,Females,30918,14
2000,18,Males,31210,21
2000,19,Females,33319,13
2000,19,Males,33888,42
2000,20,Females,33887,10
2000,20,Males,33788,34
2000,21,Females,32352,11
2000,21,Males,32554,37
2000,22,Females,30242,10
2000,22,Males,29510,32
2000,23,Females,28822,13
2000,23,Males,28394,42
2000,24,Females,30322,12
2000,24,Males,29734,53
2000,25,Females,30983,13
2000,25,Males,29327,38
2000,26,Females,31176,17
2000,26,Males,29822,46
2000,27,Females,33483,16
2000,27,Males,31970,38
2000,28,Females,36013,21
2000,28,Males,33555,59
2000,29,Females,37993,16
2000,29,Males,35650,53
2000,30,Females,37880,26
2000,30,Males,35482,56
2000,31,Females,39326,24
2000,31,Males,37070,45
2000,32,Females,40565,29
2000,32,Males,37713,64
2000,33,Females,40886,30
2000,33,Males,38992,56
2000,34,Females,40933,30
2000,34,Males,37886,57
2000,35,Females,42080,32
2000,35,Males,39611,76
2000,36,Females,42229,33
2000,36,Males,39184,66
2000,37,Females,42018,38
2000,37,Males,39098,71
2000,38,Females,40871,42
2000,38,Males,39138,85
2000,39,Females,40533,56
2000,39,Males,38296,71
2000,40,Females,39310,51
2000,40,Males,37638,79
2000,41,Females,39031,53
2000,41,Males,37030,105
2000,42,Females,38263,75
2000,42,Males,36315,80
2000,43,Females,37125,63
2000,43,Males,35528,103
2000,44,Females,35900,67
2000,44,Males,35164,106
2000,45,Females,34615,59
2000,45,Males,33701,96
2000,46,Females,34360,99
2000,46,Males,33553,121
2000,47,Females,33556,93
2000,47,Males,33004,134
2000,48,Females,32547,80
2000,48,Males,31896,143
2000,49,Females,33389,91
2000,49,Males,32735,129
2000,50,Females,33714,94
2000,50,Males,33267,176
2000,51,Females,34744,128
2000,51,Males,34357,202
2000,52,Females,36093,156
2000,52,Males,35518,221
2000,53,Females,39316,146
2000,53,Males,38512,238
2000,54,Females,30417,140
2000,54,Males,29925,256
2000,55,Females,29434,159
2000,55,Males,28594,253
2000,56,Females,30390,144
2000,56,Males,29392,296
2000,57,Females,30078,217
2000,57,Males,28445,333
2000,58,Females,28254,198
2000,58,Males,26426,295
2000,59,Females,27065,202
2000,59,Males,24915,353
2000,60,Females,28073,252
2000,60,Males,25812,416
2000,61,Females,27949,254
2000,61,Males,25581,407
2000,62,Females,27571,289
2000,62,Males,25534,478
2000,63,Females,27251,293
2000,63,Males,24342,462
2000,64,Females,27062,316
2000,64,Males,24061,496
2000,65,Females,26613,366
2000,65,Males,23323,522
2000,66,Females,25824,374
2000,66,Males,22360,593
2000,67,Females,25291,417
2000,67,Males,21538,591
2000,68,Females,26024,507
2000,68,Males,21432,676
2000,69,Females,25478,531
2000,69,Males,20755,709
2000,70,Females,25072,570
2000,70,Males,19787,757
2000,71,Females,24179,629
2000,71,Males,19029,788
2000,72,Females,22762,641
2000,72,Males,17598,838
2000,73,Females,22410,706
2000,73,Males,16814,843
2000,74,Females,22495,771
2000,74,Males,16428,907
2000,75,Females,21238,828
2000,75,Males,15033,873
2000,76,Females,20724,902
2000,76,Males,14126,890
2000,77,Females,19434,915
2000,77,Males,12594,944
2000,78,Females,19693,1051
2000,78,Males,12428,1018
2000,79,Females,19257,1069
2000,79,Males,11650,969
2000,80,Females,19297,1214
2000,80,Males,11046,974
2000,81,Females,12885,895
2000,81,Males,6870,754
2000,82,Females,11415,883
2000,82,Males,5769,692
2000,83,Females,11189,1005
2000,83,Males,5588,723
2000,84,Females,11355,1113
2000,84,Males,5021,686
2000,85,Females,10926,1136
2000,85,Males,4726,689
2000,86,Females,9976,1113
2000,86,Males,4000,660
2000,87,Females,8445,1090
2000,87,Males,3316,567
2000,88,Females,7190,1022
2000,88,Males,2568,544
2000,89,Females,6132,976
2000,89,Males,2086,405
2000,90,Females,22352,5136
2000,90,Males,5944,1469
2001,0,Females,25682,135
2001,0,Males,26345,155
2001,1,Females,25618,8
2001,1,Males,27442,4
2001,2,Females,27064,4
2001,2,Males,28604,4
2001,3,Females,27742,3
2001,3,Males,29070,5
2001,4,Females,28383,5
2001,4,Males,30311,9
2001,5,Females,28336,3
2001,5,Males,29752,7
2001,6,Females,28769,3
2001,6,Males,30334,5
2001,7,Females,29871,4
2001,7,Males,31134,5
2001,8,Females,30623,3
2001,8,Males,31970,5
2001,9,Females,31859,3
2001,9,Males,33165,5
2001,10,Females,31848,1
2001,10,Males,33401,7
2001,11,Females,31026,4
2001,11,Males,32667,5
2001,12,Females,30845,3
2001,12,Males,32548,8
2001,13,Females,31752,8
2001,13,Males,33829,7
2001,14,Females,31713,5
2001,14,Males,33294,8
2001,15,Females,31960,7
2001,15,Males,33417,11
2001,16,Females,32125,8
2001,16,Males,33268,15
2001,17,Females,30324,10
2001,17,Males,31514,27
2001,18,Females,30180,15
2001,18,Males,30950,39
2001,19,Females,31883,7
2001,19,Males,31984,39
2001,20,Females,33931,20
2001,20,Males,34395,31
2001,21,Females,33983,14
2001,21,Males,34058,41
2001,22,Females,32109,12
2001,22,Males,32430,41
2001,23,Females,29512,11
2001,23,Males,29015,32
2001,24,Females,28151,14
2001,24,Males,27811,34
2001,25,Females,30133,9
2001,25,Males,29307,32
2001,26,Females,30818,14
2001,26,Males,28969,38
2001,27,Females,31180,13
2001,27,Males,29749,46
2001,28,Females,33509,14
2001,28,Males,31758,50
2001,29,Females,36124,13
2001,29,Males,33338,48
2001,30,Females,38051,23
2001,30,Males,35438,50
2001,31,Females,37895,17
2001,31,Males,35372,55
2001,32,Females,39509,22
2001,32,Males,36882,68
2001,33,Females,40615,33
2001,33,Males,37511,49
2001,34,Females,40985,31
2001,34,Males,38979,74
2001,35,Females,40997,28
2001,35,Males,37826,67
2001,36,Females,42137,34
2001,36,Males,39511,70
2001,37,Females,42356,28
2001,37,Males,39122,90
2001,38,Females,42155,38
2001,38,Males,39110,81
2001,39,Females,40897,43
2001,39,Males,39121,90
2001,40,Females,40538,56
2001,40,Males,38174,73
2001,41,Females,39238,53
2001,41,Males,37491,117
2001,42,Females,39094,57
2001,42,Males,36990,109
2001,43,Females,38296,69
2001,43,Males,36308,98
2001,44,Females,37164,74
2001,44,Males,35595,107
2001,45,Females,35887,52
2001,45,Males,35049,132
2001,46,Females,34601,80
2001,46,Males,33712,132
2001,47,Females,34366,100
2001,47,Males,33537,143
2001,48,Females,33566,92
2001,48,Males,33003,150
2001,49,Females,32563,100
2001,49,Males,31924,169
2001,50,Females,33331,116
2001,50,Males,32664,170
2001,51,Females,33670,129
2001,51,Males,33168,193
2001,52,Females,34658,140
2001,52,Males,34264,201
2001,53,Females,36024,127
2001,53,Males,35413,249
2001,54,Females,39262,175
2001,54,Males,38429,281
2001,55,Females,30356,175
2001,55,Males,29821,283
2001,56,Females,29402,160
2001,56,Males,28429,258
2001,57,Females,30316,214
2001,57,Males,29258,315
2001,58,Females,29922,210
2001,58,Males,28241,361
2001,59,Females,28163,219
2001,59,Males,26230,346
2001,60,Females,26942,263
2001,60,Males,24634,377
2001,61,Females,27873,265
2001,61,Males,25596,419
2001,62,Females,27759,264
2001,62,Males,25280,438
2001,63,Females,27352,279
2001,63,Males,25136,487
2001,64,Females,27003,312
2001,64,Males,23976,467
2001,65,Females,26785,364
2001,65,Males,23651,529
2001,66,Females,26357,360
2001,66,Males,22881,561
2001,67,Females,25535,418
2001,67,Males,21881,599
2001,68,Females,24952,416
2001,68,Males,21010,567
2001,69,Females,25580,510
2001,69,Males,20832,663
2001,70,Females,25004,531
2001,70,Males,20080,736
2001,71,Females,24546,543
2001,71,Males,19104,726
2001,72,Females,23626,627
2001,72,Males,18246,816
2001,73,Females,22103,723
2001,73,Males,16801,867
2001,74,Females,21659,743
2001,74,Males,16009,886
2001,75,Females,21741,775
2001,75,Males,15621,855
2001,76,Females,20487,858
2001,76,Males,14176,869
2001,77,Females,19951,913
2001,77,Males,13250,916
2001,78,Females,18564,932
2001,78,Males,11694,917
2001,79,Females,18679,1000
2001,79,Males,11453,1022
2001,80,Females,18253,1160
2001,80,Males,10662,982
2001,81,Females,18129,1183
2001,81,Males,10060,939
2001,82,Females,12064,970
2001,82,Males,6242,617
2001,83,Females,10490,911
2001,83,Males,5104,667
2001,84,Females,10220,993
2001,84,Males,4905,649
2001,85,Females,10262,1065
2001,85,Males,4334,670
2001,86,Females,9843,1121
2001,86,Males,4077,606
2001,87,Females,8960,1116
2001,87,Males,3381,625
2001,88,Females,7411,1075
2001,88,Males,2778,499
2001,89,Females,6252,903
2001,89,Males,2111,396
2001,90,Females,23018,5397
2001,90,Males,6367,1613
2002,0,Females,25083,103
2002,0,Males,26115,167
2002,1,Females,25796,11
2002,1,Males,26481,11
2002,2,Females,25762,10
2002,2,Males,27595,8
2002,3,Females,27208,5
2002,3,Males,28699,6
2002,4,Females,27870,6
2002,4,Males,29175,9
2002,5,Females,28506,3
2002,5,Males,30386,5
2002,6,Females,28374,6
2002,6,Males,29912,2
2002,7,Females,28842,1
2002,7,Males,30445,3
2002,8,Females,29952,3
2002,8,Males,31231,2
2002,9,Females,30726,2
2002,9,Males,31967,5
2002,10,Females,32099,4
2002,10,Males,33148,4
2002,11,Females,32004,2
2002,11,Males,33494,7
2002,12,Females,31012,4
2002,12,Males,32569,5
2002,13,Females,30851,4
2002,13,Males,32412,3
2002,14,Females,31770,6
2002,14,Males,33635,8
2002,15,Females,31625,7
2002,15,Males,33041,10
2002,16,Females,31872,11
2002,16,Males,33199,13
2002,17,Females,31874,19
2002,17,Males,32866,26
2002,18,Females,30198,8
2002,18,Males,31088,36
2002,19,Females,31312,13
2002,19,Males,31519,26
2002,20,Females,32825,15
2002,20,Males,32387,35
2002,21,Females,34385,13
2002,21,Males,34406,42
2002,22,Females,33950,12
2002,22,Males,34002,62
2002,23,Females,31413,12
2002,23,Males,32059,39
2002,24,Females,29016,13
2002,24,Males,28733,33
2002,25,Females,27946,16
2002,25,Males,27891,44
2002,26,Females,30129,12
2002,26,Males,29247,38
2002,27,Females,30843,19
2002,27,Males,29067,54
2002,28,Females,31241,14
2002,28,Males,29781,50
2002,29,Females,33536,13
2002,29,Males,31707,52
2002,30,Females,36221,14
2002,30,Males,33327,60
2002,31,Females,38131,26
2002,31,Males,35350,53
2002,32,Females,38014,19
2002,32,Males,35301,65
2002,33,Females,39630,22
2002,33,Males,36753,66
2002,34,Females,40654,30
2002,34,Males,37254,64
2002,35,Females,40982,40
2002,35,Males,38765,66
2002,36,Females,41053,31
2002,36,Males,37756,66
2002,37,Females,42174,40
2002,37,Males,39425,76
2002,38,Females,42390,49
2002,38,Males,38997,87
2002,39,Females,42123,50
2002,39,Males,39037,78
2002,40,Females,40887,39
2002,40,Males,39231,85
2002,41,Females,40503,55
2002,41,Males,38289,114
2002,42,Females,39140,57
2002,42,Males,37533,99
2002,43,Females,39028,66
2002,43,Males,37064,119
2002,44,Females,38231,62
2002,44,Males,36280,111
2002,45,Females,37144,86
2002,45,Males,35593,95
2002,46,Females,35876,87
2002,46,Males,35010,128
2002,47,Females,34616,75
2002,47,Males,33654,138
2002,48,Females,34261,106
2002,48,Males,33538,131
2002,49,Females,33552,99
2002,49,Males,32952,174
2002,50,Females,32546,106
2002,50,Males,31867,166
2002,51,Females,33334,124
2002,51,Males,32616,209
2002,52,Females,33611,129
2002,52,Males,33062,225
2002,53,Females,34590,159
2002,53,Males,34175,239
2002,54,Females,35954,163
2002,54,Males,35259,284
2002,55,Females,39209,183
2002,55,Males,38258,291
2002,56,Females,30259,172
2002,56,Males,29629,293
2002,57,Females,29286,185
2002,57,Males,28252,290
2002,58,Females,30219,189
2002,58,Males,29061,328
2002,59,Females,29821,210
2002,59,Males,27954,345
2002,60,Females,27988,266
2002,60,Males,25977,387
2002,61,Females,26754,247
2002,61,Males,24333,410
2002,62,Females,27669,274
2002,62,Males,25225,465
2002,63,Females,27497,280
2002,63,Males,24912,497
2002,64,Females,27127,333
2002,64,Males,24696,498
2002,65,Females,26740,366
2002,65,Males,23562,519
2002,66,Females,26461,367
2002,66,Males,23137,560
2002,67,Females,25948,415
2002,67,Males,22340,626
2002,68,Females,25173,418
2002,68,Males,21335,616
2002,69,Females,24472,503
2002,69,Males,20433,673
2002,70,Females,25087,530
2002,70,Males,20189,666
2002,71,Females,24493,567
2002,71,Males,19385,792
2002,72,Females,23951,649
2002,72,Males,18368,769
2002,73,Females,22960,704
2002,73,Males,17444,831
2002,74,Females,21389,713
2002,74,Males,15945,888
2002,75,Females,20922,785
2002,75,Males,15152,886
2002,76,Females,20941,850
2002,76,Males,14726,930
2002,77,Females,19601,877
2002,77,Males,13257,892
2002,78,Females,18993,914
2002,78,Males,12361,934
2002,79,Females,17645,959
2002,79,Males,10788,896
2002,80,Females,17601,1115
2002,80,Males,10496,986
2002,81,Females,17204,1165
2002,81,Males,9711,939
2002,82,Females,16899,1239
2002,82,Males,9138,905
2002,83,Females,11137,987
2002,83,Males,5602,686
2002,84,Females,9643,893
2002,84,Males,4515,594
2002,85,Females,9244,1003
2002,85,Males,4295,634
2002,86,Females,9232,1081
2002,86,Males,3728,609
2002,87,Females,8719,1074
2002,87,Males,3477,578
2002,88,Females,7849,1139
2002,88,Males,2841,541
2002,89,Females,6401,1058
2002,89,Males,2264,491
2002,90,Females,23166,5548
2002,90,Males,6504,1694
2003,0,Females,25319,119
2003,0,Males,26464,146
2003,1,Females,25139,10
2003,1,Males,26102,13
2003,2,Females,25898,5
2003,2,Males,26539,6
2003,3,Females,25916,5
2003,3,Males,27685,10
2003,4,Females,27304,4
2003,4,Males,28758,6
2003,5,Females,27901,4
2003,5,Males,29275,3
2003,6,Females,28640,1
2003,6,Males,30441,5
2003,7,Females,28520,2
2003,7,Males,30062,2
2003,8,Females,28966,5
2003,8,Males,30547,1
2003,9,Females,30040,6
2003,9,Males,31360,4
2003,10,Females,30815,4
2003,10,Males,31959,3
2003,11,Females,32167,5
2003,11,Males,33184,7
2003,12,Females,31978,3
2003,12,Males,33334,6
2003,13,Females,31059,3
2003,13,Males,32438,10
2003,14,Females,30841,5
2003,14,Males,32258,5
2003,15,Females,31781,11
2003,15,Males,33415,10
2003,16,Females,31521,6
2003,16,Males,32734,24
2003,17,Females,31647,21
2003,17,Males,32890,23
2003,18,Females,31632,12
2003,18,Males,32448,30
2003,19,Females,31222,7
2003,19,Males,31632,35
2003,20,Females,32094,9
2003,20,Males,31980,27
2003,21,Females,33528,13
2003,21,Males,32710,41
2003,22,Females,34440,15
2003,22,Males,34407,38
2003,23,Females,33265,15
2003,23,Males,33459,31
2003,24,Females,30951,12
2003,24,Males,31656,49
2003,25,Females,28795,10
2003,25,Males,28496,31
2003,26,Females,27930,11
2003,26,Males,27601,28
2003,27,Females,30155,15
2003,27,Males,29233,44
2003,28,Females,30839,14
2003,28,Males,29009,38
2003,29,Females,31400,17
2003,29,Males,29720,45
2003,30,Females,33698,17
2003,30,Males,31725,54
2003,31,Females,36288,28
2003,31,Males,33419,43
2003,32,Females,38208,21
2003,32,Males,35322,61
2003,33,Females,38104,23
2003,33,Males,35332,62
2003,34,Females,39694,25
2003,34,Males,36793,63
2003,35,Females,40659,25
2003,35,Males,37378,85
2003,36,Females,41037,41
2003,36,Males,38850,70
2003,37,Females,41105,42
2003,37,Males,37892,66
2003,38,Females,42228,36
2003,38,Males,39630,79
2003,39,Females,42421,52
2003,39,Males,39142,96
2003,40,Females,42172,47
2003,40,Males,39173,92
2003,41,Females,40913,58
2003,41,Males,39256,92
2003,42,Females,40449,62
2003,42,Males,38233,89
2003,43,Females,39087,61
2003,43,Males,37531,121
2003,44,Females,39002,65
2003,44,Males,37055,103
2003,45,Females,38178,85
2003,45,Males,36252,121
2003,46,Females,37084,77
2003,46,Males,35539,108
2003,47,Females,35867,85
2003,47,Males,34984,128
2003,48,Females,34584,98
2003,48,Males,33537,153
2003,49,Females,34197,97
2003,49,Males,33410,156
2003,50,Females,33534,100
2003,50,Males,32857,165
2003,51,Females,32547,119
2003,51,Males,31742,150
2003,52,Females,33293,135
2003,52,Males,32471,200
2003,53,Females,33550,125
2003,53,Males,32922,227
2003,54,Females,34575,141
2003,54,Males,34055,226
2003,55,Females,35890,170
2003,55,Males,35115,275
2003,56,Females,39127,218
2003,56,Males,38072,330
2003,57,Females,30157,178
2003,57,Males,29493,279
2003,58,Females,29140,197
2003,58,Males,28023,324
2003,59,Females,30105,240
2003,59,Males,28868,338
2003,60,Females,29711,246
2003,60,Males,27664,425
2003,61,Females,27838,265
2003,61,Males,25669,374
2003,62,Females,26561,312
2003,62,Males,24017,416
2003,63,Females,27428,259
2003,63,Males,24824,502
2003,64,Females,27272,361
2003,64,Males,24522,524
2003,65,Females,26867,367
2003,65,Males,24245,527
2003,66,Females,26438,393
2003,66,Males,23086,533
2003,67,Females,26134,445
2003,67,Males,22604,589
2003,68,Females,25574,430
2003,68,Males,21829,591
2003,69,Females,24728,471
2003,69,Males,20714,694
2003,70,Females,24039,447
2003,70,Males,19836,644
2003,71,Females,24574,591
2003,71,Males,19549,746
2003,72,Females,23893,640
2003,72,Males,18649,782
2003,73,Females,23263,663
2003,73,Males,17594,837
2003,74,Females,22226,747
2003,74,Males,16592,854
2003,75,Females,20687,766
2003,75,Males,15066,848
2003,76,Females,20119,843
2003,76,Males,14307,884
2003,77,Females,20086,895
2003,77,Males,13774,988
2003,78,Females,18725,927
2003,78,Males,12378,921
2003,79,Females,17983,1012
2003,79,Males,11454,894
2003,80,Females,16652,1012
2003,80,Males,9843,957
2003,81,Females,16490,1096
2003,81,Males,9515,1009
2003,82,Females,16042,1217
2003,82,Males,8775,932
2003,83,Females,15623,1274
2003,83,Males,8142,892
2003,84,Females,10198,935
2003,84,Males,4931,669
2003,85,Females,8726,979
2003,85,Males,3903,576
2003,86,Females,8252,1014
2003,86,Males,3697,639
2003,87,Females,8162,1090
2003,87,Males,3145,552
2003,88,Females,7598,1078
2003,88,Males,2911,536
2003,89,Females,6735,1060
2003,89,Males,2321,494
2003,90,Females,23192,5767
2003,90,Males,6665,1924
2004,0,Females,25999,106
2004,0,Males,27629,160
2004,1,Females,25436,7
2004,1,Males,26518,15
2004,2,Females,25255,1
2004,2,Males,26167,7
2004,3,Females,26055,7
2004,3,Males,26713,2
2004,4,Females,26118,4
2004,4,Males,27835,5
2004,5,Females,27434,3
2004,5,Males,28870,5
2004,6,Females,28105,3
2004,6,Males,29466,2
2004,7,Females,28867,0
2004,7,Males,30545,3
2004,8,Females,28665,4
2004,8,Males,30288,6
2004,9,Females,29081,5
2004,9,Males,30691,5
2004,10,Females,30170,2
2004,10,Males,31484,2
2004,11,Females,30945,3
2004,11,Males,31998,6
2004,12,Females,32242,5
2004,12,Males,33244,5
2004,13,Females,32136,5
2004,13,Males,33280,3
2004,14,Females,31017,7
2004,14,Males,32379,7
2004,15,Females,30901,6
2004,15,Males,32212,10
2004,16,Females,31782,8
2004,16,Males,33267,15
2004,17,Females,31411,11
2004,17,Males,32434,24
2004,18,Females,31612,14
2004,18,Males,32611,28
2004,19,Females,33217,13
2004,19,Males,33103,28
2004,20,Females,32196,14
2004,20,Males,32073,37
2004,21,Females,32900,10
2004,21,Males,32332,26
2004,22,Females,33760,13
2004,22,Males,32698,32
2004,23,Females,34029,13
2004,23,Males,34011,53
2004,24,Females,32934,12
2004,24,Males,33183,33
2004,25,Females,30931,9
2004,25,Males,31380,40
2004,26,Females,28972,3
2004,26,Males,28276,31
2004,27,Females,28179,17
2004,27,Males,27601,38
2004,28,Females,30320,17
2004,28,Males,29155,42
2004,29,Females,31124,17
2004,29,Males,29108,38
2004,30,Females,31578,14
2004,30,Males,29848,43
2004,31,Females,33855,17
2004,31,Males,31818,48
2004,32,Females,36546,28
2004,32,Males,33668,47
2004,33,Females,38497,27
2004,33,Males,35415,58
2004,34,Females,38295,30
2004,34,Males,35376,64
2004,35,Females,39830,32
2004,35,Males,36960,71
2004,36,Females,40799,40
2004,36,Males,37595,62
2004,37,Females,41157,43
2004,37,Males,38983,85
2004,38,Females,41210,44
2004,38,Males,38128,76
2004,39,Females,42363,49
2004,39,Males,39793,99
2004,40,Females,42494,41
2004,40,Males,39326,99
2004,41,Females,42260,43
2004,41,Males,39319,100
2004,42,Females,40967,56
2004,42,Males,39346,82
2004,43,Females,40477,76
2004,43,Males,38311,103
2004,44,Females,39068,68
2004,44,Males,37544,112
2004,45,Females,39043,82
2004,45,Males,37039,118
2004,46,Females,38139,105
2004,46,Males,36192,138
2004,47,Females,37145,91
2004,47,Males,35538,146
2004,48,Females,35889,86
2004,48,Males,34986,139
2004,49,Females,34601,79
2004,49,Males,33510,168
2004,50,Females,34232,103
2004,50,Males,33380,155
2004,51,Females,33626,115
2004,51,Males,32815,182
2004,52,Females,32536,125
2004,52,Males,31690,193
2004,53,Females,33279,143
2004,53,Males,32420,220
2004,54,Females,33544,136
2004,54,Males,32862,217
2004,55,Females,34620,178
2004,55,Males,33901,266
2004,56,Females,35895,202
2004,56,Males,35021,317
2004,57,Females,39126,221
2004,57,Males,37938,316
2004,58,Females,30067,187
2004,58,Males,29315,300
2004,59,Females,29085,200
2004,59,Males,27832,314
2004,60,Females,29947,249
2004,60,Males,28662,385
2004,61,Females,29653,247
2004,61,Males,27427,421
2004,62,Females,27718,250
2004,62,Males,25413,438
2004,63,Females,26385,248
2004,63,Males,23698,411
2004,64,Females,27224,309
2004,64,Males,24477,461
2004,65,Females,27026,327
2004,65,Males,24169,494
2004,66,Females,26574,361
2004,66,Males,23810,561
2004,67,Females,26152,404
2004,67,Males,22644,554
2004,68,Females,25741,436
2004,68,Males,22083,560
2004,69,Females,25181,436
2004,69,Males,21288,605
2004,70,Females,24321,504
2004,70,Males,20081,663
2004,71,Females,23495,517
2004,71,Males,19204,730
2004,72,Females,23983,565
2004,72,Males,18845,756
2004,73,Females,23236,689
2004,73,Males,17962,771
2004,74,Females,22591,685
2004,74,Males,16774,813
2004,75,Females,21532,780
2004,75,Males,15784,814
2004,76,Females,19893,797
2004,76,Males,14261,831
2004,77,Females,19340,817
2004,77,Males,13467,895
2004,78,Females,19140,883
2004,78,Males,12842,929
2004,79,Females,17747,946
2004,79,Males,11489,847
2004,80,Females,17034,928
2004,80,Males,10556,902
2004,81,Females,15632,1084
2004,81,Males,8934,906
2004,82,Females,15391,1214
2004,82,Males,8566,873
2004,83,Females,14870,1243
2004,83,Males,7881,888
2004,84,Females,14335,1232
2004,84,Males,7217,848
2004,85,Females,9300,870
2004,85,Males,4319,574
2004,86,Females,7841,835
2004,86,Males,3364,525
2004,87,Females,7308,1007
2004,87,Males,3114,519
2004,88,Females,7097,1024
2004,88,Males,2666,512
2004,89,Females,6599,952
2004,89,Males,2416,467
2004,90,Females,23395,5573
2004,90,Males,6770,1776
2005,0,Females,26409,125
2005,0,Males,28093,159
2005,1,Females,26133,14
2005,1,Males,27817,8
2005,2,Females,25563,3
2005,2,Males,26608,16
2005,3,Females,25376,2
2005,3,Males,26309,6
2005,4,Females,26253,8
2005,4,Males,26933,3
2005,5,Females,26274,4
2005,5,Males,28042,3
2005,6,Females,27584,0
2005,6,Males,29073,4
2005,7,Females,28297,2
2005,7,Males,29677,2
2005,8,Females,29025,3
2005,8,Males,30749,5
2005,9,Females,28835,2
2005,9,Males,30520,5
2005,10,Females,29248,4
2005,10,Males,30903,7
2005,11,Females,30331,4
2005,11,Males,31706,5
2005,12,Females,31036,5
2005,12,Males,32010,3
2005,13,Females,32173,2
2005,13,Males,33038,9
2005,14,Females,31906,3
2005,14,Males,33105,6
2005,15,Females,30886,6
2005,15,Males,32129,11
2005,16,Females,30967,15
2005,16,Males,32160,14
2005,17,Females,31888,10
2005,17,Males,33173,33
2005,18,Females,31676,12
2005,18,Males,32475,18
2005,19,Females,33616,12
2005,19,Males,33818,30
2005,20,Females,34431,15
2005,20,Males,33985,26
2005,21,Females,33375,18
2005,21,Males,32769,33
2005,22,Females,33632,11
2005,22,Males,32726,23
2005,23,Females,33982,9
2005,23,Males,32762,34
2005,24,Females,34056,5
2005,24,Males,33949,34
2005,25,Females,33187,5
2005,25,Males,33123,38
2005,26,Females,31155,11
2005,26,Males,31344,28
2005,27,Females,29269,9
2005,27,Males,28582,35
2005,28,Females,28416,20
2005,28,Males,27779,23
2005,29,Females,30587,13
2005,29,Males,29356,25
2005,30,Females,31381,21
2005,30,Males,29406,39
2005,31,Females,31768,20
2005,31,Males,30127,44
2005,32,Females,34109,18
2005,32,Males,32112,43
2005,33,Females,36804,19
2005,33,Males,33911,61
2005,34,Females,38785,27
2005,34,Males,35661,49
2005,35,Females,38408,34
2005,35,Males,35528,63
2005,36,Females,39975,38
2005,36,Males,37135,67
2005,37,Females,41030,46
2005,37,Males,37809,71
2005,38,Females,41242,40
2005,38,Males,39121,86
2005,39,Females,41346,45
2005,39,Males,38441,77
2005,40,Females,42500,60
2005,40,Males,40014,94
2005,41,Females,42641,51
2005,41,Males,39520,109
2005,42,Females,42352,60
2005,42,Males,39511,119
2005,43,Females,41034,61
2005,43,Males,39432,111
2005,44,Females,40564,71
2005,44,Males,38478,85
2005,45,Females,39099,72
2005,45,Males,37570,136
2005,46,Females,39090,79
2005,46,Males,37049,128
2005,47,Females,38141,82
2005,47,Males,36242,147
2005,48,Females,37154,112
2005,48,Males,35564,149
2005,49,Females,35952,106
2005,49,Males,35003,139
2005,50,Females,34593,114
2005,50,Males,33483,161
2005,51,Females,34251,108
2005,51,Males,33342,182
2005,52,Females,33603,130
2005,52,Males,32786,194
2005,53,Females,32563,119
2005,53,Males,31638,198
2005,54,Females,33293,151
2005,54,Males,32307,220
2005,55,Females,33473,165
2005,55,Males,32786,244
2005,56,Females,34588,183
2005,56,Males,33805,286
2005,57,Females,35851,237
2005,57,Males,34910,305
2005,58,Females,39022,217
2005,58,Males,37733,364
2005,59,Females,29996,199
2005,59,Males,29118,313
2005,60,Females,28995,222
2005,60,Males,27601,311
2005,61,Females,29747,265
2005,61,Males,28418,368
2005,62,Females,29465,258
2005,62,Males,27098,454
2005,63,Females,27557,251
2005,63,Males,25057,409
2005,64,Females,26175,319
2005,64,Males,23340,424
2005,65,Females,26954,368
2005,65,Males,24099,468
2005,66,Females,26696,384
2005,66,Males,23756,509
2005,67,Females,26264,380
2005,67,Males,23297,620
2005,68,Females,25797,451
2005,68,Males,22102,593
2005,69,Females,25329,428
2005,69,Males,21546,577
2005,70,Females,24763,445
2005,70,Males,20740,660
2005,71,Females,23812,531
2005,71,Males,19448,671
2005,72,Females,22994,521
2005,72,Males,18532,693
2005,73,Females,23407,615
2005,73,Males,18155,724
2005,74,Females,22533,718
2005,74,Males,17179,837
2005,75,Females,21870,741
2005,75,Males,15951,840
2005,76,Females,20737,776
2005,76,Males,14994,860
2005,77,Females,19083,832
2005,77,Males,13404,885
2005,78,Females,18487,931
2005,78,Males,12619,871
2005,79,Females,18257,898
2005,79,Males,11896,941
2005,80,Females,16781,1018
2005,80,Males,10571,861
2005,81,Females,16014,1000
2005,81,Males,9661,858
2005,82,Females,14582,1055
2005,82,Males,8075,833
2005,83,Females,14198,1137
2005,83,Males,7710,848
2005,84,Females,13677,1232
2005,84,Males,6987,894
2005,85,Females,13111,1161
2005,85,Males,6366,768
2005,86,Females,8432,893
2005,86,Males,3740,583
2005,87,Females,6966,907
2005,87,Males,2884,500
2005,88,Females,6373,886
2005,88,Males,2583,509
2005,89,Females,6109,937
2005,89,Males,2187,423
2005,90,Females,23587,5628
2005,90,Males,7023,1800
2006,0,Females,26915,103
2006,0,Males,28202,145
2006,1,Females,26520,14
2006,1,Males,28119,11
2006,2,Females,26152,6
2006,2,Males,27771,5
2006,3,Females,25617,3
2006,3,Males,26701,2
2006,4,Females,25466,3
2006,4,Males,26424,3
2006,5,Females,26322,3
2006,5,Males,27062,2
2006,6,Females,26403,5
2006,6,Males,28242,7
2006,7,Females,27728,0
2006,7,Males,29207,3
2006,8,Females,28427,1
2006,8,Males,29757,3
2006,9,Females,29173,2
2006,9,Males,30855,3
2006,10,Females,28999,4
2006,10,Males,30643,3
2006,11,Females,29317,5
2006,11,Males,30996,3
2006,12,Females,30502,2
2006,12,Males,31779,3
2006,13,Females,31001,2
2006,13,Males,31988,7
2006,14,Females,32237,4
2006,14,Males,32934,5
2006,15,Females,31811,12
2006,15,Males,32962,17
2006,16,Females,30946,4
2006,16,Males,32196,9
2006,17,Females,31141,7
2006,17,Males,32349,28
2006,18,Females,32371,8
2006,18,Males,33489,26
2006,19,Females,33859,9
2006,19,Males,33922,32
2006,20,Females,34743,13
2006,20,Males,34632,42
2006,21,Females,35201,12
2006,21,Males,34489,40
2006,22,Females,33316,11
2006,22,Males,32638,32
2006,23,Females,33537,9
2006,23,Males,32810,51
2006,24,Females,34042,13
2006,24,Males,33019,41
2006,25,Females,34131,13
2006,25,Males,33957,37
2006,26,Females,33297,9
2006,26,Males,32944,35
2006,27,Females,31370,11
2006,27,Males,31531,31
2006,28,Females,29537,24
2006,28,Males,28688,36
2006,29,Females,28725,11
2006,29,Males,27973,50
2006,30,Females,30777,20
2006,30,Males,29597,47
2006,31,Females,31584,13
2006,31,Males,29650,55
2006,32,Females,31952,17
2006,32,Males,30436,48
2006,33,Females,34310,27
2006,33,Males,32265,60
2006,34,Females,37011,25
2006,34,Males,34171,62
2006,35,Females,38910,19
2006,35,Males,35899,74
2006,36,Females,38652,42
2006,36,Males,35698,68
2006,37,Females,40138,42
2006,37,Males,37326,84
2006,38,Females,41127,48
2006,38,Males,38082,90
2006,39,Females,41294,44
2006,39,Males,39364,82
2006,40,Females,41364,45
2006,40,Males,38619,93
2006,41,Females,42574,59
2006,41,Males,40201,95
2006,42,Females,42636,79
2006,42,Males,39633,105
2006,43,Females,42417,64
2006,43,Males,39687,118
2006,44,Females,41010,55
2006,44,Males,39534,129
2006,45,Females,40494,81
2006,45,Males,38496,122
2006,46,Females,39082,87
2006,46,Males,37498,137
2006,47,Females,39086,87
2006,47,Males,37055,140
2006,48,Females,38082,103
2006,48,Males,36237,151
2006,49,Females,37080,95
2006,49,Males,35603,160
2006,50,Females,35924,121
2006,50,Males,34872,177
2006,51,Females,34597,114
2006,51,Males,33402,196
2006,52,Females,34202,136
2006,52,Males,33216,182
2006,53,Females,33596,129
2006,53,Males,32691,198
2006,54,Females,32550,137
2006,54,Males,31533,234
2006,55,Females,33243,144
2006,55,Males,32182,253
2006,56,Females,33334,169
2006,56,Males,32646,269
2006,57,Females,34497,203
2006,57,Males,33624,288
2006,58,Females,35737,213
2006,58,Males,34687,340
2006,59,Females,38927,256
2006,59,Males,37501,356
2006,60,Females,29862,234
2006,60,Males,28920,353
2006,61,Females,28840,230
2006,61,Males,27343,394
2006,62,Females,29521,265
2006,62,Males,28126,424
2006,63,Females,29229,311
2006,63,Males,26746,439
2006,64,Females,27305,326
2006,64,Males,24656,451
2006,65,Females,25879,323
2006,65,Males,22965,455
2006,66,Females,26605,330
2006,66,Males,23641,490
2006,67,Females,26316,397
2006,67,Males,23310,533
2006,68,Females,25919,430
2006,68,Males,22743,587
2006,69,Females,25394,434
2006,69,Males,21557,550
2006,70,Females,24871,430
2006,70,Males,20962,624
2006,71,Females,24290,552
2006,71,Males,20109,650
2006,72,Females,23251,550
2006,72,Males,18781,655
2006,73,Females,22459,576
2006,73,Males,17856,696
2006,74,Females,22721,700
2006,74,Males,17474,726
2006,75,Females,21822,708
2006,75,Males,16387,754
2006,76,Females,21075,759
2006,76,Males,15156,830
2006,77,Females,19893,806
2006,77,Males,14115,854
2006,78,Females,18254,864
2006,78,Males,12524,820
2006,79,Females,17587,890
2006,79,Males,11804,842
2006,80,Females,17310,1007
2006,80,Males,11005,904
2006,81,Females,15729,1050
2006,81,Males,9713,864
2006,82,Females,14971,1053
2006,82,Males,8777,873
2006,83,Females,13519,1052
2006,83,Males,7250,811
2006,84,Females,13033,1114
2006,84,Males,6873,801
2006,85,Females,12541,1190
2006,85,Males,6186,818
2006,86,Females,11949,1175
2006,86,Males,5590,765
2006,87,Females,7538,946
2006,87,Males,3197,513
2006,88,Females,6142,833
2006,88,Males,2381,430
2006,89,Females,5564,834
2006,89,Males,2139,408
2006,90,Females,23554,5476
2006,90,Males,7094,1812
2007,0,Females,27721,118
2007,0,Males,29319,154
2007,1,Females,27108,14
2007,1,Males,28341,5
2007,2,Females,26713,4
2007,2,Males,28339,5
2007,3,Females,26293,4
2007,3,Males,27917,12
2007,4,Females,25750,4
2007,4,Males,26806,3
2007,5,Females,25583,2
2007,5,Males,26605,3
2007,6,Females,26519,3
2007,6,Males,27293,2
2007,7,Females,26637,1
2007,7,Males,28472,3
2007,8,Females,27937,2
2007,8,Males,29415,4
2007,9,Females,28595,3
2007,9,Males,29976,1
2007,10,Females,29380,2
2007,10,Males,31073,6
2007,11,Females,29168,3
2007,11,Males,30929,7
2007,12,Females,29507,2
2007,12,Males,31166,5
2007,13,Females,30532,3
2007,13,Males,31917,1
2007,14,Females,31158,4
2007,14,Males,32077,12
2007,15,Females,32389,5
2007,15,Males,33012,7
2007,16,Females,31883,4
2007,16,Males,33045,17
2007,17,Females,31616,12
2007,17,Males,32882,25
2007,18,Females,31881,15
2007,18,Males,32921,46
2007,19,Females,34519,14
2007,19,Males,35123,32
2007,20,Females,35202,8
2007,20,Males,34633,38
2007,21,Females,34702,6
2007,21,Males,34284,36
2007,22,Females,34993,14
2007,22,Males,34154,38
2007,23,Females,33585,11
2007,23,Males,33063,42
2007,24,Females,33891,13
2007,24,Males,33072,53
2007,25,Females,34607,11
2007,25,Males,33458,39
2007,26,Females,34452,13
2007,26,Males,34106,40
2007,27,Females,33793,16
2007,27,Males,33305,48
2007,28,Females,31867,10
2007,28,Males,31848,31
2007,29,Females,30028,12
2007,29,Males,29070,30
2007,30,Females,29182,18
2007,30,Males,28510,36
2007,31,Females,31147,26
2007,31,Males,30123,56
2007,32,Females,31948,25
2007,32,Males,30105,55
2007,33,Females,32301,21
2007,33,Males,30880,64
2007,34,Females,34664,14
2007,34,Males,32723,62
2007,35,Females,37340,29
2007,35,Males,34549,69
2007,36,Females,39167,41
2007,36,Males,36296,63
2007,37,Females,38814,40
2007,37,Males,35928,71
2007,38,Females,40358,36
2007,38,Males,37611,87
2007,39,Females,41289,51
2007,39,Males,38428,81
2007,40,Females,41414,52
2007,40,Males,39599,83
2007,41,Females,41466,48
2007,41,Males,38792,102
2007,42,Females,42642,64
2007,42,Males,40447,112
2007,43,Females,42728,66
2007,43,Males,39799,113
2007,44,Females,42440,63
2007,44,Males,39803,127
2007,45,Females,41076,70
2007,45,Males,39684,136
2007,46,Females,40507,94
2007,46,Males,38536,122
2007,47,Females,39088,96
2007,47,Males,37544,144
2007,48,Females,39108,94
2007,48,Males,37150,119
2007,49,Females,38073,129
2007,49,Males,36281,153
2007,50,Females,37103,113
2007,50,Males,35624,175
2007,51,Females,35975,124
2007,51,Males,34874,186
2007,52,Females,34568,112
2007,52,Males,33398,203
2007,53,Females,34183,132
2007,53,Males,33161,216
2007,54,Females,33573,160
2007,54,Males,32579,231
2007,55,Females,32553,151
2007,55,Males,31431,228
2007,56,Females,33212,183
2007,56,Males,32093,265
2007,57,Females,33252,183
2007,57,Males,32496,293
2007,58,Females,34412,186
2007,58,Males,33458,323
2007,59,Females,35631,215
2007,59,Males,34484,362
2007,60,Females,38870,261
2007,60,Males,37279,423
2007,61,Females,29709,248
2007,61,Males,28742,377
2007,62,Females,28660,259
2007,62,Males,27009,391
2007,63,Females,29298,304
2007,63,Males,27750,444
2007,64,Females,28978,321
2007,64,Males,26446,466
2007,65,Females,27061,352
2007,65,Males,24331,453
2007,66,Females,25593,324
2007,66,Males,22553,461
2007,67,Females,26279,386
2007,67,Males,23206,499
2007,68,Females,25912,428
2007,68,Males,22867,566
2007,69,Females,25533,490
2007,69,Males,22259,561
2007,70,Females,24996,498
2007,70,Males,21005,655
2007,71,Females,24440,503
2007,71,Males,20329,667
2007,72,Females,23735,535
2007,72,Males,19487,725
2007,73,Females,22697,604
2007,73,Males,18143,707
2007,74,Females,21830,612
2007,74,Males,17208,788
2007,75,Females,22034,698
2007,75,Males,16729,838
2007,76,Females,21091,741
2007,76,Males,15627,818
2007,77,Females,20295,764
2007,77,Males,14288,898
2007,78,Females,19097,840
2007,78,Males,13301,822
2007,79,Females,17429,834
2007,79,Males,11714,862
2007,80,Females,16676,990
2007,80,Males,10938,884
2007,81,Females,16254,990
2007,81,Males,10087,929
2007,82,Females,14710,1030
2007,82,Males,8877,896
2007,83,Females,13816,1064
2007,83,Males,7930,844
2007,84,Females,12454,1132
2007,84,Males,6509,756
2007,85,Females,11858,1191
2007,85,Males,6038,771
2007,86,Females,11351,1218
2007,86,Males,5414,775
2007,87,Females,10761,1218
2007,87,Males,4772,729
2007,88,Females,6589,904
2007,88,Males,2707,472
2007,89,Females,5367,816
2007,89,Males,2003,405
2007,90,Females,22845,5567
2007,90,Males,7004,1931
2008,0,Females,29211,113
2008,0,Males,30335,140
2008,1,Females,27861,6
2008,1,Males,29400,11
2008,2,Females,27194,5
2008,2,Males,28449,7
2008,3,Females,26770,5
2008,3,Males,28479,3
2008,4,Females,26348,1
2008,4,Males,28029,1
2008,5,Females,25812,1
2008,5,Males,26868,2
2008,6,Females,25697,1
2008,6,Males,26709,5
2008,7,Females,26687,5
2008,7,Males,27430,5
2008,8,Females,26796,2
2008,8,Males,28580,4
2008,9,Females,28096,2
2008,9,Males,29543,3
2008,10,Females,28725,5
2008,10,Males,30111,3
2008,11,Females,29565,4
2008,11,Males,31244,2
2008,12,Females,29258,3
2008,12,Males,31122,5
2008,13,Females,29668,3
2008,13,Males,31382,3
2008,14,Females,30639,3
2008,14,Males,32074,3
2008,15,Females,31381,9
2008,15,Males,32178,6
2008,16,Females,32414,5
2008,16,Males,33012,16
2008,17,Females,32277,14
2008,17,Males,32934,27
2008,18,Females,32340,16
2008,18,Males,33433,30
2008,19,Females,34378,11
2008,19,Males,34780,27
2008,20,Females,35736,13
2008,20,Males,36167,36
2008,21,Females,35013,15
2008,21,Males,34119,27
2008,22,Females,35070,15
2008,22,Males,34646,34
2008,23,Females,34963,9
2008,23,Males,34312,41
2008,24,Females,33660,16
2008,24,Males,32999,36
2008,25,Females,34240,13
2008,25,Males,33427,49
2008,26,Females,34904,11
2008,26,Males,33589,38
2008,27,Females,34639,18
2008,27,Males,34126,44
2008,28,Females,33978,14
2008,28,Males,33266,35
2008,29,Females,32248,14
2008,29,Males,32063,58
2008,30,Females,30454,13
2008,30,Males,29401,49
2008,31,Females,29487,15
2008,31,Males,28898,57
2008,32,Females,31441,28
2008,32,Males,30470,47
2008,33,Females,32166,16
2008,33,Males,30370,60
2008,34,Females,32606,30
2008,34,Males,31234,66
2008,35,Females,34889,32
2008,35,Males,33099,60
2008,36,Females,37541,39
2008,36,Males,34942,67
2008,37,Females,39339,34
2008,37,Males,36503,78
2008,38,Females,38995,38
2008,38,Males,36217,79
2008,39,Females,40464,51
2008,39,Males,37885,92
2008,40,Females,41418,57
2008,40,Males,38627,79
2008,41,Females,41465,56
2008,41,Males,39651,97
2008,42,Females,41551,56
2008,42,Males,39039,94
2008,43,Females,42694,65
2008,43,Males,40625,111
2008,44,Females,42790,69
2008,44,Males,39918,111
2008,45,Females,42445,79
2008,45,Males,39986,137
2008,46,Females,41104,79
2008,46,Males,39682,129
2008,47,Females,40463,93
2008,47,Males,38619,165
2008,48,Females,39078,91
2008,48,Males,37583,169
2008,49,Females,39088,107
2008,49,Males,37161,146
2008,50,Females,38073,118
2008,50,Males,36276,184
2008,51,Females,37035,121
2008,51,Males,35598,189
2008,52,Females,35934,129
2008,52,Males,34761,183
2008,53,Females,34549,126
2008,53,Males,33308,200
2008,54,Females,34126,140
2008,54,Males,33066,213
2008,55,Females,33507,142
2008,55,Males,32467,247
2008,56,Females,32489,172
2008,56,Males,31317,245
2008,57,Females,33115,180
2008,57,Males,31923,280
2008,58,Females,33114,205
2008,58,Males,32236,313
2008,59,Females,34287,231
2008,59,Males,33225,333
2008,60,Females,35498,269
2008,60,Males,34223,398
2008,61,Females,38710,267
2008,61,Males,37012,421
2008,62,Females,29498,266
2008,62,Males,28481,391
2008,63,Females,28486,282
2008,63,Males,26688,433
2008,64,Females,28995,301
2008,64,Males,27380,420
2008,65,Females,28722,315
2008,65,Males,26067,514
2008,66,Females,26762,356
2008,66,Males,23918,500
2008,67,Females,25258,358
2008,67,Males,22124,463
2008,68,Females,25940,377
2008,68,Males,22748,543
2008,69,Females,25515,445
2008,69,Males,22349,629
2008,70,Females,25062,450
2008,70,Males,21718,645
2008,71,Females,24561,497
2008,71,Males,20385,635
2008,72,Females,23950,542
2008,72,Males,19677,665
2008,73,Females,23218,559
2008,73,Males,18792,722
2008,74,Females,22064,661
2008,74,Males,17470,736
2008,75,Females,21189,700
2008,75,Males,16454,749
2008,76,Females,21290,757
2008,76,Males,15944,788
2008,77,Females,20357,807
2008,77,Males,14848,772
2008,78,Females,19392,886
2008,78,Males,13422,899
2008,79,Females,18224,961
2008,79,Males,12428,855
2008,80,Females,16568,961
2008,80,Males,10943,828
2008,81,Females,15744,943
2008,81,Males,10070,887
2008,82,Females,15234,1058
2008,82,Males,9206,872
2008,83,Females,13650,1122
2008,83,Males,7985,840
2008,84,Females,12702,1104
2008,84,Males,7114,800
2008,85,Females,11335,1102
2008,85,Males,5755,767
2008,86,Females,10733,1184
2008,86,Males,5267,766
2008,87,Females,10193,1217
2008,87,Males,4712,697
2008,88,Females,9516,1195
2008,88,Males,4056,609
2008,89,Females,5724,859
2008,89,Males,2270,391
2008,90,Females,22237,5431
2008,90,Males,6899,1888
2009,0,Females,29136,93
2009,0,Males,30517,142
2009,1,Females,29171,5
2009,1,Males,30369,11
2009,2,Females,27877,9
2009,2,Males,29342,5
2009,3,Females,27253,5
2009,3,Males,28460,2
2009,4,Females,26863,1
2009,4,Males,28518,3
2009,5,Females,26358,2
2009,5,Males,28036,2
2009,6,Females,25831,2
2009,6,Males,26882,5
2009,7,Females,25739,3
2009,7,Males,26751,2
2009,8,Females,26782,2
2009,8,Males,27538,4
2009,9,Females,26969,2
2009,9,Males,28698,1
2009,10,Females,28193,3
2009,10,Males,29703,0
2009,11,Females,28880,2
2009,11,Males,30266,2
2009,12,Females,29691,5
2009,12,Males,31352,1
2009,13,Females,29387,3
2009,13,Males,31366,5
2009,14,Females,29798,6
2009,14,Males,31503,5
2009,15,Females,30757,5
2009,15,Males,32241,5
2009,16,Females,31656,10
2009,16,Males,32426,16
2009,17,Females,34048,13
2009,17,Males,34380,28
2009,18,Females,34064,10
2009,18,Males,34940,23
2009,19,Females,33616,9
2009,19,Males,34193,33
2009,20,Females,34178,9
2009,20,Males,34297,34
2009,21,Females,35606,17
2009,21,Males,35305,19
2009,22,Females,35497,13
2009,22,Males,34538,27
2009,23,Females,35180,14
2009,23,Males,34860,30
2009,24,Females,35004,11
2009,24,Males,34236,39
2009,25,Females,33812,13
2009,25,Males,33083,41
2009,26,Females,34510,10
2009,26,Males,33391,40
2009,27,Females,35114,16
2009,27,Males,33669,39
2009,28,Females,34861,14
2009,28,Males,34134,51
2009,29,Females,34099,22
2009,29,Males,33301,50
2009,30,Females,32625,29
2009,30,Males,32295,45
2009,31,Females,30664,16
2009,31,Males,29662,43
2009,32,Females,29676,18
2009,32,Males,29056,39
2009,33,Females,31721,20
2009,33,Males,30647,49
2009,34,Females,32475,26
2009,34,Males,30632,51
2009,35,Females,32793,30
2009,35,Males,31539,73
2009,36,Females,34996,40
2009,36,Males,33430,70
2009,37,Females,37722,34
2009,37,Males,35195,60
2009,38,Females,39536,35
2009,38,Males,36696,59
2009,39,Females,39156,42
2009,39,Males,36458,74
2009,40,Females,40514,52
2009,40,Males,38026,94
2009,41,Females,41472,59
2009,41,Males,38748,103
2009,42,Females,41427,65
2009,42,Males,39703,111
2009,43,Females,41552,63
2009,43,Males,39143,115
2009,44,Females,42732,88
2009,44,Males,40710,125
2009,45,Females,42812,83
2009,45,Males,39944,105
2009,46,Females,42434,87
2009,46,Males,40045,141
2009,47,Females,41139,90
2009,47,Males,39702,141
2009,48,Females,40401,97
2009,48,Males,38606,140
2009,49,Females,38976,91
2009,49,Males,37547,138
2009,50,Females,39026,124
2009,50,Males,37136,176
2009,51,Females,38011,114
2009,51,Males,36251,165
2009,52,Females,36946,127
2009,52,Males,35556,208
2009,53,Females,35855,145
2009,53,Males,34681,206
2009,54,Females,34486,153
2009,54,Males,33178,208
2009,55,Females,34019,137
2009,55,Males,32955,232
2009,56,Females,33449,149
2009,56,Males,32341,239
2009,57,Females,32420,170
2009,57,Males,31177,264
2009,58,Females,32966,191
2009,58,Males,31689,270
2009,59,Females,32971,216
2009,59,Males,32068,277
2009,60,Females,34110,248
2009,60,Males,32965,349
2009,61,Females,35256,295
2009,61,Males,33901,416
2009,62,Females,38477,296
2009,62,Males,36660,419
2009,63,Females,29245,263
2009,63,Males,28143,402
2009,64,Females,28257,286
2009,64,Males,26298,444
2009,65,Females,28714,344
2009,65,Males,27010,465
2009,66,Females,28426,315
2009,66,Males,25597,488
2009,67,Females,26433,343
2009,67,Males,23492,490
2009,68,Females,24924,374
2009,68,Males,21685,526
2009,69,Females,25559,409
2009,69,Males,22167,569
2009,70,Females,25114,457
2009,70,Males,21726,607
2009,71,Females,24648,477
2009,71,Males,21170,615
2009,72,Females,24032,566
2009,72,Males,19771,666
2009,73,Females,23414,583
2009,73,Males,19039,679
2009,74,Females,22645,527
2009,74,Males,18100,705
2009,75,Females,21457,648
2009,75,Males,16747,720
2009,76,Females,20485,626
2009,76,Males,15714,789
2009,77,Females,20528,721
2009,77,Males,15168,809
2009,78,Females,19554,836
2009,78,Males,14044,770
2009,79,Females,18512,935
2009,79,Males,12570,820
2009,80,Females,17268,883
2009,80,Males,11590,889
2009,81,Females,15652,943
2009,81,Males,10050,833
2009,82,Females,14755,956
2009,82,Males,9273,838
2009,83,Females,14160,1013
2009,83,Males,8345,822
2009,84,Females,12560,1064
2009,84,Males,7185,771
2009,85,Females,11588,1094
2009,85,Males,6330,778
2009,86,Females,10270,1075
2009,86,Males,5036,720
2009,87,Females,9528,1133
2009,87,Males,4594,646
2009,88,Females,9086,1114
2009,88,Males,4058,692
2009,89,Females,8340,1090
2009,89,Males,3390,608
2009,90,Females,22032,5194
2009,90,Males,7040,1797
2010,0,Females,29255,99
2010,0,Males,30092,119
2010,1,Females,29119,7
2010,1,Males,30358,6
2010,2,Females,29074,8
2010,2,Males,30271,6
2010,3,Females,27836,3
2010,3,Males,29213,8
2010,4,Females,27288,1
2010,4,Males,28414,3
2010,5,Females,26915,3
2010,5,Males,28514,3
2010,6,Females,26382,1
2010,6,Males,28018,4
2010,7,Females,25840,0
2010,7,Males,26873,4
2010,8,Females,25775,0
2010,8,Males,26787,3
2010,9,Females,26869,2
2010,9,Males,27625,4
2010,10,Females,27106,2
2010,10,Males,28805,2
2010,11,Females,28305,1
2010,11,Males,29831,2
2010,12,Females,28960,4
2010,12,Males,30343,1
2010,13,Females,29789,4
2010,13,Males,31532,3
2010,14,Females,29475,2
2010,14,Males,31555,3
2010,15,Females,29922,5
2010,15,Males,31679,4
2010,16,Females,30846,8
2010,16,Males,32430,13
2010,17,Females,31807,10
2010,17,Males,32607,23
2010,18,Females,34936,10
2010,18,Males,35067,30
2010,19,Females,36111,19
2010,19,Males,36421,25
2010,20,Females,35074,15
2010,20,Males,35285,21
2010,21,Females,35280,7
2010,21,Males,35091,35
2010,22,Females,36498,14
2010,22,Males,35876,32
2010,23,Females,35769,12
2010,23,Males,34807,30
2010,24,Females,35203,11
2010,24,Males,34840,33
2010,25,Females,35231,9
2010,25,Males,34278,23
2010,26,Females,33971,14
2010,26,Males,33076,39
2010,27,Females,34779,17
2010,27,Males,33499,48
2010,28,Females,35394,15
2010,28,Males,33662,47
2010,29,Females,35018,15
2010,29,Males,33993,39
2010,30,Females,34213,22
2010,30,Males,33317,45
2010,31,Females,32833,24
2010,31,Males,32412,41
2010,32,Females,30891,22
2010,32,Males,29708,51
2010,33,Females,29938,28
2010,33,Males,29305,42
2010,34,Females,31969,25
2010,34,Males,30930,55
2010,35,Females,32669,33
2010,35,Males,30814,51
2010,36,Females,32936,27
2010,36,Males,31772,63
2010,37,Females,35134,30
2010,37,Males,33690,56
2010,38,Females,37905,35
2010,38,Males,35481,61
2010,39,Females,39665,40
2010,39,Males,36849,87
2010,40,Females,39193,42
2010,40,Males,36570,84
2010,41,Females,40629,62
2010,41,Males,38056,82
2010,42,Females,41543,52
2010,42,Males,38787,101
2010,43,Females,41442,54
2010,43,Males,39777,93
2010,44,Females,41525,77
2010,44,Males,39212,121
2010,45,Females,42774,65
2010,45,Males,40732,130
2010,46,Females,42794,88
2010,46,Males,39949,128
2010,47,Females,42422,77
2010,47,Males,40084,133
2010,48,Females,41059,95
2010,48,Males,39720,154
2010,49,Females,40346,102
2010,49,Males,38576,124
2010,50,Females,38894,107
2010,50,Males,37474,150
2010,51,Females,38971,117
2010,51,Males,37091,177
2010,52,Females,37965,137
2010,52,Males,36160,184
2010,53,Females,36842,117
2010,53,Males,35456,225
2010,54,Females,35712,162
2010,54,Males,34539,236
2010,55,Females,34397,147
2010,55,Males,32951,252
2010,56,Females,33939,168
2010,56,Males,32788,263
2010,57,Females,33346,165
2010,57,Males,32184,293
2010,58,Females,32305,176
2010,58,Males,31005,263
2010,59,Females,32870,190
2010,59,Males,31485,272
2010,60,Females,32790,233
2010,60,Males,31856,340
2010,61,Females,33912,267
2010,61,Males,32695,355
2010,62,Females,35067,296
2010,62,Males,33610,434
2010,63,Females,38271,320
2010,63,Males,36317,488
2010,64,Females,29002,310
2010,64,Males,27794,428
2010,65,Females,27995,291
2010,65,Males,25915,417
2010,66,Females,28404,340
2010,66,Males,26588,481
2010,67,Females,28073,397
2010,67,Males,25156,504
2010,68,Females,26105,402
2010,68,Males,23024,493
2010,69,Females,24529,394
2010,69,Males,21194,528
2010,70,Females,25121,441
2010,70,Males,21646,545
2010,71,Females,24652,499
2010,71,Males,21160,638
2010,72,Females,24147,552
2010,72,Males,20553,628
2010,73,Females,23497,543
2010,73,Males,19100,666
2010,74,Females,22841,586
2010,74,Males,18375,747
2010,75,Females,22060,634
2010,75,Males,17399,752
2010,76,Females,20769,707
2010,76,Males,16054,740
2010,77,Females,19823,690
2010,77,Males,14900,830
2010,78,Females,19807,811
2010,78,Males,14350,852
2010,79,Females,18664,842
2010,79,Males,13274,838
2010,80,Females,17560,893
2010,80,Males,11684,888
2010,81,Females,16317,966
2010,81,Males,10750,826
2010,82,Females,14749,989
2010,82,Males,9237,842
2010,83,Females,13766,1023
2010,83,Males,8483,824
2010,84,Females,13089,1052
2010,84,Males,7501,878
2010,85,Females,11489,1018
2010,85,Males,6455,718
2010,86,Females,10486,1050
2010,86,Males,5558,699
2010,87,Females,9208,1040
2010,87,Males,4383,642
2010,88,Females,8425,1001
2010,88,Males,3977,625
2010,89,Females,8061,1111
2010,89,Males,3439,587
2010,90,Females,24355,5502
2010,90,Males,8075,2100
2011,0,Females,28767,99
2011,0,Males,30100,139
2011,1,Females,29015,9
2011,1,Males,30165,12
2011,2,Females,29190,3
2011,2,Males,30189,4
2011,3,Females,29061,3
2011,3,Males,30173,2
2011,4,Females,27807,3
2011,4,Males,29119,1
2011,5,Females,27372,2
2011,5,Males,28397,4
2011,6,Females,26912,2
2011,6,Males,28517,6
2011,7,Females,26373,0
2011,7,Males,28033,3
2011,8,Females,25846,5
2011,8,Males,26840,2
2011,9,Females,25804,1
2011,9,Males,26806,2
2011,10,Females,26930,3
2011,10,Males,27743,1
2011,11,Females,27206,3
2011,11,Males,28919,5
2011,12,Females,28397,1
2011,12,Males,29930,3
2011,13,Females,29033,2
2011,13,Males,30490,3
2011,14,Females,29934,3
2011,14,Males,31684,2
2011,15,Females,29584,2
2011,15,Males,31767,4
2011,16,Females,30055,6
2011,16,Males,31917,5
2011,17,Females,31165,9
2011,17,Males,32818,15
2011,18,Females,33036,10
2011,18,Males,33467,19
2011,19,Females,36620,16
2011,19,Males,36402,35
2011,20,Females,37513,9
2011,20,Males,37785,27
2011,21,Females,36386,13
2011,21,Males,36354,32
2011,22,Females,36450,5
2011,22,Males,36117,36
2011,23,Females,37038,15
2011,23,Males,36710,29
2011,24,Females,36098,10
2011,24,Males,35129,29
2011,25,Females,35492,13
2011,25,Males,35166,42
2011,26,Females,35491,19
2011,26,Males,34410,28
2011,27,Females,34274,9
2011,27,Males,33302,33
2011,28,Females,35002,19
2011,28,Males,33649,38
2011,29,Females,35698,29
2011,29,Males,33865,47
2011,30,Females,35146,18
2011,30,Males,34091,58
2011,31,Females,34479,22
2011,31,Males,33372,47
2011,32,Females,33073,11
2011,32,Males,32617,47
2011,33,Females,31212,24
2011,33,Males,29904,50
2011,34,Females,30232,29
2011,34,Males,29660,49
2011,35,Females,32242,25
2011,35,Males,31290,78
2011,36,Females,32892,31
2011,36,Males,31209,64
2011,37,Females,33168,28
2011,37,Males,32165,57
2011,38,Females,35265,42
2011,38,Males,34009,59
2011,39,Females,38065,62
2011,39,Males,35796,76
2011,40,Females,39755,41
2011,40,Males,37075,101
2011,41,Females,39275,57
2011,41,Males,36731,97
2011,42,Females,40695,61
2011,42,Males,38207,102
2011,43,Females,41588,48
2011,43,Males,38979,109
2011,44,Females,41478,62
2011,44,Males,39881,104
2011,45,Females,41500,82
2011,45,Males,39324,128
2011,46,Females,42830,94
2011,46,Males,40854,109
2011,47,Females,42788,96
2011,47,Males,40034,124
2011,48,Females,42389,100
2011,48,Males,40211,142
2011,49,Females,41054,98
2011,49,Males,39785,132
2011,50,Females,40323,121
2011,50,Males,38604,154
2011,51,Females,38809,131
2011,51,Males,37508,163
2011,52,Females,38896,123
2011,52,Males,37006,193
2011,53,Females,37861,176
2011,53,Males,36150,168
2011,54,Females,36731,140
2011,54,Males,35429,172
2011,55,Females,35637,152
2011,55,Males,34422,251
2011,56,Females,34292,164
2011,56,Males,32817,224
2011,57,Females,33842,184
2011,57,Males,32635,249
2011,58,Females,33239,168
2011,58,Males,32019,252
2011,59,Females,32154,192
2011,59,Males,30867,280
2011,60,Females,32717,225
2011,60,Males,31303,301
2011,61,Females,32585,236
2011,61,Males,31584,355
2011,62,Females,33718,251
2011,62,Males,32416,381
2011,63,Females,34827,315
2011,63,Males,33316,425
2011,64,Females,37988,332
2011,64,Males,36009,493
2011,65,Females,28758,289
2011,65,Males,27452,430
2011,66,Females,27718,322
2011,66,Males,25535,445
2011,67,Females,28097,386
2011,67,Males,26152,519
2011,68,Females,27702,366
2011,68,Males,24717,508
2011,69,Females,25723,404
2011,69,Males,22559,558
2011,70,Females,24164,410
2011,70,Males,20669,594
2011,71,Females,24691,455
2011,71,Males,21051,617
2011,72,Females,24184,487
2011,72,Males,20558,656
2011,73,Females,23655,550
2011,73,Males,19950,682
2011,74,Females,23009,599
2011,74,Males,18436,742
2011,75,Females,22244,638
2011,75,Males,17632,723
2011,76,Females,21406,675
2011,76,Males,16697,772
2011,77,Females,20067,729
2011,77,Males,15340,752
2011,78,Females,19046,753
2011,78,Males,14169,766
2011,79,Females,18993,828
2011,79,Males,13550,804
2011,80,Females,17802,863
2011,80,Males,12446,882
2011,81,Females,16639,961
2011,81,Males,10829,863
2011,82,Females,15284,963
2011,82,Males,9906,883
2011,83,Females,13764,980
2011,83,Males,8414,856
2011,84,Females,12725,968
2011,84,Males,7587,816
2011,85,Females,11956,1067
2011,85,Males,6686,823
2011,86,Females,10446,1055
2011,86,Males,5694,744
2011,87,Females,9487,1016
2011,87,Males,4839,727
2011,88,Females,8188,1072
2011,88,Males,3771,613
2011,89,Females,7441,1038
2011,89,Males,3367,606
2011,90,Females,26117,5610
2011,90,Males,9052,2130
2012,0,Females,28170,84
2012,0,Males,29844,133
2012,1,Females,28771,9
2012,1,Males,30155,8
2012,2,Females,28973,3
2012,2,Males,30133,4
2012,3,Females,29146,3
2012,3,Males,30121,2
2012,4,Females,29043,2
2012,4,Males,30081,6
2012,5,Females,27733,5
2012,5,Males,29090,5
2012,6,Females,27343,1
2012,6,Males,28436,3
2012,7,Females,26809,3
2012,7,Males,28387,2
2012,8,Females,26394,3
2012,8,Males,28058,4
2012,9,Females,26007,1
2012,9,Males,27067,5
2012,10,Females,25952,1
2012,10,Males,26929,2
2012,11,Females,27007,5
2012,11,Males,27831,4
2012,12,Females,27364,0
2012,12,Males,28998,4
2012,13,Females,28356,1
2012,13,Males,29739,1
2012,14,Females,28807,0
2012,14,Males,30137,6
2012,15,Females,29678,3
2012,15,Males,31236,1
2012,16,Females,29410,3
2012,16,Males,31315,8
2012,17,Females,29966,8
2012,17,Males,31589,15
2012,18,Females,32093,4
2012,18,Males,33178,18
2012,19,Females,35084,12
2012,19,Males,34656,19
2012,20,Females,37686,8
2012,20,Males,36900,21
2012,21,Females,37916,1
2012,21,Males,37810,18
2012,22,Females,36451,17
2012,22,Males,36095,22
2012,23,Females,36560,14
2012,23,Males,35856,31
2012,24,Females,36466,15
2012,24,Males,36000,15
2012,25,Females,35666,13
2012,25,Males,34602,38
2012,26,Females,35226,17
2012,26,Males,34638,36
2012,27,Females,35352,18
2012,27,Males,33985,34
2012,28,Females,34208,14
2012,28,Males,32943,35
2012,29,Females,34895,25
2012,29,Males,33329,51
2012,30,Females,35583,17
2012,30,Males,33567,44
2012,31,Females,35129,17
2012,31,Males,33854,52
2012,32,Females,34431,15
2012,32,Males,33088,46
2012,33,Females,33002,24
2012,33,Males,32448,58
2012,34,Females,31169,26
2012,34,Males,29709,57
2012,35,Females,30277,18
2012,35,Males,29578,52
2012,36,Females,32303,18
2012,36,Males,31271,62
2012,37,Females,32927,27
2012,37,Males,31274,49
2012,38,Females,33150,46
2012,38,Males,32188,73
2012,39,Females,35266,32
2012,39,Males,33983,76
2012,40,Females,38050,49
2012,40,Males,35667,80
2012,41,Females,39819,54
2012,41,Males,37043,72
2012,42,Females,39298,64
2012,42,Males,36771,60
2012,43,Females,40746,52
2012,43,Males,38283,111
2012,44,Females,41644,73
2012,44,Males,38966,113
2012,45,Females,41502,80
2012,45,Males,39847,110
2012,46,Females,41549,75
2012,46,Males,39245,115
2012,47,Females,42862,90
2012,47,Males,40889,129
2012,48,Females,42839,79
2012,48,Males,40055,125
2012,49,Females,42371,95
2012,49,Males,40168,176
2012,50,Females,41019,117
2012,50,Males,39686,162
2012,51,Females,40305,131
2012,51,Males,38582,162
2012,52,Females,38783,121
2012,52,Males,37477,170
2012,53,Females,38832,157
2012,53,Males,36971,189
2012,54,Females,37857,134
2012,54,Males,36072,213
2012,55,Females,36671,145
2012,55,Males,35255,234
2012,56,Females,35591,170
2012,56,Males,34275,267
2012,57,Females,34260,152
2012,57,Males,32762,237
2012,58,Females,33721,207
2012,58,Males,32480,254
2012,59,Females,33159,177
2012,59,Males,31892,275
2012,60,Females,32061,214
2012,60,Males,30706,297
2012,61,Females,32537,247
2012,61,Males,31026,355
2012,62,Females,32361,233
2012,62,Males,31297,382
2012,63,Females,33536,293
2012,63,Males,32070,415
2012,64,Females,34567,311
2012,64,Males,32962,435
2012,65,Females,37663,358
2012,65,Males,35569,516
2012,66,Females,28443,340
2012,66,Males,27055,451
2012,67,Females,27345,355
2012,67,Males,25084,462
2012,68,Females,27737,382
2012,68,Males,25622,548
2012,69,Females,27325,401
2012,69,Males,24152,531
2012,70,Females,25324,453
2012,70,Males,22056,563
2012,71,Females,23713,448
2012,71,Males,20132,576
2012,72,Females,24167,510
2012,72,Males,20413,630
2012,73,Females,23671,579
2012,73,Males,19859,688
2012,74,Females,23036,629
2012,74,Males,19210,715
2012,75,Females,22339,626
2012,75,Males,17684,709
2012,76,Females,21616,688
2012,76,Males,16899,795
2012,77,Females,20629,743
2012,77,Males,15905,823
2012,78,Females,19301,797
2012,78,Males,14567,824
2012,79,Females,18249,899
2012,79,Males,13395,798
2012,80,Females,18150,918
2012,80,Males,12698,827
2012,81,Females,16832,1019
2012,81,Males,11588,876
2012,82,Females,15623,1017
2012,82,Males,9976,838
2012,83,Females,14251,1071
2012,83,Males,9048,813
2012,84,Females,12767,1056
2012,84,Males,7600,814
2012,85,Females,11764,1094
2012,85,Males,6733,810
2012,86,Females,10844,1091
2012,86,Males,5899,742
2012,87,Females,9387,1088
2012,87,Males,4944,781
2012,88,Females,8397,1094
2012,88,Males,4074,704
2012,89,Females,7107,1055
2012,89,Males,3204,575
2012,90,Females,27048,6158
2012,90,Males,9852,2348
2013,0,Females,27610,88
2013,0,Males,28884,98
2013,1,Females,28255,7
2013,1,Males,29873,8
2013,2,Females,28753,6
2013,2,Males,30136,5
2013,3,Females,28964,2
2013,3,Males,30100,2
2013,4,Females,29018,4
2013,4,Males,30106,6
2013,5,Females,29031,0
2013,5,Males,30009,0
2013,6,Females,27732,0
2013,6,Males,29113,2
2013,7,Females,27381,4
2013,7,Males,28476,1
2013,8,Females,26729,0
2013,8,Males,28278,3
2013,9,Females,26402,1
2013,9,Males,28117,3
2013,10,Females,26201,0
2013,10,Males,27319,1
2013,11,Females,26124,3
2013,11,Males,27091,3
2013,12,Females,27099,2
2013,12,Males,27908,3
2013,13,Females,27555,4
2013,13,Males,29081,9
2013,14,Females,28354,2
2013,14,Males,29572,2
2013,15,Females,28583,10
2013,15,Males,29775,6
2013,16,Females,29496,8
2013,16,Males,30882,7
2013,17,Females,29283,8
2013,17,Males,30922,14
2013,18,Females,30581,6
2013,18,Males,31754,13
2013,19,Females,34427,12
2013,19,Males,34422,31
2013,20,Females,36073,10
2013,20,Males,35183,16
2013,21,Females,37838,6
2013,21,Males,36878,30
2013,22,Females,37681,5
2013,22,Males,37505,21
2013,23,Females,36267,7
2013,23,Males,35779,21
2013,24,Females,35842,10
2013,24,Males,35256,24
2013,25,Females,36088,14
2013,25,Males,35646,31
2013,26,Females,35268,10
2013,26,Males,34253,23
2013,27,Females,35002,12
2013,27,Males,34364,30
2013,28,Females,35220,13
2013,28,Males,33790,39
2013,29,Females,34100,11
2013,29,Males,32782,32
2013,30,Females,34790,27
2013,30,Males,33124,42
2013,31,Females,35474,25
2013,31,Males,33391,39
2013,32,Females,35162,20
2013,32,Males,33714,48
2013,33,Females,34339,16
2013,33,Males,33007,50
2013,34,Females,33047,25
2013,34,Males,32334,48
2013,35,Females,31220,24
2013,35,Males,29665,56
2013,36,Females,30308,33
2013,36,Males,29638,57
2013,37,Females,32344,28
2013,37,Males,31320,51
2013,38,Females,32960,27
2013,38,Males,31423,58
2013,39,Females,33252,40
2013,39,Males,32310,58
2013,40,Females,35358,37
2013,40,Males,34070,82
2013,41,Females,38080,38
2013,41,Males,35676,86
2013,42,Females,39840,51
2013,42,Males,37173,112
2013,43,Females,39357,63
2013,43,Males,36976,93
2013,44,Females,40801,57
2013,44,Males,38374,119
2013,45,Females,41695,76
2013,45,Males,39083,119
2013,46,Females,41537,79
2013,46,Males,39908,128
2013,47,Females,41562,70
2013,47,Males,39348,113
2013,48,Females,42909,95
2013,48,Males,40943,165
2013,49,Females,42850,102
2013,49,Males,40146,141
2013,50,Females,42374,122
2013,50,Males,40158,149
2013,51,Females,40949,133
2013,51,Males,39698,161
2013,52,Females,40237,134
2013,52,Males,38491,207
2013,53,Females,38805,117
2013,53,Males,37555,185
2013,54,Females,38752,152
2013,54,Males,36958,222
2013,55,Females,37866,171
2013,55,Males,36046,234
2013,56,Females,36597,186
2013,56,Males,35173,245
2013,57,Females,35509,174
2013,57,Males,34190,240
2013,58,Females,34201,155
2013,58,Males,32697,271
2013,59,Females,33620,198
2013,59,Males,32265,313
2013,60,Females,33063,207
2013,60,Males,31703,309
2013,61,Females,31912,228
2013,61,Males,30507,304
2013,62,Females,32374,245
2013,62,Males,30779,359
2013,63,Females,32180,252
2013,63,Males,30986,364
2013,64,Females,33258,310
2013,64,Males,31734,428
2013,65,Females,34293,361
2013,65,Males,32581,520
2013,66,Females,37260,433
2013,66,Males,35008,556
2013,67,Females,28129,325
2013,67,Males,26568,507
2013,68,Females,26999,366
2013,68,Males,24595,509
2013,69,Females,27329,386
2013,69,Males,25144,517
2013,70,Females,26934,480
2013,70,Males,23632,581
2013,71,Females,24862,465
2013,71,Males,21509,584
2013,72,Females,23157,499
2013,72,Males,19515,664
2013,73,Females,23632,544
2013,73,Males,19730,679
2013,74,Females,23045,597
2013,74,Males,19189,649
2013,75,Females,22376,645
2013,75,Males,18434,775
2013,76,Females,21613,654
2013,76,Males,16908,690
2013,77,Females,20847,744
2013,77,Males,16123,789
2013,78,Females,19837,793
2013,78,Males,15066,817
2013,79,Females,18465,835
2013,79,Males,13745,869
2013,80,Females,17352,812
2013,80,Males,12531,852
2013,81,Females,17100,923
2013,81,Males,11789,867
2013,82,Females,15766,1027
2013,82,Males,10677,934
2013,83,Females,14556,1058
2013,83,Males,9157,839
2013,84,Females,13144,1024
2013,84,Males,8128,883
2013,85,Females,11609,1097
2013,85,Males,6753,838
2013,86,Females,10674,1056
2013,86,Males,5937,792
2013,87,Females,9671,1158
2013,87,Males,5116,730
2013,88,Females,8252,1052
2013,88,Males,4233,643
2013,89,Females,7324,978
2013,89,Males,3459,585
2013,90,Females,27356,6081
2013,90,Males,10335,2516
2014,0,Females,27023,97
2014,0,Males,28580,110
2014,1,Females,27812,3
2014,1,Males,29015,6
2014,2,Females,28323,3
2014,2,Males,29968,7
2014,3,Females,28760,1
2014,3,Males,30163,3
2014,4,Females,29013,1
2014,4,Males,30097,2
2014,5,Females,28974,2
2014,5,Males,30075,5
2014,6,Females,29074,2
2014,6,Males,30049,4
2014,7,Females,27754,1
2014,7,Males,29175,3
2014,8,Females,27421,1
2014,8,Males,28549,2
2014,9,Females,26743,1
2014,9,Males,28263,2
2014,10,Females,26492,1
2014,10,Males,28241,4
2014,11,Females,26489,3
2014,11,Males,27548,7
2014,12,Females,26319,1
2014,12,Males,27270,2
2014,13,Females,27200,6
2014,13,Males,28018,1
2014,14,Females,27793,1
2014,14,Males,29201,6
2014,15,Females,28414,2
2014,15,Males,29476,2
2014,16,Females,28442,7
2014,16,Males,29553,6
2014,17,Females,29364,8
2014,17,Males,30550,15
2014,18,Females,30046,3
2014,18,Males,31143,10
2014,19,Females,32766,9
2014,19,Males,32985,19
2014,20,Females,35584,9
2014,20,Males,34980,28
2014,21,Females,36266,13
2014,21,Males,35116,21
2014,22,Females,37707,8
2014,22,Males,36379,19
2014,23,Females,37457,13
2014,23,Males,36920,27
2014,24,Females,35541,14
2014,24,Males,34963,18
2014,25,Females,35409,11
2014,25,Males,34735,21
2014,26,Females,35919,15
2014,26,Males,35260,30
2014,27,Females,35141,11
2014,27,Males,34046,26
2014,28,Females,34887,14
2014,28,Males,34073,31
2014,29,Females,35242,11
2014,29,Males,33584,38
2014,30,Females,34213,20
2014,30,Males,32678,17
2014,31,Females,34828,24
2014,31,Males,33029,42
2014,32,Females,35491,16
2014,32,Males,33222,41
2014,33,Females,35256,23
2014,33,Males,33667,40
2014,34,Females,34424,21
2014,34,Males,32985,36
2014,35,Females,33166,31
2014,35,Males,32352,56
2014,36,Females,31291,22
2014,36,Males,29673,43
2014,37,Females,30393,21
2014,37,Males,29695,54
2014,38,Females,32456,27
2014,38,Males,31368,83
2014,39,Females,33056,28
2014,39,Males,31539,55
2014,40,Females,33368,42
2014,40,Males,32349,91
2014,41,Females,35490,50
2014,41,Males,34093,82
2014,42,Females,38127,55
2014,42,Males,35713,86
2014,43,Females,39938,61
2014,43,Males,37242,95
2014,44,Females,39429,65
2014,44,Males,37067,118
2014,45,Females,40897,68
2014,45,Males,38488,102
2014,46,Females,41751,82
2014,46,Males,39159,121
2014,47,Females,41589,89
2014,47,Males,39939,124
2014,48,Females,41642,94
2014,48,Males,39374,159
2014,49,Females,42950,100
2014,49,Males,40946,153
2014,50,Females,42884,131
2014,50,Males,40188,173
2014,51,Females,42391,128
2014,51,Males,40186,164
2014,52,Females,40928,124
2014,52,Males,39624,187
2014,53,Females,40148,123
2014,53,Males,38436,162
2014,54,Females,38775,123
2014,54,Males,37568,204
2014,55,Females,38776,158
2014,55,Males,36925,217
2014,56,Females,37820,169
2014,56,Males,36063,205
2014,57,Females,36466,200
2014,57,Males,35076,260
2014,58,Females,35426,197
2014,58,Males,34024,285
2014,59,Females,34160,186
2014,59,Males,32540,282
2014,60,Females,33531,219
2014,60,Males,32119,301
2014,61,Females,32975,219
2014,61,Males,31559,333
2014,62,Females,31746,231
2014,62,Males,30315,334
2014,63,Females,32198,256
2014,63,Males,30474,382
2014,64,Females,31988,295
2014,64,Males,30726,400
2014,65,Females,32999,297
2014,65,Males,31403,485
2014,66,Females,34015,362
2014,66,Males,32112,505
2014,67,Females,36873,409
2014,67,Males,34499,571
2014,68,Females,27839,349
2014,68,Males,26118,511
2014,69,Females,26642,434
2014,69,Males,24110,552
2014,70,Females,26952,409
2014,70,Males,24612,570
2014,71,Females,26481,470
2014,71,Males,23064,600
2014,72,Females,24440,478
2014,72,Males,20903,654
2014,73,Females,22667,498
2014,73,Males,18893,614
2014,74,Females,23131,536
2014,74,Males,19058,725
2014,75,Females,22457,568
2014,75,Males,18489,747
2014,76,Females,21726,690
2014,76,Males,17718,761
2014,77,Females,20942,741
2014,77,Males,16151,797
2014,78,Females,20100,791
2014,78,Males,15344,828
2014,79,Females,18998,840
2014,79,Males,14270,791
2014,80,Females,17671,872
2014,80,Males,12911,831
2014,81,Females,16546,854
2014,81,Males,11755,814
2014,82,Females,16125,967
2014,82,Males,10944,874
2014,83,Females,14774,1026
2014,83,Males,9757,900
2014,84,Females,13494,1109
2014,84,Males,8351,897
2014,85,Females,12095,1068
2014,85,Males,7281,856
2014,86,Females,10602,1069
2014,86,Males,6022,810
2014,87,Females,9620,1121
2014,87,Males,5220,745
2014,88,Females,8643,1059
2014,88,Males,4453,696
2014,89,Females,7208,991
2014,89,Males,3638,625
2014,90,Females,28546,5972
2014,90,Males,11020,2568
2015,0,Females,26844,76
2015,0,Males,28409,99
2015,1,Females,27149,6
2015,1,Males,28744,8
2015,2,Females,27908,3
2015,2,Males,29117,5
2015,3,Females,28357,1
2015,3,Males,30031,5
2015,4,Females,28815,4
2015,4,Males,30213,4
2015,5,Females,29000,1
2015,5,Males,30090,2
2015,6,Females,28973,1
2015,6,Males,30103,4
2015,7,Females,29119,1
2015,7,Males,30060,2
2015,8,Females,27836,0
2015,8,Males,29267,2
2015,9,Females,27487,0
2015,9,Males,28628,2
2015,10,Females,26718,1
2015,10,Males,28242,3
2015,11,Females,26616,0
2015,11,Males,28324,4
2015,12,Females,26711,1
2015,12,Males,27806,0
2015,13,Females,26517,3
2015,13,Males,27466,4
2015,14,Females,27327,2
2015,14,Males,28149,1
2015,15,Females,28026,3
2015,15,Males,29354,4
2015,16,Females,28532,3
2015,16,Males,29454,8
2015,17,Females,28414,5
2015,17,Males,29391,10
2015,18,Females,30322,7
2015,18,Males,30993,22
2015,19,Females,32665,6
2015,19,Males,32668,15
2015,20,Females,34197,6
2015,20,Males,33787,18
2015,21,Females,36164,10
2015,21,Males,35261,25
2015,22,Females,36558,8
2015,22,Males,35101,17
2015,23,Females,37733,6
2015,23,Males,36320,19
2015,24,Females,37260,5
2015,24,Males,36597,21
2015,25,Females,35581,14
2015,25,Males,34908,28
2015,26,Females,35534,17
2015,26,Males,34707,25
2015,27,Females,36047,18
2015,27,Males,35353,34
2015,28,Females,35161,9
2015,28,Males,34034,35
2015,29,Females,35046,17
2015,29,Males,34098,37
2015,30,Females,35406,18
2015,30,Males,33616,51
2015,31,Females,34311,21
2015,31,Males,32811,38
2015,32,Females,34958,24
2015,32,Males,33109,49
2015,33,Females,35578,31
2015,33,Males,33237,42
2015,34,Females,35400,26
2015,34,Males,33792,54
2015,35,Females,34501,40
2015,35,Males,33124,58
2015,36,Females,33328,27
2015,36,Males,32535,48
2015,37,Females,31437,38
2015,37,Males,29732,69
2015,38,Females,30535,30
2015,38,Males,29758,52
2015,39,Females,32624,41
2015,39,Males,31494,61
2015,40,Females,33118,49
2015,40,Males,31626,69
2015,41,Females,33420,33
2015,41,Males,32416,59
2015,42,Females,35550,43
2015,42,Males,34142,95
2015,43,Females,38168,61
2015,43,Males,35709,105
2015,44,Females,40011,72
2015,44,Males,37305,120
2015,45,Females,39496,81
2015,45,Males,37160,106
2015,46,Females,40914,68
2015,46,Males,38554,123
2015,47,Females,41772,88
2015,47,Males,39212,161
2015,48,Females,41587,115
2015,48,Males,39981,136
2015,49,Females,41703,110
2015,49,Males,39439,157
2015,50,Females,43008,114
2015,50,Males,40943,160
2015,51,Females,42869,139
2015,51,Males,40214,196
2015,52,Females,42328,119
2015,52,Males,40091,184
2015,53,Females,40854,161
2015,53,Males,39547,185
2015,54,Females,40108,144
2015,54,Males,38396,221
2015,55,Females,38800,173
2015,55,Males,37506,224
2015,56,Females,38725,171
2015,56,Males,36830,266
2015,57,Females,37791,180
2015,57,Males,36030,266
2015,58,Females,36361,184
2015,58,Males,34888,279
2015,59,Females,35342,196
2015,59,Males,33878,294
2015,60,Females,34092,198
2015,60,Males,32399,312
2015,61,Females,33406,213
2015,61,Males,31893,313
2015,62,Females,32847,236
2015,62,Males,31338,352
2015,63,Females,31557,259
2015,63,Males,30050,410
2015,64,Females,31973,273
2015,64,Males,30175,409
2015,65,Females,31752,310
2015,65,Males,30281,457
2015,66,Females,32714,370
2015,66,Males,30935,484
2015,67,Females,33665,415
2015,67,Males,31632,610
2015,68,Females,36446,459
2015,68,Males,33895,635
2015,69,Females,27443,411
2015,69,Males,25529,619
2015,70,Females,26187,430
2015,70,Males,23550,570
2015,71,Females,26504,474
2015,71,Males,24016,661
2015,72,Females,25966,553
2015,72,Males,22385,700
2015,73,Females,23906,568
2015,73,Males,20279,751
2015,74,Females,22113,592
2015,74,Males,18208,722
2015,75,Females,22481,641
2015,75,Males,18329,709
2015,76,Females,21809,703
2015,76,Males,17665,812
2015,77,Females,20990,700
2015,77,Males,16889,835
2015,78,Females,20071,807
2015,78,Males,15274,851
2015,79,Females,19243,815
2015,79,Males,14498,872
2015,80,Females,18051,891
2015,80,Males,13408,880
2015,81,Females,16826,895
2015,81,Males,12047,893
2015,82,Females,15588,1044
2015,82,Males,10928,873
2015,83,Females,14966,1082
2015,83,Males,9998,946
2015,84,Females,13625,1081
2015,84,Males,8776,943
2015,85,Females,12334,1134
2015,85,Males,7412,874
2015,86,Females,10935,1104
2015,86,Males,6438,816
2015,87,Females,9465,1078
2015,87,Males,5180,791
2015,88,Females,8446,1162
2015,88,Males,4389,787
2015,89,Females,7508,1118
2015,89,Males,3722,678
2015,90,Females,28333,6827
2015,90,Males,11470,2949
2016,0,Females,26540,87
2016,0,Males,28391,94
2016,1,Females,27133,8
2016,1,Males,28622,8
2016,2,Females,27332,3
2016,2,Males,28923,12
2016,3,Females,28071,5
2016,3,Males,29249,1
2016,4,Females,28487,3
2016,4,Males,30192,2
2016,5,Females,28912,5
2016,5,Males,30331,5
2016,6,Females,29114,1
2016,6,Males,30208,5
2016,7,Females,29074,1
2016,7,Males,30194,5
2016,8,Females,29240,1
2016,8,Males,30157,2
2016,9,Females,27939,2
2016,9,Males,29410,2
2016,10,Females,27624,0
2016,10,Males,28804,2
2016,11,Females,26722,2
2016,11,Males,28265,1
2016,12,Females,26754,0
2016,12,Males,28519,2
2016,13,Females,27023,5
2016,13,Males,28136,3
2016,14,Females,26806,6
2016,14,Males,27704,5
2016,15,Females,27499,7
2016,15,Males,28350,2
2016,16,Females,28352,5
2016,16,Males,29639,11
2016,17,Females,28797,4
2016,17,Males,29521,14
2016,18,Females,29584,7
2016,18,Males,30056,17
2016,19,Females,32867,8
2016,19,Males,32706,23
2016,20,Females,34146,11
2016,20,Males,33515,10
2016,21,Females,34706,12
2016,21,Males,34101,25
2016,22,Females,36280,6
2016,22,Males,35236,22
2016,23,Females,36784,13
2016,23,Males,35259,26
2016,24,Females,37390,15
2016,24,Males,36154,25
2016,25,Females,37145,7
2016,25,Males,36631,36
2016,26,Females,35631,12
2016,26,Males,34863,37
2016,27,Females,35711,19
2016,27,Males,34855,37
2016,28,Females,36280,15
2016,28,Males,35360,44
2016,29,Females,35239,17
2016,29,Males,34151,52
2016,30,Females,35192,19
2016,30,Males,34132,30
2016,31,Females,35576,25
2016,31,Males,33697,49
2016,32,Females,34475,26
2016,32,Males,32892,48
2016,33,Females,35086,29
2016,33,Males,33099,51
2016,34,Females,35636,26
2016,34,Males,33301,60
2016,35,Females,35513,40
2016,35,Males,33834,54
2016,36,Females,34566,33
2016,36,Males,33234,62
2016,37,Females,33392,31
2016,37,Males,32686,66
2016,38,Females,31570,30
2016,38,Males,29870,50
2016,39,Females,30611,44
2016,39,Males,29908,60
2016,40,Females,32705,48
2016,40,Males,31491,99
2016,41,Females,33179,57
2016,41,Males,31619,105
2016,42,Females,33495,51
2016,42,Males,32467,101
2016,43,Females,35632,64
2016,43,Males,34137,98
2016,44,Females,38175,72
2016,44,Males,35667,127
2016,45,Females,40017,81
2016,45,Males,37351,162
2016,46,Females,39541,92
2016,46,Males,37171,128
2016,47,Females,40935,87
2016,47,Males,38618,136
2016,48,Females,41775,91
2016,48,Males,39239,142
2016,49,Females,41584,101
2016,49,Males,39959,153
2016,50,Females,41686,120
2016,50,Males,39377,201
2016,51,Females,42960,139
2016,51,Males,40942,174
2016,52,Females,42838,130
2016,52,Males,40211,225
2016,53,Females,42301,139
2016,53,Males,39993,203
2016,54,Females,40814,140
2016,54,Males,39407,228
2016,55,Females,40032,176
2016,55,Males,38241,238
2016,56,Females,38756,164
2016,56,Males,37414,251
2016,57,Females,38567,195
2016,57,Males,36709,279
2016,58,Females,37709,194
2016,58,Males,35854,267
2016,59,Females,36193,206
2016,59,Males,34661,332
2016,60,Females,35204,225
2016,60,Males,33642,315
2016,61,Females,33960,221
2016,61,Males,32208,360
2016,62,Females,33268,252
2016,62,Males,31650,346
2016,63,Females,32644,275
2016,63,Males,31009,385
2016,64,Females,31337,302
2016,64,Males,29739,401
2016,65,Females,31693,298
2016,65,Males,29823,452
2016,66,Females,31499,350
2016,66,Males,29840,530
2016,67,Females,32337,380
2016,67,Males,30476,534
2016,68,Females,33277,403
2016,68,Males,31057,603
2016,69,Females,35953,492
2016,69,Males,33220,725
2016,70,Females,27028,480
2016,70,Males,24906,588
2016,71,Females,25721,469
2016,71,Males,22967,616
2016,72,Females,26027,493
2016,72,Males,23345,671
2016,73,Females,25443,595
2016,73,Males,21660,677
2016,74,Females,23348,536
2016,74,Males,19643,693
2016,75,Females,21521,599
2016,75,Males,17489,696
2016,76,Females,21841,679
2016,76,Males,17585,738
2016,77,Females,21098,731
2016,77,Males,16838,775
2016,78,Females,20263,795
2016,78,Males,16041,787
2016,79,Females,19210,815
2016,79,Males,14429,847
2016,80,Females,18387,918
2016,80,Males,13571,907
2016,81,Females,17156,865
2016,81,Males,12497,905
2016,82,Females,15911,938
2016,82,Males,11180,884
2016,83,Females,14622,994
2016,83,Males,10031,908
2016,84,Females,13858,1084
2016,84,Males,9081,947
2016,85,Females,12546,1120
2016,85,Males,7899,892
2016,86,Females,11186,1154
2016,86,Males,6576,806
2016,87,Females,9827,1096
2016,87,Males,5646,781
2016,88,Females,8379,1075
2016,88,Males,4460,720
2016,89,Females,7387,1060
2016,89,Males,3733,629
2016,90,Females,28973,6337
2016,90,Males,12079,2933
2017,0,Females,25546,74
2017,0,Males,27164,102
2017,1,Females,26661,3
2017,1,Males,28532,5
2017,2,Females,27129,3
2017,2,Males,28665,5
2017,3,Females,27338,3
2017,3,Males,28948,3
2017,4,Females,28114,1
2017,4,Males,29307,5
2017,5,Females,28545,5
2017,5,Males,30271,0
2017,6,Females,28930,1
2017,6,Males,30412,2
2017,7,Females,29220,0
2017,7,Males,30249,2
2017,8,Females,29157,1
2017,8,Males,30301,3
2017,9,Females,29325,3
2017,9,Males,30266,0
2017,10,Females,27988,2
2017,10,Males,29554,1
2017,11,Females,27743,4
2017,11,Males,28932,1
2017,12,Females,26749,2
2017,12,Males,28292,4
2017,13,Females,26867,3
2017,13,Males,28670,8
2017,14,Females,27324,6
2017,14,Males,28506,5
2017,15,Females,27091,4
2017,15,Males,27956,5
2017,16,Females,27736,3
2017,16,Males,28565,9
2017,17,Females,28734,8
2017,17,Males,29908,8
2017,18,Females,30149,8
2017,18,Males,30370,13
2017,19,Females,32036,8
2017,19,Males,31664,18
2017,20,Females,34150,9
2017,20,Males,33588,16
2017,21,Females,34410,7
2017,21,Males,33671,18
2017,22,Females,34573,11
2017,22,Males,33822,17
2017,23,Females,36176,10
2017,23,Males,34955,27
2017,24,Females,36318,7
2017,24,Males,34728,20
2017,25,Females,37067,8
2017,25,Males,35806,37
2017,26,Females,37075,16
2017,26,Males,36333,27
2017,27,Females,35664,10
2017,27,Males,34788,37
2017,28,Females,35770,10
2017,28,Males,34677,34
2017,29,Females,36396,14
2017,29,Males,35169,32
2017,30,Females,35267,16
2017,30,Males,34035,47
2017,31,Females,35217,23
2017,31,Males,34150,52
2017,32,Females,35655,20
2017,32,Males,33657,64
2017,33,Females,34605,23
2017,33,Males,32838,39
2017,34,Females,35156,20
2017,34,Males,33093,57
2017,35,Females,35651,38
2017,35,Males,33310,58
2017,36,Females,35627,43
2017,36,Males,33852,54
2017,37,Females,34597,43
2017,37,Males,33314,66
2017,38,Females,33538,37
2017,38,Males,32858,75
2017,39,Females,31698,46
2017,39,Males,29959,86
2017,40,Females,30689,41
2017,40,Males,29906,65
2017,41,Females,32792,46
2017,41,Males,31431,85
2017,42,Females,33285,52
2017,42,Males,31667,95
2017,43,Females,33619,58
2017,43,Males,32530,112
2017,44,Females,35703,67
2017,44,Males,34144,89
2017,45,Females,38202,59
2017,45,Males,35652,117
2017,46,Females,40043,74
2017,46,Males,37299,147
2017,47,Females,39630,80
2017,47,Males,37217,140
2017,48,Females,40963,86
2017,48,Males,38658,170
2017,49,Females,41774,104
2017,49,Males,39233,161
2017,50,Females,41612,111
2017,50,Males,39986,167
2017,51,Females,41665,119
2017,51,Males,39373,171
2017,52,Females,42935,153
2017,52,Males,40924,216
2017,53,Females,42826,142
2017,53,Males,40179,192
2017,54,Females,42304,162
2017,54,Males,39917,236
2017,55,Females,40767,151
2017,55,Males,39262,220
2017,56,Females,39919,192
2017,56,Males,38121,261
2017,57,Females,38728,184
2017,57,Males,37339,254
2017,58,Females,38454,210
2017,58,Males,36569,280
2017,59,Females,37647,215
2017,59,Males,35774,289
2017,60,Females,36089,222
2017,60,Males,34467,323
2017,61,Females,35091,230
2017,61,Males,33422,343
2017,62,Females,33840,246
2017,62,Males,31964,350
2017,63,Females,33067,310
2017,63,Males,31376,375
2017,64,Females,32419,269
2017,64,Males,30752,407
2017,65,Females,31095,309
2017,65,Males,29449,399
2017,66,Females,31432,352
2017,66,Males,29381,499
2017,67,Females,31200,343
2017,67,Males,29412,504
2017,68,Females,31973,397
2017,68,Males,30007,581
2017,69,Females,32886,486
2017,69,Males,30441,620
2017,70,Females,35431,551
2017,70,Males,32525,738
2017,71,Females,26544,455
2017,71,Males,24340,599
2017,72,Females,25251,485
2017,72,Males,22379,624
2017,73,Females,25506,542
2017,73,Males,22674,708
2017,74,Females,24857,603
2017,74,Males,20948,734
2017,75,Females,22771,643
2017,75,Males,18965,759
2017,76,Females,20850,694
2017,76,Males,16752,756
2017,77,Females,21115,748
2017,77,Males,16856,808
2017,78,Females,20338,819
2017,78,Males,16030,865
2017,79,Females,19428,822
2017,79,Males,15153,942
2017,80,Females,18404,829
2017,80,Males,13582,882
2017,81,Females,17461,955
2017,81,Males,12655,917
2017,82,Females,16194,974
2017,82,Males,11616,948
2017,83,Females,14916,1047
2017,83,Males,10225,987
2017,84,Females,13564,1094
2017,84,Males,9146,884
2017,85,Females,12745,1112
2017,85,Males,8150,909
2017,86,Females,11316,1175
2017,86,Males,6961,893
2017,87,Females,10001,1181
2017,87,Males,5726,843
2017,88,Females,8695,1180
2017,88,Males,4872,762
2017,89,Females,7254,1083
2017,89,Males,3740,658
2017,90,Females,29193,6618
2017,90,Males,12443,3104
2018,0,Females,25134,81
2018,0,Males,26441,82
2018,1,Females,25634,7
2018,1,Males,27174,8
2018,2,Females,26663,0
2018,2,Males,28516,3
2018,3,Females,27152,5
2018,3,Males,28688,2
2018,4,Females,27304,1
2018,4,Males,28942,2
2018,5,Females,28131,1
2018,5,Males,29320,1
2018,6,Females,28579,6
2018,6,Males,30359,6
2018,7,Females,28972,1
2018,7,Males,30425,2
2018,8,Females,29277,3
2018,8,Males,30268,2
2018,9,Females,29139,1
2018,9,Males,30375,0
2018,10,Females,29363,2
2018,10,Males,30309,3
2018,11,Females,28070,2
2018,11,Males,29600,2
2018,12,Females,27810,4
2018,12,Males,29028,1
2018,13,Females,26736,4
2018,13,Males,28281,3
2018,14,Females,26980,4
2018,14,Males,28781,7
2018,15,Females,27604,4
2018,15,Males,28774,6
2018,16,Females,27329,5
2018,16,Males,28202,11
2018,17,Females,27966,8
2018,17,Males,28738,16
2018,18,Females,29933,10
2018,18,Males,30803,20
2018,19,Females,32659,5
2018,19,Males,31999,24
2018,20,Females,33119,4
2018,20,Males,32423,23
2018,21,Females,34227,9
2018,21,Males,33562,26
2018,22,Females,34376,9
2018,22,Males,33497,23
2018,23,Females,34602,17
2018,23,Males,33637,25
2018,24,Females,35587,13
2018,24,Males,34376,33
2018,25,Females,35851,13
2018,25,Males,34199,37
2018,26,Females,36865,10
2018,26,Males,35357,37
2018,27,Females,36973,13
2018,27,Males,35991,29
2018,28,Females,35731,20
2018,28,Males,34514,44
2018,29,Females,35785,17
2018,29,Males,34388,54
2018,30,Females,36531,14
2018,30,Males,35157,45
2018,31,Females,35313,17
2018,31,Males,33874,36
2018,32,Females,35261,24
2018,32,Males,34023,48
2018,33,Females,35753,30
2018,33,Males,33601,50
2018,34,Females,34742,28
2018,34,Males,32827,61
2018,35,Females,35275,30
2018,35,Males,33050,49
2018,36,Females,35545,48
2018,36,Males,33330,69
2018,37,Females,35651,42
2018,37,Males,33820,86
2018,38,Females,34631,35
2018,38,Males,33330,68
2018,39,Females,33608,59
2018,39,Males,32961,75
2018,40,Females,31744,46
2018,40,Males,29865,85
2018,41,Females,30755,41
2018,41,Males,29821,86
2018,42,Females,32864,54
2018,42,Males,31368,105
2018,43,Females,33277,60
2018,43,Males,31562,93
2018,44,Females,33720,64
2018,44,Males,32473,107
2018,45,Females,35732,75
2018,45,Males,34069,114
2018,46,Females,38202,66
2018,46,Males,35506,141
2018,47,Females,40101,102
2018,47,Males,37274,141
2018,48,Females,39628,86
2018,48,Males,37163,152
2018,49,Females,40980,96
2018,49,Males,38661,185
2018,50,Females,41783,118
2018,50,Males,39180,176
2018,51,Females,41545,133
2018,51,Males,39933,168
2018,52,Females,41628,148
2018,52,Males,39256,188
2018,53,Females,42858,150
2018,53,Males,40814,221
2018,54,Females,42782,176
2018,54,Males,40072,224
2018,55,Females,42249,158
2018,55,Males,39779,211
2018,56,Females,40665,188
2018,56,Males,39088,273
2018,57,Females,39702,188
2018,57,Males,37894,269
2018,58,Females,38650,190
2018,58,Males,37119,312
2018,59,Females,38282,234
2018,59,Males,36320,328
2018,60,Females,37552,243
2018,60,Males,35588,325
2018,61,Females,35881,258
2018,61,Males,34140,357
2018,62,Females,34903,259
2018,62,Males,33092,371
2018,63,Females,33618,289
2018,63,Males,31630,396
2018,64,Females,32805,294
2018,64,Males,31043,373
2018,65,Females,32122,356
2018,65,Males,30412,457
2018,66,Females,30766,315
2018,66,Males,29054,455
2018,67,Females,31048,383
2018,67,Males,28902,497
2018,68,Females,30852,408
2018,68,Males,28909,544
2018,69,Females,31597,423
2018,69,Males,29459,624
2018,70,Females,32343,540
2018,70,Males,29797,655
2018,71,Females,34880,601
2018,71,Males,31735,763
2018,72,Females,26067,542
2018,72,Males,23643,654
2018,73,Females,24768,536
2018,73,Males,21749,669
2018,74,Females,24911,601
2018,74,Males,21885,736
2018,75,Females,24196,645
2018,75,Males,20194,794
2018,76,Females,22104,667
2018,76,Males,18155,826
2018,77,Females,20113,752
2018,77,Males,15963,774
2018,78,Females,20274,797
2018,78,Males,15988,844
2018,79,Females,19481,822
2018,79,Males,15088,889
2018,80,Females,18517,881
2018,80,Males,14175,923
2018,81,Females,17401,1022
2018,81,Males,12590,940
2018,82,Females,16402,1000
2018,82,Males,11658,957
2018,83,Females,15173,978
2018,83,Males,10656,999
2018,84,Females,13802,1059
2018,84,Males,9233,942
2018,85,Females,12562,1083
2018,85,Males,8207,897
2018,86,Females,11486,1136
2018,86,Males,7220,911
2018,87,Females,10097,1134
2018,87,Males,6114,765
2018,88,Females,8747,1115
2018,88,Males,4896,764
2018,89,Females,7484,1097
2018,89,Males,4094,756
2018,90,Females,29046,6646
2018,90,Males,12668,3087
2019,0,Females,24574,61
2019,0,Males,26092,104
2019,1,Females,25269,7
2019,1,Males,26554,9
2019,2,Females,25733,6
2019,2,Males,27269,4
2019,3,Females,26825,4
2019,3,Males,28654,1
2019,4,Females,27238,1
2019,4,Males,28765,1
2019,5,Females,27423,1
2019,5,Males,29012,3
2019,6,Females,28268,3
2019,6,Males,29481,0
2019,7,Females,28718,3
2019,7,Males,30510,1
2019,8,Females,29148,1
2019,8,Males,30593,2
2019,9,Females,29444,0
2019,9,Males,30407,2
2019,10,Females,29258,3
2019,10,Males,30544,2
2019,11,Females,29504,2
2019,11,Males,30449,4
2019,12,Females,28229,2
2019,12,Males,29764,2
2019,13,Females,28003,2
2019,13,Males,29264,1
2019,14,Females,26850,5
2019,14,Males,28378,4
2019,15,Females,27247,8
2019,15,Males,29068,6
2019,16,Females,28001,3
2019,16,Males,29219,11
2019,17,Females,27700,6
2019,17,Males,28571,17
2019,18,Females,29550,12
2019,18,Males,29769,19
2019,19,Females,32839,3
2019,19,Males,32766,12
2019,20,Females,34100,13
2019,20,Males,33092,15
2019,21,Females,33462,9
2019,21,Males,32646,26
2019,22,Females,34321,10
2019,22,Males,33338,31
2019,23,Females,34486,12
2019,23,Males,33303,30
2019,24,Females,33909,10
2019,24,Males,33118,37
2019,25,Females,35047,8
2019,25,Males,34074,36
2019,26,Females,35493,10
2019,26,Males,34037,33
2019,27,Females,36672,20
2019,27,Males,35188,34
2019,28,Females,36953,18
2019,28,Males,35897,38
2019,29,Females,35755,27
2019,29,Males,34332,39
2019,30,Females,35862,19
2019,30,Males,34452,40
2019,31,Females,36637,20
2019,31,Males,35216,54
2019,32,Females,35409,21
2019,32,Males,33918,45
2019,33,Females,35400,26
2019,33,Males,34081,62
2019,34,Females,35883,31
2019,34,Males,33703,54
2019,35,Females,34810,27
2019,35,Males,32897,73
2019,36,Females,35357,35
2019,36,Males,33101,67
2019,37,Females,35577,42
2019,37,Males,33329,76
2019,38,Females,35768,42
2019,38,Males,34027,79
2019,39,Females,34766,63
2019,39,Males,33531,73
2019,40,Females,33718,57
2019,40,Males,33056,81
2019,41,Females,31837,66
2019,41,Males,29763,101
2019,42,Females,30911,56
2019,42,Males,29799,100
2019,43,Females,32953,59
2019,43,Males,31366,118
2019,44,Females,33331,64
2019,44,Males,31550,127
2019,45,Females,33846,66
2019,45,Males,32534,125
2019,46,Females,35800,82
2019,46,Males,34051,150
2019,47,Females,38239,98
2019,47,Males,35480,136
2019,48,Females,40144,101
2019,48,Males,37284,153
2019,49,Females,39742,87
2019,49,Males,37217,153
2019,50,Females,41023,112
2019,50,Males,38748,170
2019,51,Females,41819,134
2019,51,Males,39230,186
2019,52,Females,41513,105
2019,52,Males,39890,208
2019,53,Females,41642,148
2019,53,Males,39254,210
2019,54,Females,42836,155
2019,54,Males,40741,219
2019,55,Females,42796,178
2019,55,Males,40060,197
2019,56,Females,42236,181
2019,56,Males,39799,244
2019,57,Females,40582,208
2019,57,Males,38928,267
2019,58,Females,39573,193
2019,58,Males,37714,277
2019,59,Females,38586,241
2019,59,Males,36975,305
2019,60,Females,38147,243
2019,60,Males,36169,308
2019,61,Females,37457,270
2019,61,Males,35389,358
2019,62,Females,35713,292
2019,62,Males,33914,406
2019,63,Females,34751,255
2019,63,Males,32827,382
2019,64,Females,33446,311
2019,64,Males,31359,408
2019,65,Females,32580,326
2019,65,Males,30713,446
2019,66,Females,31836,347
2019,66,Males,30055,467
2019,67,Females,30491,363
2019,67,Males,28677,486
2019,68,Females,30752,399
2019,68,Males,28518,515
2019,69,Females,30515,441
2019,69,Males,28388,579
2019,70,Females,31168,471
2019,70,Males,28899,604
2019,71,Females,31938,519
2019,71,Males,29216,688
2019,72,Females,34265,630
2019,72,Males,30922,820
2019,73,Females,25526,547
2019,73,Males,23033,669
2019,74,Females,24224,561
2019,74,Males,21112,729
2019,75,Females,24307,677
2019,75,Males,21128,799
2019,76,Females,23568,687
2019,76,Males,19426,746
2019,77,Females,21480,704
2019,77,Males,17408,815
2019,78,Females,19374,742
2019,78,Males,15205,778
2019,79,Females,19535,782
2019,79,Males,15175,875
2019,80,Females,18679,843
2019,80,Males,14237,932
2019,81,Females,17645,975
2019,81,Males,13271,913
2019,82,Females,16380,1012
2019,82,Males,11751,900
2019,83,Females,15453,995
2019,83,Males,10702,998
2019,84,Females,14129,1061
2019,84,Males,9718,941
2019,85,Females,12775,1035
2019,85,Males,8342,922
2019,86,Females,11523,1162
2019,86,Males,7371,855
2019,87,Females,10326,1117
2019,87,Males,6354,859
2019,88,Females,8999,1149
2019,88,Males,5351,837
2019,89,Females,7691,1048
2019,89,Males,4170,715
2019,90,Females,29805,6668
2019,90,Males,13459,3065
2020,0,Females,23595,67
2020,0,Males,24850,79
2020,1,Females,24711,7
2020,1,Males,26279,2
2020,2,Females,25147,4
2020,2,Males,26477,4
2020,3,Females,25699,2
2020,3,Males,27204,6
2020,4,Females,26774,1
2020,4,Males,28606,2
2020,5,Females,27249,1
2020,5,Males,28724,1
2020,6,Females,27414,1
2020,6,Males,29011,0
2020,7,Females,28275,3
2020,7,Males,29498,2
2020,8,Females,28735,5
2020,8,Males,30535,4
2020,9,Females,29162,2
2020,9,Males,30669,1
2020,10,Females,29527,1
2020,10,Males,30437,5
2020,11,Females,29280,1
2020,11,Males,30620,2
2020,12,Females,29554,2
2020,12,Males,30528,6
2020,13,Females,28305,2
2020,13,Males,29827,5
2020,14,Females,28094,2
2020,14,Males,29372,6
2020,15,Females,26911,1
2020,15,Males,28409,7
2020,16,Females,27415,6
2020,16,Males,29251,12
2020,17,Females,28382,6
2020,17,Males,29641,14
2020,18,Females,29051,3
2020,18,Males,29610,25
2020,19,Females,32092,9
2020,19,Males,31606,22
2020,20,Females,34427,7
2020,20,Males,33852,21
2020,21,Females,34485,15
2020,21,Males,33356,26
2020,22,Females,33577,17
2020,22,Males,32475,21
2020,23,Females,34568,10
2020,23,Males,33358,42
2020,24,Females,33791,13
2020,24,Males,32679,26
2020,25,Females,33447,10
2020,25,Males,32608,41
2020,26,Females,34739,12
2020,26,Males,33548,35
2020,27,Females,35308,14
2020,27,Males,33565,39
2020,28,Females,36334,15
2020,28,Males,34674,43
2020,29,Females,36772,21
2020,29,Males,35488,54
2020,30,Females,35780,21
2020,30,Males,34129,46
2020,31,Females,35799,25
2020,31,Males,34226,44
2020,32,Females,36610,34
2020,32,Males,35053,67
2020,33,Females,35323,24
2020,33,Males,33786,56
2020,34,Females,35400,32
2020,34,Males,33951,65
2020,35,Females,35887,30
2020,35,Males,33679,66
2020,36,Females,34816,39
2020,36,Males,32956,83
2020,37,Females,35362,36
2020,37,Males,33008,72
2020,38,Females,35540,40
2020,38,Males,33333,75
2020,39,Females,35776,55
2020,39,Males,34088,84
2020,40,Females,34705,53
2020,40,Males,33424,105
2020,41,Females,33712,53
2020,41,Males,32952,97
2020,42,Females,31843,45
2020,42,Males,29663,76
2020,43,Females,30901,74
2020,43,Males,29690,104
2020,44,Females,32923,51
2020,44,Males,31282,110
2020,45,Females,33338,72
2020,45,Males,31487,135
2020,46,Females,33862,99
2020,46,Males,32499,161
2020,47,Females,35777,84
2020,47,Males,33991,128
2020,48,Females,38170,90
2020,48,Males,35336,157
2020,49,Females,40095,127
2020,49,Males,37193,187
2020,50,Females,39743,133
2020,50,Males,37146,194
2020,51,Females,40964,126
2020,51,Males,38693,215
2020,52,Females,41780,137
2020,52,Males,39173,240
2020,53,Females,41489,134
2020,53,Males,39761,240
2020,54,Females,41626,157
2020,54,Males,39135,255
2020,55,Females,42785,182
2020,55,Males,40571,287
2020,56,Females,42752,174
2020,56,Males,39959,283
2020,57,Females,42102,195
2020,57,Males,39624,300
2020,58,Females,40441,221
2020,58,Males,38737,332
2020,59,Females,39406,228
2020,59,Males,37447,354
2020,60,Females,38444,255
2020,60,Males,36736,365
2020,61,Females,37978,251
2020,61,Males,35929,405
2020,62,Females,37311,302
2020,62,Males,35118,417
2020,63,Females,35461,298
2020,63,Males,33597,483
2020,64,Females,34520,308
2020,64,Males,32518,408
2020,65,Females,33228,342
2020,65,Males,31028,494
2020,66,Females,32315,361
2020,66,Males,30285,529
2020,67,Females,31529,385
2020,67,Males,29666,526
2020,68,Females,30154,388
2020,68,Males,28196,578
2020,69,Females,30367,473
2020,69,Males,27987,599
2020,70,Females,30074,496
2020,70,Males,27796,701
2020,71,Females,30729,520
2020,71,Males,28278,752
2020,72,Females,31374,613
2020,72,Males,28507,795
2020,73,Females,33603,734
2020,73,Males,30024,902
2020,74,Females,24927,654
2020,74,Males,22283,834
2020,75,Females,23601,690
2020,75,Males,20264,878
2020,76,Females,23614,693
2020,76,Males,20244,965
2020,77,Females,22802,789
2020,77,Males,18593,928
2020,78,Females,20683,831
2020,78,Males,16510,970
2020,79,Females,18538,856
2020,79,Males,14243,961
2020,80,Females,18627,946
2020,80,Males,14133,1050
2020,81,Females,17679,1043
2020,81,Males,13212,1035
2020,82,Females,16585,1056
2020,82,Males,12220,1061
2020,83,Females,15201,1134
2020,83,Males,10749,997
2020,84,Females,14290,1170
2020,84,Males,9682,1019
2020,85,Females,12971,1158
2020,85,Males,8716,1031
2020,86,Females,11616,1241
2020,86,Males,7358,978
2020,87,Females,10287,1245
2020,87,Males,6386,994
2020,88,Females,9053,1235
2020,88,Males,5432,884
2020,89,Females,7775,1181
2020,89,Males,4503,836
2020,90,Females,29417,7284
2020,90,Males,13698,3584
2021,0,Females,22774,96
2021,0,Males,23926,90
2021,1,Females,23700,6
2021,1,Males,24917,10
2021,2,Females,24884,2
2021,2,Males,26410,4
2021,3,Females,25048,1
2021,3,Males,26394,2
2021,4,Females,25729,2
2021,4,Males,27176,1
2021,5,Females,26808,1
2021,5,Males,28616,3
2021,6,Females,27310,1
2021,6,Males,28797,3
2021,7,Females,27494,1
2021,7,Males,29099,4
2021,8,Females,28384,2
2021,8,Males,29592,2
2021,9,Females,28817,0
2021,9,Males,30659,1
2021,10,Females,29322,1
2021,10,Males,30788,0
2021,11,Females,29645,1
2021,11,Males,30588,3
2021,12,Females,29387,3
2021,12,Males,30711,5
2021,13,Females,29694,3
2021,13,Males,30682,5
2021,14,Females,28413,3
2021,14,Males,29977,2
2021,15,Females,28256,5
2021,15,Males,29560,5
2021,16,Females,26996,6
2021,16,Males,28489,12
2021,17,Females,27700,6
2021,17,Males,29507,14
2021,18,Females,29748,4
2021,18,Males,30684,14
2021,19,Females,31446,7
2021,19,Males,31257,19
2021,20,Females,33096,12
2021,20,Males,32533,24
2021,21,Females,34637,9
2021,21,Males,34193,19
2021,22,Females,34406,9
2021,22,Males,33115,20
2021,23,Females,33718,12
2021,23,Males,32373,26
2021,24,Females,34123,11
2021,24,Males,32895,33
2021,25,Females,33378,16
2021,25,Males,32189,32
2021,26,Females,33201,11
2021,26,Males,32224,34
2021,27,Females,34632,20
2021,27,Males,33177,36
2021,28,Females,35084,21
2021,28,Males,33128,37
2021,29,Females,36257,18
2021,29,Males,34198,41
2021,30,Females,36798,22
2021,30,Males,35337,51
2021,31,Females,35950,14
2021,31,Males,34002,42
2021,32,Females,35899,18
2021,32,Males,34145,55
2021,33,Females,36754,21
2021,33,Males,34993,57
2021,34,Females,35409,39
2021,34,Males,33707,68
2021,35,Females,35580,36
2021,35,Males,34002,55
2021,36,Females,36043,37
2021,36,Males,33831,74
2021,37,Females,34917,37
2021,37,Males,33022,64
2021,38,Females,35446,57
2021,38,Males,33100,85
2021,39,Females,35565,56
2021,39,Males,33388,90
2021,40,Females,35855,57
2021,40,Males,34106,85
2021,41,Females,34770,65
2021,41,Males,33301,92
2021,42,Females,33851,59
2021,42,Males,33007,114
2021,43,Females,31892,58
2021,43,Males,29625,95
2021,44,Females,30968,77
2021,44,Males,29599,109
2021,45,Females,32981,65
2021,45,Males,31263,111
2021,46,Females,33394,80
2021,46,Males,31444,119
2021,47,Females,33913,103
2021,47,Males,32510,149
2021,48,Females,35726,95
2021,48,Males,33904,161
2021,49,Females,38219,107
2021,49,Males,35281,178
2021,50,Females,40089,135
2021,50,Males,37108,200
2021,51,Females,39743,133
2021,51,Males,37179,192
2021,52,Females,40946,164
2021,52,Males,38617,251
2021,53,Females,41767,175
2021,53,Males,39117,248
2021,54,Females,41447,175
2021,54,Males,39700,292
2021,55,Females,41626,204
2021,55,Males,38987,266
2021,56,Females,42780,206
2021,56,Males,40483,298
2021,57,Females,42729,231
2021,57,Males,39870,349
2021,58,Females,42046,241
2021,58,Males,39498,315
2021,59,Females,40355,251
2021,59,Males,38480,375
2021,60,Females,39239,267
2021,60,Males,37202,391
2021,61,Females,38310,288
2021,61,Males,36478,419
2021,62,Females,37814,315
2021,62,Males,35736,416
2021,63,Females,37130,360
2021,63,Males,34808,460
2021,64,Females,35243,311
2021,64,Males,33278,469
2021,65,Females,34312,351
2021,65,Males,32213,498
2021,66,Females,33002,363
2021,66,Males,30697,498
2021,67,Females,32036,416
2021,67,Males,29919,592
2021,68,Females,31201,443
2021,68,Males,29228,617
2021,69,Females,29799,435
2021,69,Males,27709,600
2021,70,Females,29962,521
2021,70,Males,27422,618
2021,71,Females,29628,544
2021,71,Males,27117,776
2021,72,Females,30269,605
2021,72,Males,27551,807
2021,73,Females,30789,650
2021,73,Males,27737,889
2021,74,Females,32845,766
2021,74,Males,29090,926
2021,75,Females,24300,712
2021,75,Males,21526,895
2021,76,Females,22962,719
2021,76,Males,19373,882
2021,77,Females,22884,772
2021,77,Males,19339,898
2021,78,Females,22004,898
2021,78,Males,17699,978
2021,79,Females,19911,828
2021,79,Males,15672,941
2021,80,Females,17689,921
2021,80,Males,13374,940
2021,81,Females,17693,993
2021,81,Males,13140,988
2021,82,Females,16636,1089
2021,82,Males,12261,1068
2021,83,Females,15509,1092
2021,83,Males,11210,1043
2021,84,Females,14160,1110
2021,84,Males,9828,1018
2021,85,Females,13167,1131
2021,85,Males,8662,985
2021,86,Females,11879,1191
2021,86,Males,7746,996
2021,87,Females,10476,1207
2021,87,Males,6501,933
2021,88,Females,9182,1141
2021,88,Males,5520,841
2021,89,Females,7899,1147
2021,89,Males,4619,771
2021,90,Females,29866,6895
2021,90,Males,14444,3504
2022,0,Females,22796,75
2022,0,Males,24395,90
2022,1,Females,23229,3
2022,1,Males,24400,9
2022,2,Females,23962,2
2022,2,Males,25207,5
2022,3,Females,25251,1
2022,3,Males,26797,0
2022,4,Females,25175,5
2022,4,Males,26514,3
2022,5,Females,25949,1
2022,5,Males,27377,0
2022,6,Females,27117,1
2022,6,Males,28916,3
2022,7,Females,27582,1
2022,7,Males,29081,2
2022,8,Females,27869,1
2022,8,Males,29415,0
2022,9,Females,28681,1
2022,9,Males,29908,1
2022,10,Females,29148,1
2022,10,Males,30954,3
2022,11,Females,29581,1
2022,11,Males,31145,4
2022,12,Females,29980,1
2022,12,Males,30874,5
2022,13,Females,29628,4
2022,13,Males,30975,4
2022,14,Females,29949,6
2022,14,Males,31012,1
2022,15,Females,28638,5
2022,15,Males,30325,4
2022,16,Females,28468,1
2022,16,Males,29950,12
2022,17,Females,27190,4
2022,17,Males,28820,10
2022,18,Females,28853,5
2022,18,Males,30477,11
2022,19,Females,32798,7
2022,19,Males,33071,11
2022,20,Females,33266,9
2022,20,Males,32830,18
2022,21,Females,34051,13
2022,21,Males,33594,29
2022,22,Females,35726,7
2022,22,Males,35315,18
2022,23,Females,35210,8
2022,23,Males,34104,26
2022,24,Females,34064,8
2022,24,Males,32977,30
2022,25,Females,34278,11
2022,25,Males,33546,23
2022,26,Females,33721,17
2022,26,Males,32719,26
2022,27,Females,33436,12
2022,27,Males,32601,31
2022,28,Females,34882,16
2022,28,Males,33496,34
2022,29,Females,35374,18
2022,29,Males,33290,27
2022,30,Females,36633,15
2022,30,Males,34431,29
2022,31,Females,37154,20
2022,31,Males,35608,33
2022,32,Females,36278,31
2022,32,Males,34260,39
2022,33,Females,36274,20
2022,33,Males,34475,54
2022,34,Females,37193,30
2022,34,Males,35357,41
2022,35,Females,35763,26
2022,35,Males,34037,45
2022,36,Females,35966,32
2022,36,Males,34252,70
2022,37,Females,36409,37
2022,37,Males,34165,62
2022,38,Females,35287,44
2022,38,Males,33444,72
2022,39,Females,35764,45
2022,39,Males,33435,84
2022,40,Females,35726,54
2022,40,Males,33510,91
2022,41,Females,36029,64
2022,41,Males,34209,101
2022,42,Females,34906,55
2022,42,Males,33423,95
2022,43,Females,33976,68
2022,43,Males,33148,105
2022,44,Females,31982,66
2022,44,Males,29659,82
2022,45,Females,31146,76
2022,45,Males,29661,118
2022,46,Females,33080,75
2022,46,Males,31288,126
2022,47,Females,33454,101
2022,47,Males,31563,97
2022,48,Females,34019,100
2022,48,Males,32573,141
2022,49,Females,35829,86
2022,49,Males,33883,159
2022,50,Females,38295,116
2022,50,Males,35290,178
2022,51,Females,40120,124
2022,51,Males,37101,200
2022,52,Females,39782,155
2022,52,Males,37204,227
2022,53,Females,40991,124
2022,53,Males,38631,202
2022,54,Females,41757,180
2022,54,Males,39075,235
2022,55,Females,41431,192
2022,55,Males,39592,271
2022,56,Females,41579,201
2022,56,Males,38935,284
2022,57,Females,42756,210
2022,57,Males,40399,327
2022,58,Females,42694,234
2022,58,Males,39808,297
2022,59,Females,41972,248
2022,59,Males,39324,376
2022,60,Females,40220,258
2022,60,Males,38253,351
2022,61,Females,39133,259
2022,61,Males,36938,383
2022,62,Females,38173,300
2022,62,Males,36241,399
2022,63,Females,37637,303
2022,63,Males,35555,463
2022,64,Females,36946,343
2022,64,Males,34580,475
2022,65,Females,34998,387
2022,65,Males,32920,460
2022,66,Females,34027,385
2022,66,Males,31819,498
2022,67,Females,32713,416
2022,67,Males,30322,565
2022,68,Females,31642,460
2022,68,Males,29452,591
2022,69,Females,30857,466
2022,69,Males,28720,580
2022,70,Females,29411,484
2022,70,Males,27176,668
2022,71,Females,29502,489
2022,71,Males,26859,696
2022,72,Females,29130,565
2022,72,Males,26365,713
2022,73,Females,29717,641
2022,73,Males,26800,811
2022,74,Females,30161,738
2022,74,Males,26902,938
2022,75,Females,31983,852
2022,75,Males,28081,1044
2022,76,Females,23626,723
2022,76,Males,20691,899
2022,77,Females,22244,739
2022,77,Males,18558,867
2022,78,Females,22065,871
2022,78,Males,18410,940
2022,79,Females,21090,907
2022,79,Males,16733,991
2022,80,Females,19019,888
2022,80,Males,14725,960
2022,81,Females,16760,934
2022,81,Males,12399,967
2022,82,Females,16693,1005
2022,82,Males,12132,1006
2022,83,Females,15597,1036
2022,83,Males,11144,1042
2022,84,Females,14397,1081
2022,84,Males,10167,1037
2022,85,Females,12967,1207
2022,85,Males,8764,1006
2022,86,Females,11944,1166
2022,86,Males,7705,957
2022,87,Females,10633,1244
2022,87,Males,6788,939
2022,88,Females,9279,1126
2022,88,Males,5592,941
2022,89,Females,8051,1160
2022,89,Males,4708,803
2022,90,Females,29930,7151
2022,90,Males,15034,3612
2023,0,Females,22623,69
2023,0,Males,23824,115
2023,1,Females,23584,8
2023,1,Males,25081,9
2023,2,Females,23942,4
2023,2,Males,25176,0
2023,3,Females,24700,6
2023,3,Males,25885,1
2023,4,Females,25981,4
2023,4,Males,27568,1
2023,5,Females,25863,2
2023,5,Males,27324,3
2023,6,Females,26598,1
2023,6,Males,28177,2
2023,7,Females,27824,1
2023,7,Males,29591,2
2023,8,Females,28239,1
2023,8,Males,29779,3
2023,9,Females,28477,2
2023,9,Males,30080,2
2023,10,Females,29267,3
2023,10,Males,30496,3
2023,11,Females,29695,1
2023,11,Males,31522,6
2023,12,Females,30039,3
2023,12,Males,31662,4
2023,13,Females,30430,0
2023,13,Males,31341,4
2023,14,Females,29991,3
2023,14,Males,31473,5
2023,15,Females,30336,3
2023,15,Males,31411,10
2023,16,Females,29017,2
2023,16,Males,30701,7
2023,17,Females,28859,4
2023,17,Males,30357,14
2023,18,Females,27996,6
2023,18,Males,29379,17
2023,19,Females,31137,3
2023,19,Males,31832,19
2023,20,Females,33840,10
2023,20,Males,33727,21
2023,21,Females,34055,10
2023,21,Males,33149,20
2023,22,Females,35484,7
2023,22,Males,34345,26
2023,23,Females,37761,11
2023,23,Males,36327,31
2023,24,Females,36357,15
2023,24,Males,35051,25
2023,25,Females,35106,7
2023,25,Males,34121,14
2023,26,Females,35459,11
2023,26,Males,34542,34
2023,27,Females,35042,11
2023,27,Males,33607,34
2023,28,Females,34592,19
2023,28,Males,33702,25
2023,29,Females,35886,10
2023,29,Males,34365,40
2023,30,Females,36507,16
2023,30,Males,34171,39
2023,31,Females,37654,21
2023,31,Males,35349,38
2023,32,Females,38134,22
2023,32,Males,36426,50
2023,33,Females,37211,33
2023,33,Males,35288,45
2023,34,Females,37170,28
2023,34,Males,35363,54
2023,35,Females,37953,27
2023,35,Males,36063,63
2023,36,Females,36473,41
2023,36,Males,34774,74
2023,37,Females,36754,43
2023,37,Males,34983,76
2023,38,Females,37094,36
2023,38,Males,34726,75
2023,39,Females,35873,52
2023,39,Males,34032,80
2023,40,Females,36397,58
2023,40,Males,33927,90
2023,41,Females,36218,53
2023,41,Males,34038,84
2023,42,Females,36438,56
2023,42,Males,34496,122
2023,43,Females,35239,76
2023,43,Males,33816,115
2023,44,Females,34308,59
2023,44,Males,33495,99
2023,45,Females,32253,69
2023,45,Males,29913,102
2023,46,Females,31364,68
2023,46,Males,29843,118
2023,47,Females,33245,77
2023,47,Males,31442,111
2023,48,Females,33593,83
2023,48,Males,31714,155
2023,49,Females,34095,91
2023,49,Males,32614,175
2023,50,Females,35955,116
2023,50,Males,33949,173
2023,51,Females,38355,128
2023,51,Males,35304,192
2023,52,Females,40145,149
2023,52,Males,37072,200
2023,53,Females,39862,164
2023,53,Males,37137,217
2023,54,Females,41007,156
2023,54,Males,38491,255
2023,55,Females,41726,181
2023,55,Males,39003,267
2023,56,Females,41373,220
2023,56,Males,39473,269
2023,57,Females,41500,220
2023,57,Males,38809,290
2023,58,Females,42705,233
2023,58,Males,40199,334
2023,59,Females,42542,271
2023,59,Males,39600,318
2023,60,Females,41856,281
2023,60,Males,39126,344
2023,61,Females,40038,297
2023,61,Males,37985,437
2023,62,Females,38947,296
2023,62,Males,36621,409
2023,63,Females,37972,313
2023,63,Males,35953,413
2023,64,Females,37389,338
2023,64,Males,35140,496
2023,65,Females,36668,353
2023,65,Males,34181,467
2023,66,Females,34706,374
2023,66,Males,32498,540
2023,67,Females,33710,403
2023,67,Males,31335,579
2023,68,Females,32386,415
2023,68,Males,29807,549
2023,69,Females,31223,468
2023,69,Males,28889,588
2023,70,Females,30464,461
2023,70,Males,28104,680
2023,71,Females,28976,504
2023,71,Males,26504,682
2023,72,Females,28995,588
2023,72,Males,26247,699
2023,73,Females,28506,645
2023,73,Males,25636,784
2023,74,Females,29038,717
2023,74,Males,25966,876
2023,75,Females,29375,781
2023,75,Males,25950,976
2023,76,Females,31126,843
2023,76,Males,26955,1105
2023,77,Females,22882,736
2023,77,Males,19807,910
2023,78,Females,21489,826
2023,78,Males,17659,968
2023,79,Females,21170,910
2023,79,Males,17407,947
2023,80,Females,20180,933
2023,80,Males,15697,1031
2023,81,Females,18038,949
2023,81,Males,13714,1005
2023,82,Females,15774,1013
2023,82,Males,11439,927
2023,83,Females,15626,1122
2023,83,Males,11050,1026
2023,84,Females,14473,1176
2023,84,Males,10069,1066
2023,85,Females,13257,1156
2023,85,Males,9119,1037
2023,86,Females,11706,1208
2023,86,Males,7744,964
2023,87,Females,10755,1161
2023,87,Males,6712,918
2023,88,Females,9406,1127
2023,88,Males,5757,911
2023,89,Females,8167,1118
2023,89,Males,4659,830
2023,90,Females,30009,7163
2023,90,Males,15535,3745
2024,0,Females,22898,67
2024,0,Males,23878,92
2024,1,Females,23245,4
2024,1,Males,24459,6
2024,2,Females,24124,7
2024,2,Males,25678,5
2024,3,Females,24512,2
2024,3,Males,25772,3
2024,4,Females,25188,1
2024,4,Males,26485,3
2024,5,Females,26436,2
2024,5,Males,28064,1
2024,6,Females,26350,3
2024,6,Males,27855,2
2024,7,Females,27088,1
2024,7,Males,28689,4
2024,8,Females,28283,1
2024,8,Males,30096,1
2024,9,Females,28636,1
2024,9,Males,30253,3
2024,10,Females,28882,3
2024,10,Males,30507,2
2024,11,Females,29623,2
2024,11,Males,30915,5
2024,12,Females,30050,4
2024,12,Males,31918,2
2024,13,Females,30371,2
2024,13,Males,32025,2
2024,14,Females,30737,3
2024,14,Males,31735,4
2024,15,Females,30304,3
2024,15,Males,31777,4
2024,16,Females,30641,1
2024,16,Males,31797,10
2024,17,Females,29278,2
2024,17,Males,31064,10
2024,18,Females,29631,9
2024,18,Males,30802,18
2024,19,Females,30122,8
2024,19,Males,30756,13
2024,20,Females,32110,9
2024,20,Males,32597,17
2024,21,Females,34311,5
2024,21,Males,34062,18
2024,22,Females,34641,12
2024,22,Males,33645,13
2024,23,Females,36752,12
2024,23,Males,35026,20
2024,24,Females,38410,7
2024,24,Males,36957,27
2024,25,Females,36975,12
2024,25,Males,35833,24
2024,26,Females,35917,8
2024,26,Males,34837,27
2024,27,Females,36370,14
2024,27,Males,35162,21
2024,28,Females,35865,13
2024,28,Males,34423,28
2024,29,Females,35389,12
2024,29,Males,34272,37
2024,30,Females,36634,22
2024,30,Males,35046,48
2024,31,Females,37204,19
2024,31,Males,34904,39
2024,32,Females,38326,20
2024,32,Males,35882,58
2024,33,Females,38657,32
2024,33,Males,37102,51
2024,34,Females,37813,28
2024,34,Males,35898,58
2024,35,Females,37687,32
2024,35,Males,35904,53
2024,36,Females,38394,46
2024,36,Males,36572,62
2024,37,Females,36902,46
2024,37,Males,35301,64
2024,38,Females,37185,32
2024,38,Males,35379,52
2024,39,Females,37462,52
2024,39,Males,35228,67
2024,40,Females,36258,57
2024,40,Males,34437,79
2024,41,Females,36721,55
2024,41,Males,34332,72
2024,42,Females,36443,66
2024,42,Males,34307,91
2024,43,Females,36630,67
2024,43,Males,34757,96
2024,44,Females,35409,58
2024,44,Males,34061,116
2024,45,Females,34413,65
2024,45,Males,33669,106
2024,46,Females,32385,64
2024,46,Males,30063,94
2024,47,Females,31494,63
2024,47,Males,29954,128
2024,48,Females,33292,82
2024,48,Males,31457,132
2024,49,Females,33590,99
2024,49,Males,31696,153
2024,50,Females,34102,124
2024,50,Males,32580,168
2024,51,Females,35966,142
2024,51,Males,33899,213
2024,52,Females,38314,121
2024,52,Males,35211,192
2024,53,Females,40130,140
2024,53,Males,36998,219
2024,54,Females,39796,172
2024,54,Males,36949,253
2024,55,Females,40930,175
2024,55,Males,38395,251
2024,56,Females,41634,213
2024,56,Males,38834,311
2024,57,Females,41264,210
2024,57,Males,39330,308
2024,58,Females,41334,220
2024,58,Males,38570,322
2024,59,Females,42531,245
2024,59,Males,39948,354
2024,60,Females,42388,263
2024,60,Males,39401,374
2024,61,Females,41688,288
2024,61,Males,38791,382
2024,62,Females,39842,279
2024,62,Males,37660,429
2024,63,Females,38698,336
2024,63,Males,36276,420
2024,64,Females,37703,331
2024,64,Males,35536,500
2024,65,Females,37125,362
2024,65,Males,34713,480
2024,66,Females,36326,388
2024,66,Males,33725,548
2024,67,Females,34416,388
2024,67,Males,31979,570
2024,68,Females,33345,479
2024,68,Males,30852,525
2024,69,Females,31968,461
2024,69,Males,29295,580
2024,70,Females,30792,504
2024,70,Males,28321,617
2024,71,Females,29986,487
2024,71,Males,27480,668
2024,72,Females,28523,532
2024,72,Males,25866,720
2024,73,Females,28464,578
2024,73,Males,25522,699
2024,74,Females,27884,625
2024,74,Males,24840,838
2024,75,Females,28379,707
2024,75,Males,25068,929
2024,76,Females,28653,811
2024,76,Males,24998,937
2024,77,Females,30254,900
2024,77,Males,25816,1118
2024,78,Females,22136,808
2024,78,Males,18920,998
2024,79,Females,20623,864
2024,79,Males,16727,940
2024,80,Females,20299,909
2024,80,Males,16437,1041
2024,81,Females,19236,970
2024,81,Males,14689,1023
2024,82,Females,17026,1035
2024,82,Males,12727,973
2024,83,Females,14782,1022
2024,83,Males,10541,940
2024,84,Females,14564,1111
2024,84,Males,10034,1013
2024,85,Females,13343,1129
2024,85,Males,9058,1034
2024,86,Females,12126,1152
2024,86,Males,8112,997
2024,87,Females,10573,1115
2024,87,Males,6829,955
2024,88,Females,9563,1211
2024,88,Males,5801,903
2024,89,Females,8230,1086
2024,89,Males,4934,785
2024,90,Females,30766,6905
2024,90,Males,16210,3690
